Time Stamp,available_memory_MB,app_pss_MB,battery_level_percentage,battery_temperature_celcius,battery_current_now_milliamps,power_count_neg,power_count_pos,power_current,power_current_neg,power_current_pos,power_level_state,power_voltage,power_wattage,power_wattage_neg,power_wattage_pos,iad_millimeter,shader_hitches,cpu_level,gpu_level,cpu_frequency_MHz,gpu_frequency_MHz,mem_frequency_MHz,minimum_vsyncs,extra_latency_mode,phase_sync_mode,average_frame_rate,display_refresh_rate,average_prediction_microseconds,icfl_mean_microseconds,icfl_stdev_microseconds,slice_headroom_mean_microseconds,slice_headroom_stdev_microseconds,slice_gpu_start_delay_min_microseconds,slice_gpu_start_delay_max_microseconds,screen_tear_count,early_frame_count,stale_frame_count,direct_render_frame_count,total_layer_count,merged_layer_count,maximum_rotational_speed_degrees_per_second,eye_texture_scale_factor,foveation_mode,foveation_level,dynamic_foveation_enabled,eye_tracked_foveation_latency_milliseconds,symmetric_fov,eye_buffer_width,eye_buffer_height,swap_chain_width,swap_chain_height,front_buffer_width,front_buffer_height,app_gpu_time_microseconds,timewarp_gpu_time_microseconds,guardian_gpu_time_microseconds,local_dimming_enabled,cabc_enabled,temporal_dimming_enabled,temporal_dimming_gain,cpu_utilization_percentage,cpu_utilization_percentage_core0,cpu_utilization_percentage_core1,cpu_utilization_percentage_core2,cpu_utilization_percentage_core3,cpu_utilization_percentage_core4,cpu_utilization_percentage_core5,cpu_utilization_percentage_core6,cpu_utilization_percentage_core7,gpu_utilization_percentage,spacewarp_motion_vector_type,spacewarped_frames_per_second,extrapolation_factor_mean,extrapolation_factor_rms,data_extrapolation_factor_mean,data_extrapolation_factor_rms,app_vss_MB,app_rss_MB,app_uss_MB,app_dalvik_pss_MB,app_private_dirty_MB,app_private_clean_MB,app_gpu_physical_MB,app_gpu_virtual_MB,app_gpu_allocated_percentage,stale_frames_consecutive,max_repeated_frames,skipped_frames,face_tracking_overall_latency_milliseconds,face_tracking_processing_latency_milliseconds,face_tracking_frame_to_frame_latency_milliseconds,face_tracking_frames_dropped,face_tracking_frames_per_second,eye_tracking_overall_latency_milliseconds,eye_tracking_processing_latency_milliseconds,eye_tracking_frame_to_frame_latency_milliseconds,eye_tracking_frames_dropped,eye_tracking_frames_per_second,hand_tracking_overall_latency_milliseconds,hand_tracking_processing_latency_milliseconds,hand_tracking_frame_to_frame_latency_milliseconds,hand_tracking_frames_dropped,hand_tracking_frames_per_second,dynres_recommendation_percentage,dynres_recommendation_width,dynres_recommendation_height,app_frame_throttle,avg_vertices_per_frame,avg_fill_percentage,avg_inst_per_frag,avg_inst_per_vert,avg_frag_inst_per_pixel,avg_vert_inst_per_pixel,avg_textures_per_frag,percent_time_shading_frags,percent_time_shading_verts,percent_time_compute,percent_vertex_fetch_stall,percent_texture_fetch_stall,percent_texture_l1_miss,percent_texture_l2_miss,percent_texture_nearest_filtered,percent_texture_linear_filtered,percent_texture_anisotropic_filtered,vrshell_average_frame_rate,vrshell_gpu_time_microseconds,vrshell_and_guardian_gpu_time_microseconds,render_scale
1000,3460,449,97,38,9999,0,0,733,0,0,0,4237,3105,0,0,63,0,2,2,1382,456,2000,1,0,4,72,72,41039,16707,503,2059,345,66,603,0,0,0,0,4,3,0,10,0,0,0,0,0,1680,1760,1680,1760,4128,2208,4680,2552,349,0,0,0,100,38,64,63,68,38,35,32,0,0,61,0,0,0,0,0,0,12596,629,432,0,354,78,117,117,100,0,0,0,0,0,0,0,0,0,0,0,0,0,0,0,0,0,0,0,0,0,100,0,0,0,0,0,0,0,0,0,0,0,0,0,0,0,0,0,0,0,349,100
2000,3460,449,97,38,9999,0,0,849,0,0,0,4237,3597,0,0,63,0,2,2,1382,456,2000,1,0,4,72,72,39674,16692,973,2061,943,66,213,0,0,0,0,3,2,0,10,0,0,0,0,0,1680,1760,1680,1760,4128,2208,4694,2070,0,0,0,0,100,34,63,64,64,34,31,31,0,0,55,0,0,0,0,0,0,12596,629,432,0,354,78,117,117,100,0,0,0,0,0,0,0,0,0,0,0,0,0,0,0,0,0,0,0,0,0,100,0,0,0,0,0,0,0,0,0,0,0,0,0,0,0,0,0,0,0,0,100
3000,3460,449,97,38,9999,0,0,763,0,0,0,4237,3232,0,0,63,0,2,2,1382,456,2000,1,0,4,73,72,40319,17079,492,2458,510,66,223,0,0,0,0,3,2,0,10,0,0,0,0,0,1680,1760,1680,1760,4128,2208,4783,2073,0,0,0,0,100,49,56,55,58,49,38,40,0,0,52,0,0,0,0,0,0,12596,629,432,0,354,78,117,117,100,0,0,0,0,0,0,0,0,0,0,0,0,0,0,0,0,0,0,0,0,0,100,0,0,0,0,0,0,0,0,0,0,0,0,0,0,0,0,0,0,0,0,100
4000,3460,449,97,38,9999,0,0,532,0,0,0,4237,2254,0,0,63,0,2,2,1382,456,2000,1,0,4,72,72,39632,16188,371,1623,318,66,538,0,0,0,0,3,2,0,10,0,0,0,0,0,1680,1760,1680,1760,4128,2208,4554,2061,0,0,0,0,100,36,57,62,66,36,36,34,0,0,50,0,0,0,0,0,0,12596,629,432,0,354,78,117,117,100,0,0,0,0,0,0,0,0,0,0,0,0,0,0,0,0,0,0,0,0,0,100,0,0,0,0,0,0,0,0,0,0,0,0,0,0,0,0,0,0,0,0,100
5000,3460,449,97,38,9999,0,0,949,0,0,0,4237,4020,0,0,63,0,2,2,1382,456,2000,1,0,4,72,72,38805,15591,284,1129,200,66,502,0,0,0,0,3,2,0,10,0,0,0,0,0,1680,1760,1680,1760,4128,2208,4565,2093,0,0,0,0,100,39,51,47,53,39,35,36,0,0,50,0,0,0,0,0,0,12596,629,432,0,354,78,117,117,100,0,0,0,0,0,0,0,0,0,0,0,0,0,0,0,0,0,0,0,0,0,100,0,0,0,0,0,0,0,0,0,0,0,0,0,0,0,0,0,0,0,0,100
6000,3460,449,97,38,9999,0,0,1027,0,0,0,4237,4351,0,0,63,0,2,2,1382,456,2000,1,0,4,72,72,38376,15321,308,863,170,66,421,0,0,0,0,3,2,0,10,0,0,0,0,0,1680,1760,1680,1760,4128,2208,4645,2088,0,0,0,0,100,48,51,56,59,48,39,34,0,0,49,0,0,0,0,0,0,12596,629,432,0,354,78,117,117,100,0,0,0,0,0,0,0,0,0,0,0,0,0,0,0,0,0,0,0,0,0,100,0,0,0,0,0,0,0,0,0,0,0,0,0,0,0,0,0,0,0,0,100
7000,3460,449,97,38,9999,0,0,551,0,0,0,4237,2334,0,0,63,0,2,2,1382,456,2000,1,0,4,72,72,38170,15172,293,743,171,67,288,0,0,0,0,3,2,0,10,0,0,0,0,0,1680,1760,1680,1760,4128,2208,4558,2082,0,0,0,0,100,54,62,60,65,54,47,49,0,0,49,0,0,0,0,0,0,12596,629,432,0,354,78,117,117,100,0,0,0,0,0,0,0,0,0,0,0,0,0,0,0,0,0,0,0,0,0,100,0,0,0,0,0,0,0,0,0,0,0,0,0,0,0,0,0,0,0,0,100
8000,3460,449,97,38,9999,0,0,851,0,0,0,4290,3650,0,0,63,0,2,2,1382,456,2000,1,0,4,72,72,38086,15156,331,768,116,66,271,0,0,0,0,3,2,0,10,0,0,0,0,0,1680,1760,1680,1760,4128,2208,4539,2087,0,0,0,0,100,41,53,55,57,41,37,35,0,0,49,0,0,0,0,0,0,12596,629,432,0,354,78,117,117,100,0,0,0,0,0,0,0,0,0,0,0,0,0,0,0,0,0,0,0,0,0,100,0,0,0,0,0,0,0,0,0,0,0,0,0,0,0,0,0,0,0,0,100
9000,3460,449,97,38,9999,0,0,1096,0,0,0,4290,4701,0,0,63,0,2,2,1382,456,2000,1,0,4,72,72,37947,15073,358,686,117,65,386,0,0,0,0,3,2,0,10,0,0,0,0,0,1680,1760,1680,1760,4128,2208,4636,2081,0,0,0,0,100,44,52,54,54,44,35,32,0,0,49,0,0,0,0,0,0,12596,629,432,0,354,78,117,117,100,0,0,0,0,0,0,0,0,0,0,0,0,0,0,0,0,0,0,0,0,0,100,0,0,0,0,0,0,0,0,0,0,0,0,0,0,0,0,0,0,0,0,100
10001,3460,449,97,38,9999,0,0,619,0,0,0,4290,2655,0,0,63,0,2,2,1382,456,2000,1,0,4,73,72,37921,14986,332,664,128,67,207,0,0,0,0,3,2,0,10,0,0,0,0,0,1680,1760,1680,1760,4128,2208,4619,2088,0,0,0,0,100,39,52,55,56,39,37,34,0,0,49,0,0,0,0,0,0,12596,629,432,0,354,78,117,117,100,0,0,0,0,0,0,0,0,0,0,0,0,0,0,0,0,0,0,0,0,0,100,0,0,0,0,0,0,0,0,0,0,0,0,0,0,0,0,0,0,0,0,100
11001,3460,449,97,38,9999,0,0,885,0,0,0,4290,3796,0,0,63,0,2,2,1382,456,2000,1,0,4,72,72,37742,15100,377,681,192,66,523,0,0,0,0,3,2,0,10,0,0,0,0,0,1680,1760,1680,1760,4128,2208,4673,2094,0,0,0,0,100,39,53,54,56,39,39,38,0,0,50,0,0,0,0,0,0,12596,629,432,0,354,78,117,117,100,0,0,0,0,0,0,0,0,0,0,0,0,0,0,0,0,0,0,0,0,0,100,0,0,0,0,0,0,0,0,0,0,0,0,0,0,0,0,0,0,0,0,100
12001,3460,449,97,38,9999,0,0,954,0,0,0,4290,4092,0,0,63,0,2,2,1382,456,2000,1,0,4,73,72,38172,15319,331,981,186,67,214,0,0,0,0,3,2,0,10,0,0,0,0,0,1680,1760,1680,1760,4128,2208,4646,2088,0,0,0,0,100,44,56,55,60,44,35,33,0,0,50,0,0,0,0,0,0,12596,629,432,0,354,78,117,117,100,0,0,0,0,0,0,0,0,0,0,0,0,0,0,0,0,0,0,0,0,0,100,0,0,0,0,0,0,0,0,0,0,0,0,0,0,0,0,0,0,0,0,100
13001,3460,449,97,38,9999,0,0,796,0,0,0,4290,3414,0,0,63,0,2,2,1382,456,2000,1,0,4,72,72,38157,15182,328,852,201,66,612,0,0,0,0,3,2,0,10,0,0,0,0,0,1680,1760,1680,1760,4128,2208,4494,2091,0,0,0,0,100,39,55,53,55,39,37,36,0,0,50,0,0,0,0,0,0,12596,629,432,0,354,78,117,117,100,0,0,0,0,0,0,0,0,0,0,0,0,0,0,0,0,0,0,0,0,0,100,0,0,0,0,0,0,0,0,0,0,0,0,0,0,0,0,0,0,0,0,100
14001,3460,449,97,38,9999,0,0,811,0,0,0,4290,3479,0,0,63,0,2,2,1382,456,2000,1,0,4,72,72,37865,15200,304,926,251,66,556,0,0,0,0,3,2,0,10,0,0,0,0,0,1680,1760,1680,1760,4128,2208,4481,2068,0,0,0,0,100,40,54,57,58,37,40,37,0,0,49,0,0,0,0,0,0,12596,629,432,0,354,78,117,117,100,0,0,0,0,0,0,0,0,0,0,0,0,0,0,0,0,0,0,0,0,0,100,0,0,0,0,0,0,0,0,0,0,0,0,0,0,0,0,0,0,0,0,100
15001,3460,449,97,38,9999,0,0,1019,0,0,0,4290,4371,0,0,63,0,2,2,1382,456,2000,1,0,4,73,72,37964,15249,340,836,130,66,278,0,0,0,0,3,2,0,10,0,0,0,0,0,1680,1760,1680,1760,4128,2208,4532,2105,0,0,0,0,100,46,57,58,62,46,37,39,0,0,50,0,0,0,0,0,0,12596,629,432,0,354,78,117,117,100,0,0,0,0,0,0,0,0,0,0,0,0,0,0,0,0,0,0,0,0,0,100,0,0,0,0,0,0,0,0,0,0,0,0,0,0,0,0,0,0,0,0,100
16001,3460,449,97,38,9999,0,0,769,0,0,0,4290,3299,0,0,63,0,2,2,1382,456,2000,1,0,4,73,72,38146,15402,316,1001,199,66,707,0,0,0,0,3,2,0,10,0,0,0,0,0,1680,1760,1680,1760,4128,2208,4567,2088,0,0,0,0,100,44,53,54,57,44,38,37,0,0,49,0,0,0,0,0,0,12596,629,432,0,354,78,117,117,100,0,0,0,0,0,0,0,0,0,0,0,0,0,0,0,0,0,0,0,0,0,100,0,0,0,0,0,0,0,0,0,0,0,0,0,0,0,0,0,0,0,0,100
17001,3460,449,97,38,9999,0,0,543,0,0,0,4290,2329,0,0,63,0,2,2,1382,456,2000,1,0,4,73,72,38244,15233,312,840,153,67,407,0,0,0,0,3,2,0,10,0,0,0,0,0,1680,1760,1680,1760,4128,2208,4584,2100,0,0,0,0,100,41,50,47,55,41,38,39,0,0,49,0,0,0,0,0,0,12596,629,432,0,354,78,117,117,100,0,0,0,0,0,0,0,0,0,0,0,0,0,0,0,0,0,0,0,0,0,100,0,0,0,0,0,0,0,0,0,0,0,0,0,0,0,0,0,0,0,0,100
18001,3460,449,97,38,9999,0,0,817,0,0,0,4278,3495,0,0,63,0,2,2,1382,456,2000,1,0,4,72,72,38027,15232,307,842,157,66,498,0,0,0,0,3,2,0,10,0,0,0,0,0,1680,1760,1680,1760,4128,2208,4471,2084,0,0,0,0,100,44,50,54,59,44,37,36,0,0,49,0,0,0,0,0,0,12596,629,432,0,354,78,117,117,100,0,0,0,0,0,0,0,0,0,0,0,0,0,0,0,0,0,0,0,0,0,100,0,0,0,0,0,0,0,0,0,0,0,0,0,0,0,0,0,0,0,0,100
19024,3533,503,97,38,9999,0,0,953,0,0,0,4278,4076,0,0,63,0,2,2,1382,456,2000,1,0,4,72,72,37993,15156,318,869,135,66,264,0,0,0,0,3,2,0,10,0,0,0,0,0,1680,1760,1680,1760,4128,2208,4535,2097,0,0,0,0,100,41,52,50,58,41,36,32,0,0,49,0,0,0,0,0,0,12651,684,487,0,408,78,137,137,100,0,0,0,0,0,0,0,0,0,0,0,0,0,0,0,0,0,0,0,0,0,100,0,0,0,0,0,0,0,0,0,0,0,0,0,0,0,0,0,0,0,0,100
20001,3533,503,97,38,9999,0,0,548,0,0,0,4278,2344,0,0,63,0,2,2,1382,456,2000,1,0,4,73,72,37993,15086,329,740,114,66,215,0,0,0,0,3,2,0,10,0,0,0,0,0,1680,1760,1680,1760,4128,2208,4737,2077,0,0,0,0,100,39,51,52,55,38,39,38,0,0,49,0,0,0,0,0,0,12651,684,487,0,408,78,137,137,100,0,0,0,0,0,0,0,0,0,0,0,0,0,0,0,0,0,0,0,0,0,100,0,0,0,0,0,0,0,0,0,0,0,0,0,0,0,0,0,0,0,0,100
21001,3533,503,97,38,9999,0,0,1147,0,0,0,4278,4906,0,0,63,0,2,2,1516,456,2000,1,0,4,72,72,37936,14968,349,640,107,66,268,0,0,0,0,3,2,0,10,0,0,0,0,0,1680,1760,1680,1760,4128,2208,4757,2079,0,0,0,0,100,43,56,57,62,43,39,33,0,0,50,0,0,0,0,0,0,12651,684,487,0,408,78,137,137,100,0,0,0,0,0,0,0,0,0,0,0,0,0,0,0,0,0,0,0,0,0,100,0,0,0,0,0,0,0,0,0,0,0,0,0,0,0,0,0,0,0,0,100
22001,3533,503,97,38,9999,0,0,927,0,0,0,4278,3965,0,0,63,0,2,2,1516,456,2000,1,0,4,73,72,37950,15086,339,776,218,66,562,0,0,0,0,3,2,0,10,0,0,0,0,0,1680,1760,1680,1760,4128,2208,4624,2091,0,0,0,0,100,38,53,53,58,38,35,37,0,0,50,0,0,0,0,0,0,12651,684,487,0,408,78,137,137,100,0,0,0,0,0,0,0,0,0,0,0,0,0,0,0,0,0,0,0,0,0,100,0,0,0,0,0,0,0,0,0,0,0,0,0,0,0,0,0,0,0,0,100
23001,3533,503,97,38,9999,0,0,495,0,0,0,4278,2117,0,0,63,0,2,2,1516,456,2000,1,0,4,73,72,38012,15203,354,895,159,66,371,0,0,0,0,3,2,0,10,0,0,0,0,0,1680,1760,1680,1760,4128,2208,4784,2073,0,0,0,0,100,43,52,46,54,43,40,37,0,0,50,0,0,0,0,0,0,12651,684,487,0,408,78,137,137,100,0,0,0,0,0,0,0,0,0,0,0,0,0,0,0,0,0,0,0,0,0,100,0,0,0,0,0,0,0,0,0,0,0,0,0,0,0,0,0,0,0,0,100
24001,3533,503,97,38,9999,0,0,978,0,0,0,4278,4183,0,0,63,0,2,2,1516,456,2000,1,0,4,73,72,38039,15089,301,777,179,65,413,0,0,0,0,3,2,0,10,0,0,0,0,0,1680,1760,1680,1760,4128,2208,4512,2067,0,0,0,0,100,47,53,53,56,47,36,34,0,0,50,0,0,0,0,0,0,12651,684,487,0,408,78,137,137,100,0,0,0,0,0,0,0,0,0,0,0,0,0,0,0,0,0,0,0,0,0,100,0,0,0,0,0,0,0,0,0,0,0,0,0,0,0,0,0,0,0,0,100
25001,3533,503,97,38,9999,0,0,575,0,0,0,4278,2459,0,0,63,0,2,2,1516,456,2000,1,0,4,72,72,37760,15113,306,857,237,66,660,0,0,0,0,3,2,0,10,0,0,0,0,0,1680,1760,1680,1760,4128,2208,4578,2084,0,0,0,0,100,44,52,53,58,44,41,40,0,0,49,0,0,0,0,0,0,12651,684,487,0,408,78,137,137,100,0,0,0,0,0,0,0,0,0,0,0,0,0,0,0,0,0,0,0,0,0,100,0,0,0,0,0,0,0,0,0,0,0,0,0,0,0,0,0,0,0,0,100
26002,3533,503,97,38,9999,0,0,848,0,0,0,4278,3627,0,0,63,0,2,2,1516,456,2000,1,0,4,72,72,37811,15122,300,842,239,65,272,0,0,0,0,3,2,0,10,0,0,0,0,0,1680,1760,1680,1760,4128,2208,4021,2063,0,0,0,0,100,44,52,51,56,44,39,39,0,0,46,0,0,0,0,0,0,12651,684,487,0,408,78,137,137,100,0,0,0,0,0,0,0,0,0,0,0,0,0,0,0,0,0,0,0,0,0,100,0,0,0,0,0,0,0,0,0,0,0,0,0,0,0,0,0,0,0,0,100
27002,3533,503,97,38,9999,0,0,1407,0,0,0,4278,6019,0,0,63,0,2,2,1516,456,2000,1,0,4,73,72,37271,15036,333,736,175,65,406,0,0,0,0,3,2,0,10,0,0,0,0,0,1680,1760,1680,1760,4128,2208,4718,2077,0,0,0,0,100,43,54,50,58,43,33,31,0,0,45,0,0,0,0,0,0,12651,684,487,0,408,78,137,137,100,0,0,0,0,0,0,0,0,0,0,0,0,0,0,0,0,0,0,0,0,0,100,0,0,0,0,0,0,0,0,0,0,0,0,0,0,0,0,0,0,0,0,100
28002,3533,503,97,38,9999,0,0,623,0,0,0,4293,2674,0,0,63,0,2,2,1516,456,2000,1,0,4,73,72,37452,15329,351,867,291,66,965,1,0,2,0,3,2,0,10,0,0,0,0,0,1680,1760,1680,1760,4128,2208,3207,2073,0,0,0,0,100,43,51,52,53,43,40,42,0,0,51,0,0,0,0,0,0,12651,684,487,0,408,78,137,137,100,2,1,0,0,0,0,0,0,0,0,0,0,0,0,0,0,0,0,0,0,0,100,0,0,0,0,0,0,0,0,0,0,0,0,0,0,0,0,0,0,0,0,100
29002,3533,503,97,39,9999,0,0,754,0,0,0,4293,3236,0,0,63,0,2,2,1516,456,2000,1,0,4,72,72,39406,15436,352,1133,212,67,650,0,0,0,0,3,2,0,10,0,0,0,0,0,1680,1760,1680,1760,4128,2208,3113,2058,0,0,0,0,100,37,51,49,57,35,37,30,0,0,43,0,0,0,0,0,0,12651,684,487,0,408,78,137,137,100,0,0,0,0,0,0,0,0,0,0,0,0,0,0,0,0,0,0,0,0,0,100,0,0,0,0,0,0,0,0,0,0,0,0,0,0,0,0,0,0,0,0,100
30002,3533,503,97,39,9999,0,0,1061,0,0,0,4293,4554,0,0,63,0,2,2,1516,456,2000,1,0,4,72,72,36908,15247,320,971,179,65,436,0,0,0,0,3,2,0,10,0,0,0,0,0,1680,1760,1680,1760,4128,2208,3157,2060,0,0,0,0,100,42,52,53,55,42,30,32,0,0,41,0,0,0,0,0,0,12651,684,487,0,408,78,137,137,100,0,0,0,0,0,0,0,0,0,0,0,0,0,0,0,0,0,0,0,0,0,100,0,0,0,0,0,0,0,0,0,0,0,0,0,0,0,0,0,0,0,0,100
31002,3533,503,97,39,9999,0,0,453,0,0,0,4293,1944,0,0,63,0,2,2,1382,456,2000,1,0,4,73,72,36883,15186,337,831,139,65,466,0,0,0,0,3,2,0,10,0,0,0,0,0,1680,1760,1680,1760,4128,2208,3271,2079,0,0,0,0,100,40,48,50,56,40,37,37,0,0,40,0,0,0,0,0,0,12651,684,487,0,408,78,137,137,100,0,0,0,0,0,0,0,0,0,0,0,0,0,0,0,0,0,0,0,0,0,100,0,0,0,0,0,0,0,0,0,0,0,0,0,0,0,0,0,0,0,0,100
32002,3533,503,97,39,9999,0,0,637,0,0,0,4293,2734,0,0,63,0,2,2,1382,456,2000,1,0,4,73,72,36891,15119,320,742,113,66,342,0,0,0,0,3,2,0,10,0,0,0,0,0,1680,1760,1680,1760,4128,2208,3326,2068,0,0,0,0,100,33,47,51,55,33,32,33,0,0,39,0,0,0,0,0,0,12651,684,487,0,408,78,137,137,100,0,0,0,0,0,0,0,0,0,0,0,0,0,0,0,0,0,0,0,0,0,100,0,0,0,0,0,0,0,0,0,0,0,0,0,0,0,0,0,0,0,0,100
33002,3533,503,97,39,9999,0,0,694,0,0,0,4293,2979,0,0,63,0,2,2,1382,456,2000,1,0,4,72,72,36710,15251,307,795,159,65,396,0,0,0,0,3,2,0,10,0,0,0,0,0,1680,1760,1680,1760,4128,2208,3195,2071,0,0,0,0,100,47,55,51,59,47,35,35,0,0,39,0,0,0,0,0,0,12651,684,487,0,408,78,137,137,100,0,0,0,0,0,0,0,0,0,0,0,0,0,0,0,0,0,0,0,0,0,100,0,0,0,0,0,0,0,0,0,0,0,0,0,0,0,0,0,0,0,0,100
34002,3533,503,97,39,9999,0,0,607,0,0,0,4293,2605,0,0,63,0,2,2,1382,456,2000,1,0,4,72,72,37021,15309,298,855,260,66,685,0,0,0,0,3,2,0,10,0,0,0,0,0,1680,1760,1680,1760,4128,2208,3141,2059,0,0,0,0,100,39,53,52,58,39,34,36,0,0,39,0,0,0,0,0,0,12651,684,487,0,408,78,137,137,100,0,0,0,0,0,0,0,0,0,0,0,0,0,0,0,0,0,0,0,0,0,100,0,0,0,0,0,0,0,0,0,0,0,0,0,0,0,0,0,0,0,0,100
35002,3533,503,97,39,9999,0,0,730,0,0,0,4293,3133,0,0,63,0,2,2,1382,456,2000,1,0,4,73,72,37034,15123,307,779,198,66,602,1,0,0,0,3,2,0,10,0,0,0,0,0,1680,1760,1680,1760,4128,2208,3103,2066,0,0,0,0,100,40,55,56,60,40,38,40,0,0,39,0,0,0,0,0,0,12651,684,487,0,408,78,137,137,100,0,0,0,0,0,0,0,0,0,0,0,0,0,0,0,0,0,0,0,0,0,100,0,0,0,0,0,0,0,0,0,0,0,0,0,0,0,0,0,0,0,0,100
36002,3533,503,97,39,9999,0,0,610,0,0,0,4293,2618,0,0,63,0,2,2,1382,456,2000,1,0,4,72,72,36810,15050,334,797,166,66,422,0,0,0,0,3,2,0,10,0,0,0,0,0,1680,1760,1680,1760,4128,2208,3206,2072,0,0,0,0,100,47,53,53,57,47,37,37,0,0,39,0,0,0,0,0,0,12651,684,487,0,408,78,137,137,100,0,0,0,0,0,0,0,0,0,0,0,0,0,0,0,0,0,0,0,0,0,100,0,0,0,0,0,0,0,0,0,0,0,0,0,0,0,0,0,0,0,0,100
37002,3533,503,97,39,9999,0,0,785,0,0,0,4293,3370,0,0,63,0,2,2,1382,456,2000,1,0,4,73,72,36720,15075,350,783,118,66,418,0,0,0,0,3,2,0,10,0,0,0,0,0,1680,1760,1680,1760,4128,2208,3208,2070,0,0,0,0,100,40,50,50,55,40,39,37,0,0,39,0,0,0,0,0,0,12651,684,487,0,408,78,137,137,100,0,0,0,0,0,0,0,0,0,0,0,0,0,0,0,0,0,0,0,0,0,100,0,0,0,0,0,0,0,0,0,0,0,0,0,0,0,0,0,0,0,0,100
38002,3533,503,97,39,9999,0,0,806,0,0,0,4283,3452,0,0,63,0,2,2,1382,456,2000,1,0,4,72,72,36690,15003,318,776,217,66,635,0,0,0,0,3,2,0,10,0,0,0,0,0,1680,1760,1680,1760,4128,2208,3138,2069,0,0,0,0,100,33,51,51,53,33,33,31,0,0,39,0,0,0,0,0,0,12651,684,487,0,408,78,137,137,100,0,0,0,0,0,0,0,0,0,0,0,0,0,0,0,0,0,0,0,0,0,100,0,0,0,0,0,0,0,0,0,0,0,0,0,0,0,0,0,0,0,0,100
39024,3491,502,97,39,9999,0,0,789,0,0,0,4283,3379,0,0,63,0,2,2,1382,456,2000,1,0,4,72,72,36422,14963,308,683,161,66,404,0,0,0,0,3,2,0,10,0,0,0,0,0,1680,1760,1680,1760,4128,2208,3090,2067,0,0,0,0,100,45,50,51,57,45,35,31,0,0,39,0,0,0,0,0,0,12668,683,486,0,403,82,137,137,100,0,0,0,0,0,0,0,0,0,0,0,0,0,0,0,0,0,0,0,0,0,100,0,0,0,0,0,0,0,0,0,0,0,0,0,0,0,0,0,0,0,0,100
40002,3491,502,97,39,9999,0,0,871,0,0,0,4283,3730,0,0,63,0,2,2,1382,456,2000,1,0,4,73,72,36503,15070,442,759,219,65,635,0,0,0,0,3,2,0,10,0,0,0,0,0,1680,1760,1680,1760,4128,2208,3200,2076,0,0,0,0,100,39,48,51,54,39,39,38,0,0,39,0,0,0,0,0,0,12668,683,486,0,403,82,137,137,100,0,0,0,0,0,0,0,0,0,0,0,0,0,0,0,0,0,0,0,0,0,100,0,0,0,0,0,0,0,0,0,0,0,0,0,0,0,0,0,0,0,0,100
41002,3491,502,97,39,9999,0,0,871,0,0,0,4283,3730,0,0,63,0,2,2,2361,456,2000,1,0,4,72,72,36560,14976,320,714,179,65,458,0,0,0,0,3,2,0,10,0,0,0,0,0,1680,1760,1680,1760,4128,2208,3174,2074,0,0,0,0,100,35,50,50,54,33,35,34,0,0,39,0,0,0,0,0,0,12668,683,486,0,403,82,137,137,100,0,0,0,0,0,0,0,0,0,0,0,0,0,0,0,0,0,0,0,0,0,100,0,0,0,0,0,0,0,0,0,0,0,0,0,0,0,0,0,0,0,0,100
42003,3491,502,97,39,9999,0,0,522,0,0,0,4283,2235,0,0,63,0,2,2,2361,456,2000,1,0,4,73,72,36530,15049,362,710,149,66,306,0,0,0,0,3,2,0,10,0,0,0,0,0,1680,1760,1680,1760,4128,2208,3215,2064,0,0,0,0,100,43,53,53,58,43,37,36,0,0,39,0,0,0,0,0,0,12668,683,486,0,403,82,137,137,100,0,0,0,0,0,0,0,0,0,0,0,0,0,0,0,0,0,0,0,0,0,100,0,0,0,0,0,0,0,0,0,0,0,0,0,0,0,0,0,0,0,0,100
43003,3491,502,97,39,9999,0,0,738,0,0,0,4283,3160,0,0,63,0,2,2,2361,456,2000,1,0,4,72,72,36697,15180,343,829,245,67,249,1,0,0,0,3,2,0,10,0,0,0,0,0,1680,1760,1680,1760,4128,2208,3271,2070,0,0,0,0,100,43,51,55,60,42,43,39,0,0,39,0,0,0,0,0,0,12668,683,486,0,403,82,137,137,100,0,0,0,0,0,0,0,0,0,0,0,0,0,0,0,0,0,0,0,0,0,100,0,0,0,0,0,0,0,0,0,0,0,0,0,0,0,0,0,0,0,0,100
44003,3491,502,97,39,9999,0,0,639,0,0,0,4283,2736,0,0,63,0,2,2,2361,456,2000,1,0,4,73,72,37174,15460,284,1001,339,67,558,0,0,0,0,3,2,0,10,0,0,0,0,0,1680,1760,1680,1760,4128,2208,3220,2063,0,0,0,0,100,38,52,50,57,37,38,34,0,0,39,0,0,0,0,0,0,12668,683,486,0,403,82,137,137,100,0,0,0,0,0,0,0,0,0,0,0,0,0,0,0,0,0,0,0,0,0,100,0,0,0,0,0,0,0,0,0,0,0,0,0,0,0,0,0,0,0,0,100
45003,3491,502,97,39,9999,0,0,542,0,0,0,4283,2321,0,0,63,0,2,2,2361,456,2000,1,0,4,72,72,37077,15235,292,818,196,66,483,0,0,0,0,3,2,0,10,0,0,0,0,0,1680,1760,1680,1760,4128,2208,3072,2076,0,0,0,0,100,56,61,62,68,56,52,51,0,0,39,0,0,0,0,0,0,12668,683,486,0,403,82,137,137,100,0,0,0,0,0,0,0,0,0,0,0,0,0,0,0,0,0,0,0,0,0,100,0,0,0,0,0,0,0,0,0,0,0,0,0,0,0,0,0,0,0,0,100
46003,3491,502,97,39,9999,0,0,876,0,0,0,4283,3751,0,0,63,0,2,2,2361,456,2000,1,0,4,72,72,36948,15258,272,879,190,67,517,0,0,0,0,3,2,0,10,0,0,0,0,0,1680,1760,1680,1760,4128,2208,3253,2069,0,0,0,0,100,48,53,53,58,48,46,42,0,0,39,0,0,0,0,0,0,12668,683,486,0,403,82,137,137,100,0,0,0,0,0,0,0,0,0,0,0,0,0,0,0,0,0,0,0,0,0,100,0,0,0,0,0,0,0,0,0,0,0,0,0,0,0,0,0,0,0,0,100
47003,3491,502,97,39,9999,0,0,744,0,0,0,4283,3186,0,0,63,0,2,2,2361,456,2000,1,0,4,73,72,36916,15343,301,898,229,67,642,0,0,0,0,3,2,0,10,0,0,0,0,0,1680,1760,1680,1760,4128,2208,3128,2068,0,0,0,0,100,37,50,50,57,37,37,36,0,0,39,0,0,0,0,0,0,12668,683,486,0,403,82,137,137,100,0,0,0,0,0,0,0,0,0,0,0,0,0,0,0,0,0,0,0,0,0,100,0,0,0,0,0,0,0,0,0,0,0,0,0,0,0,0,0,0,0,0,100
48003,3491,502,97,39,9999,0,0,669,0,0,0,4287,2868,0,0,63,0,2,2,2361,456,2000,1,0,4,73,72,37006,15363,296,951,230,67,663,1,0,0,0,3,2,0,10,0,0,0,0,0,1680,1760,1680,1760,4128,2208,3110,2070,0,0,0,0,100,51,56,57,63,51,40,39,0,0,39,0,0,0,0,0,0,12668,683,486,0,403,82,137,137,100,0,0,0,0,0,0,0,0,0,0,0,0,0,0,0,0,0,0,0,0,0,100,0,0,0,0,0,0,0,0,0,0,0,0,0,0,0,0,0,0,0,0,100
49003,3491,502,97,39,9999,0,0,703,0,0,0,4287,3013,0,0,63,0,2,2,2361,456,2000,1,0,4,72,72,37105,15285,332,979,145,67,652,0,0,0,0,3,2,0,10,0,0,0,0,0,1680,1760,1680,1760,4128,2208,3124,2053,0,0,0,0,100,40,51,51,57,39,40,38,0,0,39,0,0,0,0,0,0,12668,683,486,0,403,82,137,137,100,0,0,0,0,0,0,0,0,0,0,0,0,0,0,0,0,0,0,0,0,0,100,0,0,0,0,0,0,0,0,0,0,0,0,0,0,0,0,0,0,0,0,100
50003,3491,502,97,39,9999,0,0,654,0,0,0,4287,2803,0,0,63,0,2,2,2361,456,2000,1,0,4,73,72,36740,15153,286,883,162,66,284,0,0,0,0,3,2,0,10,0,0,0,0,0,1680,1760,1680,1760,4128,2208,3098,2072,0,0,0,0,100,36,50,53,58,33,36,35,0,0,39,0,0,0,0,0,0,12668,683,486,0,403,82,137,137,100,0,0,0,0,0,0,0,0,0,0,0,0,0,0,0,0,0,0,0,0,0,100,0,0,0,0,0,0,0,0,0,0,0,0,0,0,0,0,0,0,0,0,100
51003,3491,502,97,39,9999,0,0,775,0,0,0,4287,3322,0,0,63,0,2,2,1382,456,2000,1,0,4,72,72,36667,15096,378,767,228,67,294,1,0,0,0,3,2,0,10,0,0,0,0,0,1680,1760,1680,1760,4128,2208,3140,2079,0,0,0,0,100,51,56,56,65,51,45,43,0,0,39,0,0,0,0,0,0,12668,683,486,0,403,82,137,137,100,0,0,0,0,0,0,0,0,0,0,0,0,0,0,0,0,0,0,0,0,0,100,0,0,0,0,0,0,0,0,0,0,0,0,0,0,0,0,0,0,0,0,100
52003,3491,502,97,39,9999,0,0,1043,0,0,0,4287,4471,0,0,63,0,2,2,1382,456,2000,1,0,4,73,72,36938,15376,306,1033,170,66,555,0,0,0,0,3,2,0,10,0,0,0,0,0,1680,1760,1680,1760,4128,2208,3184,2061,0,0,0,0,100,38,52,51,59,38,38,38,0,0,39,0,0,0,0,0,0,12668,683,486,0,403,82,137,137,100,0,0,0,0,0,0,0,0,0,0,0,0,0,0,0,0,0,0,0,0,0,100,0,0,0,0,0,0,0,0,0,0,0,0,0,0,0,0,0,0,0,0,100
53003,3491,502,97,39,9999,0,0,851,0,0,0,4287,3648,0,0,63,0,2,2,1382,456,2000,1,0,4,72,72,37060,15225,331,847,116,67,361,0,0,0,0,3,2,0,10,0,0,0,0,0,1680,1760,1680,1760,4128,2208,3111,2062,0,0,0,0,100,36,49,51,56,35,36,33,0,0,39,0,0,0,0,0,0,12668,683,486,0,403,82,137,137,100,0,0,0,0,0,0,0,0,0,0,0,0,0,0,0,0,0,0,0,0,0,100,0,0,0,0,0,0,0,0,0,0,0,0,0,0,0,0,0,0,0,0,100
54003,3491,502,97,39,9999,0,0,637,0,0,0,4287,2730,0,0,63,0,2,2,1382,456,2000,1,0,4,72,72,36561,15223,439,844,313,67,306,1,0,0,0,3,2,0,10,0,0,0,0,0,1680,1760,1680,1760,4128,2208,3078,2059,0,0,0,0,100,55,56,55,63,55,47,45,0,0,39,0,0,0,0,0,0,12668,683,486,0,403,82,137,137,100,0,0,0,0,0,0,0,0,0,0,0,0,0,0,0,0,0,0,0,0,0,100,0,0,0,0,0,0,0,0,0,0,0,0,0,0,0,0,0,0,0,0,100
55003,3491,502,97,39,9999,0,0,744,0,0,0,4287,3189,0,0,63,0,2,2,1382,456,2000,1,0,4,73,72,36703,15223,439,844,313,67,306,1,0,0,0,3,2,0,10,0,0,0,0,0,1680,1760,1680,1760,4128,2208,3207,2060,0,0,0,0,100,53,56,62,64,53,51,49,0,0,39,0,0,0,0,0,0,12668,683,486,0,403,82,137,137,100,0,0,0,0,0,0,0,0,0,0,0,0,0,0,0,0,0,0,0,0,0,100,0,0,0,0,0,0,0,0,0,0,0,0,0,0,0,0,0,0,0,0,100
56004,3491,502,97,39,9999,0,0,1048,0,0,0,4287,4492,0,0,63,0,2,2,1382,456,2000,1,0,4,73,72,37103,15482,324,1064,225,67,644,0,0,0,0,3,2,0,10,0,0,0,0,0,1680,1760,1680,1760,4128,2208,3151,2066,0,0,0,0,100,38,50,51,58,38,36,37,0,0,39,0,0,0,0,0,0,12668,683,486,0,403,82,137,137,100,0,0,0,0,0,0,0,0,0,0,0,0,0,0,0,0,0,0,0,0,0,100,0,0,0,0,0,0,0,0,0,0,0,0,0,0,0,0,0,0,0,0,100
57004,3491,502,97,39,9999,0,0,598,0,0,0,4287,2563,0,0,63,0,2,2,1382,456,2000,1,0,4,72,72,36854,15280,324,952,132,67,448,0,0,0,0,3,2,0,10,0,0,0,0,0,1680,1760,1680,1760,4128,2208,3125,2061,0,0,0,0,100,54,52,54,60,54,44,45,0,0,39,0,0,0,0,0,0,12668,683,486,0,403,82,137,137,100,0,0,0,0,0,0,0,0,0,0,0,0,0,0,0,0,0,0,0,0,0,100,0,0,0,0,0,0,0,0,0,0,0,0,0,0,0,0,0,0,0,0,100
58005,3491,502,97,39,9999,0,0,583,0,0,0,4285,2498,0,0,63,0,2,2,1382,456,2000,1,0,4,72,72,36809,15185,319,820,149,67,292,0,0,0,0,3,2,0,10,0,0,0,0,0,1680,1760,1680,1760,4128,2208,3118,2069,0,0,0,0,100,39,47,53,58,38,39,37,0,0,39,0,0,0,0,0,0,12668,683,486,0,403,82,137,137,100,0,0,0,0,0,0,0,0,0,0,0,0,0,0,0,0,0,0,0,0,0,100,0,0,0,0,0,0,0,0,0,0,0,0,0,0,0,0,0,0,0,0,100
59028,3482,503,97,39,9999,0,0,844,0,0,0,4285,3616,0,0,63,0,2,2,1382,456,2000,1,0,4,73,72,37009,15182,321,870,194,67,594,0,0,0,0,3,2,0,10,0,0,0,0,0,1680,1760,1680,1760,4128,2208,3209,2076,0,0,0,0,100,58,57,58,65,58,45,46,0,0,39,0,0,0,0,0,0,12668,684,486,0,404,82,137,137,100,0,0,0,0,0,0,0,0,0,0,0,0,0,0,0,0,0,0,0,0,0,100,0,0,0,0,0,0,0,0,0,0,0,0,0,0,0,0,0,0,0,0,100
60004,3482,503,97,39,9999,0,0,766,0,0,0,4285,3282,0,0,63,0,2,2,1382,456,2000,1,0,4,72,72,37216,15476,335,1128,332,67,619,1,0,0,0,3,2,0,10,0,0,0,0,0,1680,1760,1680,1760,4128,2208,3265,2065,0,0,0,0,100,44,51,52,57,44,44,44,0,0,39,0,0,0,0,0,0,12668,684,486,0,404,82,137,137,100,0,0,0,0,0,0,0,0,0,0,0,0,0,0,0,0,0,0,0,0,0,100,0,0,0,0,0,0,0,0,0,0,0,0,0,0,0,0,0,0,0,0,100
61004,3482,503,97,39,9999,0,0,989,0,0,0,4280,4232,0,0,63,0,2,2,1382,456,2000,1,0,4,73,72,37066,15650,391,1304,180,67,340,0,0,0,0,3,2,0,10,0,0,0,0,0,1680,1760,1680,1760,4128,2208,3180,2652,0,0,0,0,100,45,63,65,68,45,45,43,0,0,41,0,0,0,0,0,0,12668,684,486,0,404,82,137,137,100,0,0,0,0,0,0,0,0,0,0,0,0,0,0,0,0,0,0,0,0,0,100,0,0,0,0,0,0,0,0,0,0,0,0,0,0,0,0,0,0,0,0,100
62006,3482,503,97,39,9999,0,0,414,0,0,0,4280,1771,0,0,63,1,3,2,1382,456,2000,1,0,4,73,72,37427,15546,1091,1045,1263,67,2159,0,0,2,0,4,2,0,10,0,0,0,0,0,1680,1760,1680,1760,4128,2208,2868,2069,0,0,0,0,100,55,74,75,78,55,43,38,0,0,43,0,0,0,0,0,0,12668,684,486,0,404,82,137,137,100,2,1,0,0,0,0,0,0,0,0,0,0,0,0,0,0,0,0,0,0,0,100,0,0,0,0,0,0,0,0,0,0,0,0,0,0,0,0,0,0,0,0,100
63004,3482,503,97,39,9999,0,0,912,0,0,0,4280,3903,0,0,63,1,2,2,1382,456,2000,1,0,4,72,72,37038,15871,405,1429,533,49,561,0,0,0,0,3,2,0,10,0,0,0,0,0,1680,1760,1680,1760,4128,2208,3738,3057,0,0,0,0,100,55,74,75,78,55,43,38,0,0,44,0,0,0,0,0,0,12668,684,486,0,404,82,137,137,100,0,0,0,0,0,0,0,0,0,0,0,0,0,0,0,0,0,0,0,0,0,100,0,0,0,0,0,0,0,0,0,0,0,0,0,0,0,0,0,0,0,0,100
64004,3482,503,97,39,9999,0,0,830,0,0,0,4280,3552,0,0,63,1,3,3,1382,456,2000,1,0,4,72,72,38038,15738,400,1157,299,65,484,0,0,0,0,4,3,0,10,0,0,0,0,0,1680,1760,1680,1760,4128,2208,1491,2854,241,0,0,0,100,41,63,65,69,39,41,37,0,0,46,0,0,0,0,0,0,12668,684,486,0,404,82,137,137,100,0,0,0,0,0,0,0,0,0,0,0,0,0,0,0,0,0,0,0,0,0,100,0,0,0,0,0,0,0,0,0,0,0,0,0,0,0,0,0,0,0,241,100
65004,3482,503,97,39,9999,0,0,1142,0,0,0,4280,4887,0,0,63,2,3,3,1382,456,2000,1,0,4,66,72,50071,22079,3921,6328,10590,61,1417,0,14,16,0,4,3,0,10,0,0,0,0,0,1680,1760,1680,1760,4128,2208,3041,2340,227,0,0,0,100,55,81,84,89,55,44,40,0,0,45,0,0,0,0,0,0,12668,684,486,0,404,82,137,137,100,15,1,0,0,0,0,0,0,0,0,0,0,0,0,0,0,0,0,0,0,0,100,0,0,0,0,0,0,0,0,0,0,0,0,0,0,0,0,0,0,0,227,100
66005,3482,503,97,39,9999,0,0,859,0,0,0,4280,3676,0,0,63,2,3,3,1382,456,2000,1,0,4,72,72,41854,21014,1102,6087,1119,69,574,0,9,0,0,4,3,0,10,0,0,0,0,0,1680,1760,1680,1760,4128,2208,3041,2334,222,0,0,0,100,70,70,66,74,70,57,57,0,0,43,0,0,0,0,0,0,12668,684,486,0,404,82,137,137,100,0,0,0,0,0,0,0,0,0,0,0,0,0,0,0,0,0,0,0,0,0,100,0,0,0,0,0,0,0,0,0,0,0,0,0,0,0,0,0,0,0,222,100
67006,3482,503,97,39,9999,0,0,870,0,0,0,4280,3723,0,0,63,2,2,3,1382,456,2000,1,0,4,72,72,39123,18663,934,4218,782,66,498,0,0,0,0,4,3,0,10,0,0,0,0,0,1680,1760,1680,1760,4128,2208,2937,2345,223,0,0,0,100,57,74,73,79,57,55,51,0,0,38,0,0,0,0,0,0,12668,684,486,0,404,82,137,137,100,0,0,0,0,0,0,0,0,0,0,0,0,0,0,0,0,0,0,0,0,0,100,0,0,0,0,0,0,0,0,0,0,0,0,0,0,0,0,0,0,0,223,100
68007,3482,503,97,39,9999,0,0,905,0,0,0,4257,3852,0,0,63,2,2,2,1382,456,2000,1,0,4,72,72,37431,16505,495,2194,546,66,532,0,0,0,0,4,3,0,10,0,0,0,0,0,1680,1760,1680,1760,4128,2208,3191,2055,0,0,0,0,100,59,62,59,67,59,55,48,0,0,39,0,0,0,0,0,0,12668,684,486,0,404,82,137,137,100,0,0,0,0,0,0,0,0,0,0,0,0,0,0,0,0,0,0,0,0,0,100,0,0,0,0,0,0,0,0,0,0,0,0,0,0,0,0,0,0,0,0,100
69007,3482,503,97,39,9999,0,0,1072,0,0,0,4257,4563,0,0,63,2,3,2,1382,456,2000,1,0,4,73,72,36999,15365,412,993,395,67,550,0,0,1,0,3,2,0,10,0,0,0,0,0,1680,1760,1680,1760,4128,2208,3147,2053,0,0,0,0,100,62,62,60,65,62,51,51,0,0,39,0,0,0,0,0,0,12668,684,486,0,404,82,137,137,100,1,1,0,0,0,0,0,0,0,0,0,0,0,0,0,0,0,0,0,0,0,100,0,0,0,0,0,0,0,0,0,0,0,0,0,0,0,0,0,0,0,0,100
70006,3482,503,97,39,9999,0,0,709,0,0,0,4257,3018,0,0,63,2,3,2,1382,456,2000,1,0,4,72,72,36461,15324,326,996,176,67,281,0,0,0,0,3,2,0,10,0,0,0,0,0,1680,1760,1680,1760,4128,2208,3065,2055,0,0,0,0,100,87,81,81,83,85,80,87,0,0,39,0,0,0,0,0,0,12668,684,486,0,404,82,137,137,100,0,0,0,0,0,0,0,0,0,0,0,0,0,0,0,0,0,0,0,0,0,100,0,0,0,0,0,0,0,0,0,0,0,0,0,0,0,0,0,0,0,0,100
71007,3482,503,97,39,9999,0,0,1006,0,0,0,4257,4282,0,0,63,2,2,2,1651,456,2000,1,0,4,72,72,36554,15131,332,851,127,67,392,0,0,0,0,3,2,0,10,0,0,0,0,0,1680,1760,1680,1760,4128,2208,3189,2056,0,0,0,0,100,62,81,81,82,62,60,55,0,0,39,0,0,0,0,0,0,12668,684,486,0,404,82,137,137,100,0,0,0,0,0,0,0,0,0,0,0,0,0,0,0,0,0,0,0,0,0,100,0,0,0,0,0,0,0,0,0,0,0,0,0,0,0,0,0,0,0,0,100
72006,3482,503,97,39,9999,0,0,1057,0,0,0,4257,4499,0,0,63,2,3,2,1651,456,2000,1,0,4,73,72,36330,14934,311,700,186,65,207,1,0,0,0,3,2,0,10,0,0,0,0,0,1680,1760,1680,1760,4128,2208,3279,2610,0,0,0,0,100,61,76,76,78,61,57,56,0,0,40,0,0,0,0,0,0,12668,684,486,0,404,82,137,137,100,0,0,0,0,0,0,0,0,0,0,0,0,0,0,0,0,0,0,0,0,0,100,0,0,0,0,0,0,0,0,0,0,0,0,0,0,0,0,0,0,0,0,100
73006,3482,503,97,39,9999,0,0,940,0,0,0,4257,4001,0,0,63,2,2,2,1651,456,2000,1,0,4,73,72,37085,15477,494,1073,558,59,962,1,0,0,0,5,2,0,10,0,0,0,0,0,1680,1760,1680,1760,4128,2208,3463,2611,0,0,0,0,100,72,95,94,96,72,67,69,0,0,43,0,0,0,0,0,0,12668,684,486,0,404,82,137,137,100,0,0,0,0,0,0,0,0,0,0,0,0,0,0,0,0,0,0,0,0,0,100,0,0,0,0,0,0,0,0,0,0,0,0,0,0,0,0,0,0,0,0,100
74010,3482,503,97,39,9999,0,0,826,0,0,0,4257,3516,0,0,62,2,2,2,1651,456,2000,1,0,4,72,72,37116,15634,298,1297,433,62,658,0,0,0,0,5,2,0,10,0,0,0,0,0,1680,1760,1680,1760,4128,2208,3343,2595,0,0,0,0,100,42,75,76,77,42,42,39,0,0,44,0,0,0,0,0,0,12668,684,486,0,404,82,137,137,100,0,0,0,0,0,0,0,0,0,0,0,0,0,0,0,0,0,0,0,0,0,100,0,0,0,0,0,0,0,0,0,0,0,0,0,0,0,0,0,0,0,0,100
75007,3482,503,97,39,9999,0,0,603,0,0,0,4257,2566,0,0,62,2,3,2,1651,456,2000,1,0,4,73,72,37067,15603,348,1099,165,67,397,0,0,1,0,5,2,0,10,0,0,0,0,0,1680,1760,1680,1760,4128,2208,3227,2563,0,0,0,0,100,54,75,76,79,54,49,50,0,0,44,0,0,0,0,0,0,12668,684,486,0,404,82,137,137,100,1,1,0,0,0,0,0,0,0,0,0,0,0,0,0,0,0,0,0,0,0,100,0,0,0,0,0,0,0,0,0,0,0,0,0,0,0,0,0,0,0,0,100
76008,3482,503,97,39,9999,0,0,895,0,0,0,4257,3810,0,0,62,2,2,2,1651,456,2000,1,0,4,73,72,36841,15441,341,887,117,66,550,0,0,0,0,5,2,0,10,0,0,0,0,0,1680,1760,1680,1760,4128,2208,3275,2597,0,0,0,0,100,74,84,84,86,74,66,65,0,0,44,0,0,0,0,0,0,12668,684,486,0,404,82,137,137,100,0,0,0,0,0,0,0,0,0,0,0,0,0,0,0,0,0,0,0,0,0,100,0,0,0,0,0,0,0,0,0,0,0,0,0,0,0,0,0,0,0,0,100
77007,3482,503,97,39,9999,0,0,969,0,0,0,4257,4125,0,0,62,2,2,2,1651,456,2000,1,0,4,72,72,36855,15344,334,824,120,67,201,0,0,0,0,5,2,0,10,0,0,0,0,0,1680,1760,1680,1760,4128,2208,3117,2284,0,0,0,0,100,40,67,65,72,38,40,37,0,0,44,0,0,0,0,0,0,12668,684,486,0,404,82,137,137,100,0,0,0,0,0,0,0,0,0,0,0,0,0,0,0,0,0,0,0,0,0,100,0,0,0,0,0,0,0,0,0,0,0,0,0,0,0,0,0,0,0,0,100
78007,3482,503,97,39,9999,0,0,960,0,0,0,4290,4118,0,0,62,2,2,2,1651,456,2000,1,0,4,73,72,37165,15486,433,1155,458,67,628,0,0,0,0,4,2,0,10,0,0,0,0,0,1680,1760,1680,1760,4128,2208,3217,2272,0,0,0,0,100,51,69,70,74,50,47,51,0,0,42,0,0,0,0,0,0,12668,684,486,0,404,82,137,137,100,0,0,0,0,0,0,0,0,0,0,0,0,0,0,0,0,0,0,0,0,0,100,0,0,0,0,0,0,0,0,0,0,0,0,0,0,0,0,0,0,0,0,100
79035,3410,504,97,39,9999,0,0,691,0,0,0,4290,2964,0,0,62,2,2,2,1651,456,2000,1,0,4,72,72,36926,15488,313,1209,200,67,320,0,0,0,0,4,2,0,10,0,0,0,0,0,1680,1760,1680,1760,4128,2208,3358,2345,0,0,0,0,100,53,77,76,81,53,53,49,0,0,42,0,0,0,0,0,0,12668,685,487,0,405,82,137,137,100,0,0,0,0,0,0,0,0,0,0,0,0,0,0,0,0,0,0,0,0,0,100,0,0,0,0,0,0,0,0,0,0,0,0,0,0,0,0,0,0,0,0,100
80007,3410,504,97,39,9999,0,0,1008,0,0,0,4290,4324,0,0,62,2,2,2,1651,456,2000,1,0,4,72,72,36806,15222,317,912,134,67,471,0,0,0,0,4,2,0,10,0,0,0,0,0,1680,1760,1680,1760,4128,2208,3292,2234,0,0,0,0,100,41,66,66,72,41,41,40,0,0,42,0,0,0,0,0,0,12668,685,487,0,405,82,137,137,100,0,0,0,0,0,0,0,0,0,0,0,0,0,0,0,0,0,0,0,0,0,100,0,0,0,0,0,0,0,0,0,0,0,0,0,0,0,0,0,0,0,0,100
81008,3410,504,97,39,9999,0,0,590,0,0,0,4290,2531,0,0,62,2,2,2,1382,456,2000,1,0,4,73,72,36833,15140,434,799,157,67,562,0,0,0,0,4,2,0,10,0,0,0,0,0,1680,1760,1680,1760,4128,2208,3284,2261,0,0,0,0,100,51,72,73,77,51,50,50,0,0,42,0,0,0,0,0,0,12668,685,487,0,405,82,137,137,100,0,0,0,0,0,0,0,0,0,0,0,0,0,0,0,0,0,0,0,0,0,100,0,0,0,0,0,0,0,0,0,0,0,0,0,0,0,0,0,0,0,0,100
82007,3410,504,97,39,9999,0,0,875,0,0,0,4290,3753,0,0,62,2,2,2,1382,456,2000,1,0,4,73,72,36966,15205,310,857,138,67,605,0,0,0,0,4,2,0,10,0,0,0,0,0,1680,1760,1680,1760,4128,2208,3250,2271,0,0,0,0,100,59,80,80,82,59,54,51,0,0,41,0,0,0,0,0,0,12668,685,487,0,405,82,137,137,100,0,0,0,0,0,0,0,0,0,0,0,0,0,0,0,0,0,0,0,0,0,100,0,0,0,0,0,0,0,0,0,0,0,0,0,0,0,0,0,0,0,0,100
83007,3410,504,97,39,9999,0,0,1068,0,0,0,4290,4581,0,0,62,2,2,2,1382,456,2000,1,0,4,73,72,36810,15111,320,747,123,68,300,0,0,0,0,4,2,0,10,0,0,0,0,0,1680,1760,1680,1760,4128,2208,3243,2274,0,0,0,0,100,41,61,61,68,41,40,39,0,0,42,0,0,0,0,0,0,12668,685,487,0,405,82,137,137,100,0,0,0,0,0,0,0,0,0,0,0,0,0,0,0,0,0,0,0,0,0,100,0,0,0,0,0,0,0,0,0,0,0,0,0,0,0,0,0,0,0,0,100
84007,3410,504,97,39,9999,0,0,1034,0,0,0,4290,4435,0,0,62,2,2,2,1382,456,2000,1,0,4,73,72,36841,15116,292,755,158,68,620,0,0,0,0,4,2,0,10,0,0,0,0,0,1680,1760,1680,1760,4128,2208,3318,2342,0,0,0,0,100,50,60,58,66,50,45,44,0,0,41,0,0,0,0,0,0,12668,685,487,0,405,82,137,137,100,0,0,0,0,0,0,0,0,0,0,0,0,0,0,0,0,0,0,0,0,0,100,0,0,0,0,0,0,0,0,0,0,0,0,0,0,0,0,0,0,0,0,100
85008,3410,504,97,39,9999,0,0,1272,0,0,0,4290,5456,0,0,62,2,2,2,1382,456,2000,1,0,4,72,72,36871,15103,306,761,145,68,597,0,0,0,0,4,2,0,10,0,0,0,0,0,1680,1760,1680,1760,4128,2208,3175,2227,0,0,0,0,100,51,67,67,73,51,50,50,0,0,41,0,0,0,0,0,0,12668,685,487,0,405,82,137,137,100,0,0,0,0,0,0,0,0,0,0,0,0,0,0,0,0,0,0,0,0,0,100,0,0,0,0,0,0,0,0,0,0,0,0,0,0,0,0,0,0,0,0,100
86009,3410,504,97,39,9999,0,0,759,0,0,0,4290,3256,0,0,62,2,2,2,1382,456,2000,1,0,4,73,72,36924,15127,331,751,190,67,529,0,0,0,0,4,2,0,10,0,0,0,0,0,1680,1760,1680,1760,4128,2208,3276,2272,0,0,0,0,100,57,69,66,73,57,56,52,0,0,41,0,0,0,0,0,0,12668,685,487,0,405,82,137,137,100,0,0,0,0,0,0,0,0,0,0,0,0,0,0,0,0,0,0,0,0,0,100,0,0,0,0,0,0,0,0,0,0,0,0,0,0,0,0,0,0,0,0,100
87008,3410,504,97,39,9999,0,0,504,0,0,0,4290,2162,0,0,62,2,2,2,1382,456,2000,1,0,4,72,72,36851,15084,348,766,114,68,429,0,0,0,0,4,2,0,10,0,0,0,0,0,1680,1760,1680,1760,4128,2208,3153,2262,0,0,0,0,100,50,62,60,68,50,47,47,0,0,41,0,0,0,0,0,0,12668,685,487,0,405,82,137,137,100,0,0,0,0,0,0,0,0,0,0,0,0,0,0,0,0,0,0,0,0,0,100,0,0,0,0,0,0,0,0,0,0,0,0,0,0,0,0,0,0,0,0,100
88008,3410,504,97,39,9999,0,0,968,0,0,0,4291,4153,0,0,62,2,2,2,1382,456,2000,1,0,4,72,72,36748,15064,332,705,108,67,215,0,0,0,0,4,2,0,10,0,0,0,0,0,1680,1760,1680,1760,4128,2208,3186,2266,0,0,0,0,100,48,62,62,68,47,48,43,0,0,41,0,0,0,0,0,0,12668,685,487,0,405,82,137,137,100,0,0,0,0,0,0,0,0,0,0,0,0,0,0,0,0,0,0,0,0,0,100,0,0,0,0,0,0,0,0,0,0,0,0,0,0,0,0,0,0,0,0,100
89008,3410,504,97,39,9999,0,0,1038,0,0,0,4291,4454,0,0,62,2,2,2,1382,456,2000,1,0,4,73,72,36778,14987,345,660,157,68,711,0,0,0,0,4,2,0,10,0,0,0,0,0,1680,1760,1680,1760,4128,2208,3305,2333,0,0,0,0,100,42,59,56,65,42,40,39,0,0,41,0,0,0,0,0,0,12668,685,487,0,405,82,137,137,100,0,0,0,0,0,0,0,0,0,0,0,0,0,0,0,0,0,0,0,0,0,100,0,0,0,0,0,0,0,0,0,0,0,0,0,0,0,0,0,0,0,0,100
90008,3410,504,97,39,9999,0,0,803,0,0,0,4291,3445,0,0,62,2,2,2,1382,456,2000,1,0,4,73,72,36858,15130,293,725,216,67,215,0,0,0,0,4,2,0,10,0,0,0,0,0,1680,1760,1680,1760,4128,2208,3165,2230,0,0,0,0,100,48,61,60,66,46,48,45,0,0,41,0,0,0,0,0,0,12668,685,487,0,405,82,137,137,100,0,0,0,0,0,0,0,0,0,0,0,0,0,0,0,0,0,0,0,0,0,100,0,0,0,0,0,0,0,0,0,0,0,0,0,0,0,0,0,0,0,0,100
91008,3410,504,97,39,9999,0,0,866,0,0,0,4291,3716,0,0,62,2,2,2,1382,456,2000,1,0,4,72,72,36792,15095,340,816,182,67,541,1,0,0,0,4,2,0,10,0,0,0,0,0,1680,1760,1680,1760,4128,2208,3195,2274,0,0,0,0,100,51,65,66,69,51,48,42,0,0,41,0,0,0,0,0,0,12668,685,487,0,405,82,137,137,100,0,0,0,0,0,0,0,0,0,0,0,0,0,0,0,0,0,0,0,0,0,100,0,0,0,0,0,0,0,0,0,0,0,0,0,0,0,0,0,0,0,0,100
92008,3410,504,97,39,9999,0,0,1034,0,0,0,4291,4436,0,0,62,2,2,2,1382,456,2000,1,0,4,73,72,36731,15095,328,818,134,67,534,0,0,0,0,4,2,0,10,0,0,0,0,0,1680,1760,1680,1760,4128,2208,3266,2265,0,0,0,0,100,41,55,57,62,40,41,38,0,0,41,0,0,0,0,0,0,12668,685,487,0,405,82,137,137,100,0,0,0,0,0,0,0,0,0,0,0,0,0,0,0,0,0,0,0,0,0,100,0,0,0,0,0,0,0,0,0,0,0,0,0,0,0,0,0,0,0,0,100
93008,3410,504,97,39,9999,0,0,836,0,0,0,4291,3587,0,0,62,2,2,2,1382,456,2000,1,0,4,73,72,36434,14942,343,675,146,67,210,0,0,0,0,4,2,0,10,0,0,0,0,0,1680,1760,1680,1760,4128,2208,3284,2271,0,0,0,0,100,53,65,64,69,53,47,48,0,0,41,0,0,0,0,0,0,12668,685,487,0,405,82,137,137,100,0,0,0,0,0,0,0,0,0,0,0,0,0,0,0,0,0,0,0,0,0,100,0,0,0,0,0,0,0,0,0,0,0,0,0,0,0,0,0,0,0,0,100
94008,3410,504,96,40,9999,0,0,1001,0,0,0,4272,4276,0,0,62,2,2,2,1382,456,2000,1,0,4,72,72,36734,14889,312,659,157,68,284,0,0,0,0,4,2,0,10,0,0,0,0,0,1680,1760,1680,1760,4128,2208,3428,2350,0,0,0,0,100,44,67,67,71,44,43,40,0,0,42,0,0,0,0,0,0,12668,685,487,0,405,82,137,137,100,0,0,0,0,0,0,0,0,0,0,0,0,0,0,0,0,0,0,0,0,0,100,0,0,0,0,0,0,0,0,0,0,0,0,0,0,0,0,0,0,0,0,100
95015,3410,504,96,40,9999,0,0,1014,0,0,0,4272,4331,0,0,62,2,2,2,1382,456,2000,1,0,4,73,72,36889,15050,347,745,201,66,711,0,0,0,0,4,2,0,10,0,0,0,0,0,1680,1760,1680,1760,4128,2208,3173,2246,0,0,0,0,100,48,61,58,66,46,48,47,0,0,41,0,0,0,0,0,0,12668,685,487,0,405,82,137,137,100,0,0,0,0,0,0,0,0,0,0,0,0,0,0,0,0,0,0,0,0,0,100,0,0,0,0,0,0,0,0,0,0,0,0,0,0,0,0,0,0,0,0,100
96009,3410,504,96,40,9999,0,0,892,0,0,0,4272,3810,0,0,62,2,2,2,1382,456,2000,1,0,4,72,72,37025,15176,326,791,174,68,213,0,0,0,0,4,2,0,10,0,0,0,0,0,1680,1760,1680,1760,4128,2208,3294,2288,0,0,0,0,100,72,74,73,78,72,65,63,0,0,42,0,0,0,0,0,0,12668,685,487,0,405,82,137,137,100,0,0,0,0,0,0,0,0,0,0,0,0,0,0,0,0,0,0,0,0,0,100,0,0,0,0,0,0,0,0,0,0,0,0,0,0,0,0,0,0,0,0,100
97008,3410,504,96,40,9999,0,0,593,0,0,0,4272,2533,0,0,62,2,2,2,1382,456,2000,1,0,4,73,72,36779,15004,313,678,116,67,356,0,0,0,0,4,2,0,10,0,0,0,0,0,1680,1760,1680,1760,4128,2208,3357,2296,0,0,0,0,100,40,59,59,65,39,40,37,0,0,42,0,0,0,0,0,0,12668,685,487,0,405,82,137,137,100,0,0,0,0,0,0,0,0,0,0,0,0,0,0,0,0,0,0,0,0,0,100,0,0,0,0,0,0,0,0,0,0,0,0,0,0,0,0,0,0,0,0,100
98009,3410,504,96,40,9999,0,0,1058,0,0,0,4275,4522,0,0,62,2,2,2,1382,456,2000,1,0,4,72,72,36657,14943,326,625,115,67,206,0,0,0,0,4,2,0,10,0,0,0,0,0,1680,1760,1680,1760,4128,2208,3165,2279,0,0,0,0,100,47,57,56,63,47,47,45,0,0,41,0,0,0,0,0,0,12668,685,487,0,405,82,137,137,100,0,0,0,0,0,0,0,0,0,0,0,0,0,0,0,0,0,0,0,0,0,100,0,0,0,0,0,0,0,0,0,0,0,0,0,0,0,0,0,0,0,0,100
99033,3424,504,96,40,9999,0,0,962,0,0,0,4275,4112,0,0,62,2,2,2,1382,456,2000,1,0,4,73,72,36702,14921,340,633,116,67,222,0,0,0,0,4,2,0,10,0,0,0,0,0,1680,1760,1680,1760,4128,2208,3302,2347,0,0,0,0,100,48,62,59,66,48,45,44,0,0,41,0,0,0,0,0,0,12668,686,488,0,405,82,137,137,100,0,0,0,0,0,0,0,0,0,0,0,0,0,0,0,0,0,0,0,0,0,100,0,0,0,0,0,0,0,0,0,0,0,0,0,0,0,0,0,0,0,0,100
100008,3424,504,96,40,9999,0,0,627,0,0,0,4275,2680,0,0,62,2,2,2,1382,456,2000,1,0,4,72,72,36862,15025,324,684,143,68,494,0,0,0,0,4,2,0,10,0,0,0,0,0,1680,1760,1680,1760,4128,2208,3199,2240,0,0,0,0,100,39,61,61,64,39,39,39,0,0,41,0,0,0,0,0,0,12668,686,488,0,405,82,137,137,100,0,0,0,0,0,0,0,0,0,0,0,0,0,0,0,0,0,0,0,0,0,100,0,0,0,0,0,0,0,0,0,0,0,0,0,0,0,0,0,0,0,0,100
101008,3424,504,96,40,9999,0,0,706,0,0,0,4281,3022,0,0,62,2,2,2,1382,456,2000,1,0,4,73,72,36711,15015,285,662,134,66,475,0,0,0,0,4,2,0,10,0,0,0,0,0,1680,1760,1680,1760,4128,2208,3244,2279,0,0,0,0,100,49,57,54,62,48,49,47,0,0,41,0,0,0,0,0,0,12668,686,488,0,405,82,137,137,100,0,0,0,0,0,0,0,0,0,0,0,0,0,0,0,0,0,0,0,0,0,100,0,0,0,0,0,0,0,0,0,0,0,0,0,0,0,0,0,0,0,0,100
102009,3424,504,96,40,9999,0,0,559,0,0,0,4281,2393,0,0,62,2,2,2,1382,456,2000,1,0,4,72,72,36491,14971,325,626,111,67,269,0,0,0,0,4,2,0,10,0,0,0,0,0,1680,1760,1680,1760,4128,2208,3253,2269,0,0,0,0,100,48,63,62,67,48,48,46,0,0,41,0,0,0,0,0,0,12668,686,488,0,405,82,137,137,100,0,0,0,0,0,0,0,0,0,0,0,0,0,0,0,0,0,0,0,0,0,100,0,0,0,0,0,0,0,0,0,0,0,0,0,0,0,0,0,0,0,0,100
103008,3424,504,96,40,9999,0,0,770,0,0,0,4281,3296,0,0,62,2,2,2,1382,456,2000,1,0,4,73,72,36737,14964,345,666,111,67,294,0,0,0,0,4,2,0,10,0,0,0,0,0,1680,1760,1680,1760,4128,2208,3226,2266,0,0,0,0,100,44,60,59,65,44,41,39,0,0,41,0,0,0,0,0,0,12668,686,488,0,405,82,137,137,100,0,0,0,0,0,0,0,0,0,0,0,0,0,0,0,0,0,0,0,0,0,100,0,0,0,0,0,0,0,0,0,0,0,0,0,0,0,0,0,0,0,0,100
104009,3424,504,96,40,9999,0,0,1029,0,0,0,4281,4405,0,0,62,2,2,2,1382,456,2000,1,0,4,72,72,36662,14886,336,627,166,66,647,1,0,0,0,4,2,0,10,0,0,0,0,0,1680,1760,1680,1760,4128,2208,3316,2362,0,0,0,0,100,47,62,59,66,44,47,45,0,0,41,0,0,0,0,0,0,12668,686,488,0,405,82,137,137,100,0,0,0,0,0,0,0,0,0,0,0,0,0,0,0,0,0,0,0,0,0,100,0,0,0,0,0,0,0,0,0,0,0,0,0,0,0,0,0,0,0,0,100
105009,3424,504,96,40,9999,0,0,871,0,0,0,4281,3728,0,0,62,2,3,2,1382,456,2000,1,0,4,72,72,36713,14984,303,740,296,67,220,0,0,0,0,4,2,0,10,0,0,0,0,0,1680,1760,1680,1760,4128,2208,3169,2247,0,0,0,0,100,50,65,63,68,50,50,48,0,0,42,0,0,0,0,0,0,12668,686,488,0,405,82,137,137,100,0,0,0,0,0,0,0,0,0,0,0,0,0,0,0,0,0,0,0,0,0,100,0,0,0,0,0,0,0,0,0,0,0,0,0,0,0,0,0,0,0,0,100
106009,3424,504,96,40,9999,0,0,740,0,0,0,4281,3167,0,0,62,2,2,2,1382,456,2000,1,0,4,73,72,36428,14960,322,721,167,66,495,0,0,0,0,4,2,0,10,0,0,0,0,0,1680,1760,1680,1760,4128,2208,3337,2295,0,0,0,0,100,55,65,64,69,55,50,50,0,0,42,0,0,0,0,0,0,12668,686,488,0,405,82,137,137,100,0,0,0,0,0,0,0,0,0,0,0,0,0,0,0,0,0,0,0,0,0,100,0,0,0,0,0,0,0,0,0,0,0,0,0,0,0,0,0,0,0,0,100
107010,3424,504,96,40,9999,0,0,897,0,0,0,4281,3840,0,0,62,2,2,2,1382,456,2000,1,0,4,73,72,36697,14966,281,766,229,67,581,0,0,0,0,4,2,0,10,0,0,0,0,0,1680,1760,1680,1760,4128,2208,3226,2295,0,0,0,0,100,43,56,56,62,43,43,41,0,0,41,0,0,0,0,0,0,12668,686,488,0,405,82,137,137,100,0,0,0,0,0,0,0,0,0,0,0,0,0,0,0,0,0,0,0,0,0,100,0,0,0,0,0,0,0,0,0,0,0,0,0,0,0,0,0,0,0,0,100
108009,3424,504,96,40,9999,0,0,634,0,0,0,4285,2716,0,0,62,2,3,2,1382,456,2000,1,0,4,72,72,37011,15152,333,855,167,67,627,0,0,0,0,4,2,0,10,0,0,0,0,0,1680,1760,1680,1760,4128,2208,3194,2283,0,0,0,0,100,54,62,63,68,54,51,48,0,0,41,0,0,0,0,0,0,12668,686,488,0,405,82,137,137,100,0,0,0,0,0,0,0,0,0,0,0,0,0,0,0,0,0,0,0,0,0,100,0,0,0,0,0,0,0,0,0,0,0,0,0,0,0,0,0,0,0,0,100
109009,3424,504,96,40,9999,0,0,826,0,0,0,4285,3539,0,0,62,2,2,2,1382,456,2000,1,0,4,72,72,36646,15112,345,863,129,66,229,0,0,0,0,4,2,0,10,0,0,0,0,0,1680,1760,1680,1760,4128,2208,3297,2358,0,0,0,0,100,39,60,59,62,39,38,36,0,0,41,0,0,0,0,0,0,12668,686,488,0,405,82,137,137,100,0,0,0,0,0,0,0,0,0,0,0,0,0,0,0,0,0,0,0,0,0,100,0,0,0,0,0,0,0,0,0,0,0,0,0,0,0,0,0,0,0,0,100
110009,3424,504,96,40,9999,0,0,1192,0,0,0,4285,5107,0,0,62,2,2,2,1382,456,2000,1,0,4,73,72,36682,14929,331,650,128,67,536,0,0,0,0,4,2,0,10,0,0,0,0,0,1680,1760,1680,1760,4128,2208,3185,2246,0,0,0,0,100,45,56,54,63,44,45,43,0,0,42,0,0,0,0,0,0,12668,686,488,0,405,82,137,137,100,0,0,0,0,0,0,0,0,0,0,0,0,0,0,0,0,0,0,0,0,0,100,0,0,0,0,0,0,0,0,0,0,0,0,0,0,0,0,0,0,0,0,100
111009,3424,504,96,40,9999,0,0,1021,0,0,0,4285,4374,0,0,62,2,3,2,1382,456,2000,1,0,4,73,72,36949,15140,262,744,208,68,515,0,0,0,0,4,2,0,10,0,0,0,0,0,1680,1760,1680,1760,4128,2208,3279,2259,0,0,0,0,100,53,65,63,70,53,53,50,0,0,41,0,0,0,0,0,0,12668,686,488,0,405,82,137,137,100,0,0,0,0,0,0,0,0,0,0,0,0,0,0,0,0,0,0,0,0,0,100,0,0,0,0,0,0,0,0,0,0,0,0,0,0,0,0,0,0,0,0,100
112009,3424,504,96,40,9999,0,0,628,0,0,0,4285,2690,0,0,62,2,2,2,1382,456,2000,1,0,4,73,72,36873,15169,294,814,161,67,573,0,0,0,0,4,2,0,10,0,0,0,0,0,1680,1760,1680,1760,4128,2208,3210,2261,0,0,0,0,100,40,59,60,64,39,40,37,0,0,41,0,0,0,0,0,0,12668,686,488,0,405,82,137,137,100,0,0,0,0,0,0,0,0,0,0,0,0,0,0,0,0,0,0,0,0,0,100,0,0,0,0,0,0,0,0,0,0,0,0,0,0,0,0,0,0,0,0,100
113009,3424,504,96,40,9999,0,0,912,0,0,0,4285,3907,0,0,62,2,2,2,1382,456,2000,1,0,4,72,72,36767,15125,325,829,173,67,604,1,0,0,0,4,2,0,10,0,0,0,0,0,1680,1760,1680,1760,4128,2208,3245,2267,0,0,0,0,100,44,58,55,62,43,44,42,0,0,41,0,0,0,0,0,0,12668,686,488,0,405,82,137,137,100,0,0,0,0,0,0,0,0,0,0,0,0,0,0,0,0,0,0,0,0,0,100,0,0,0,0,0,0,0,0,0,0,0,0,0,0,0,0,0,0,0,0,100
114010,3424,504,96,40,9999,0,0,885,0,0,0,4285,3792,0,0,62,2,2,2,1382,456,2000,1,0,4,72,72,36764,14966,330,716,140,68,355,0,0,0,0,4,2,0,10,0,0,0,0,0,1680,1760,1680,1760,4128,2208,3370,2330,0,0,0,0,100,52,66,66,69,52,50,46,0,0,41,0,0,0,0,0,0,12668,686,488,0,405,82,137,137,100,0,0,0,0,0,0,0,0,0,0,0,0,0,0,0,0,0,0,0,0,0,100,0,0,0,0,0,0,0,0,0,0,0,0,0,0,0,0,0,0,0,0,100
115009,3424,504,96,40,9999,0,0,654,0,0,0,4285,2802,0,0,62,2,2,2,1382,456,2000,1,0,4,72,72,36764,14952,332,697,108,67,386,0,0,0,0,4,2,0,10,0,0,0,0,0,1680,1760,1680,1760,4128,2208,3123,2231,0,0,0,0,100,45,60,60,66,45,44,45,0,0,41,0,0,0,0,0,0,12668,686,488,0,405,82,137,137,100,0,0,0,0,0,0,0,0,0,0,0,0,0,0,0,0,0,0,0,0,0,100,0,0,0,0,0,0,0,0,0,0,0,0,0,0,0,0,0,0,0,0,100
116009,3424,504,96,40,9999,0,0,904,0,0,0,4285,3873,0,0,62,2,2,2,1382,456,2000,1,0,4,73,72,36935,15067,307,720,154,67,614,0,0,0,0,4,2,0,10,0,0,0,0,0,1680,1760,1680,1760,4128,2208,3357,2270,0,0,0,0,100,58,63,62,69,58,55,53,0,0,41,0,0,0,0,0,0,12668,686,488,0,405,82,137,137,100,0,0,0,0,0,0,0,0,0,0,0,0,0,0,0,0,0,0,0,0,0,100,0,0,0,0,0,0,0,0,0,0,0,0,0,0,0,0,0,0,0,0,100
117010,3424,504,96,40,9999,0,0,779,0,0,0,4285,3338,0,0,62,2,2,2,1382,456,2000,1,0,4,73,72,36528,14988,332,688,136,67,217,0,0,0,0,4,2,0,10,0,0,0,0,0,1680,1760,1680,1760,4128,2208,3331,2265,0,0,0,0,100,51,63,63,69,51,46,44,0,0,41,0,0,0,0,0,0,12668,686,488,0,405,82,137,137,100,0,0,0,0,0,0,0,0,0,0,0,0,0,0,0,0,0,0,0,0,0,100,0,0,0,0,0,0,0,0,0,0,0,0,0,0,0,0,0,0,0,0,100
118010,3424,504,96,40,9999,0,0,801,0,0,0,4276,3425,0,0,62,2,2,2,1382,456,2000,1,0,4,73,72,36799,15136,319,844,172,67,584,1,0,0,0,4,2,0,10,0,0,0,0,0,1680,1760,1680,1760,4128,2208,3143,2263,0,0,0,0,100,45,58,59,61,45,44,43,0,0,41,0,0,0,0,0,0,12668,686,488,0,405,82,137,137,100,0,0,0,0,0,0,0,0,0,0,0,0,0,0,0,0,0,0,0,0,0,100,0,0,0,0,0,0,0,0,0,0,0,0,0,0,0,0,0,0,0,0,100
119035,3409,505,96,40,9999,0,0,661,0,0,0,4276,2826,0,0,62,2,2,2,1382,456,2000,1,0,4,73,72,36860,15074,325,839,144,66,371,0,0,0,0,4,2,0,10,0,0,0,0,0,1680,1760,1680,1760,4128,2208,3335,2247,0,0,0,0,100,43,55,55,60,43,41,40,0,0,41,0,0,0,0,0,0,12668,686,489,0,406,82,137,137,100,0,0,0,0,0,0,0,0,0,0,0,0,0,0,0,0,0,0,0,0,0,100,0,0,0,0,0,0,0,0,0,0,0,0,0,0,0,0,0,0,0,0,100
120010,3409,505,96,40,9999,0,0,776,0,0,0,4276,3318,0,0,62,2,2,2,1382,456,2000,1,0,4,72,72,36766,14970,326,697,108,67,209,0,0,0,0,4,2,0,10,0,0,0,0,0,1680,1760,1680,1760,4128,2208,3270,2278,0,0,0,0,100,51,64,66,70,51,48,47,0,0,41,0,0,0,0,0,0,12668,686,489,0,406,82,137,137,100,0,0,0,0,0,0,0,0,0,0,0,0,0,0,0,0,0,0,0,0,0,100,0,0,0,0,0,0,0,0,0,0,0,0,0,0,0,0,0,0,0,0,100
121010,3409,505,96,40,9999,0,0,1066,0,0,0,4276,4558,0,0,62,2,2,2,1382,456,2000,1,0,4,73,72,36779,14931,314,654,103,67,220,0,0,0,0,4,2,0,10,0,0,0,0,0,1680,1760,1680,1760,4128,2208,3261,2353,0,0,0,0,100,49,59,58,62,45,49,49,0,0,42,0,0,0,0,0,0,12668,686,489,0,406,82,137,137,100,0,0,0,0,0,0,0,0,0,0,0,0,0,0,0,0,0,0,0,0,0,100,0,0,0,0,0,0,0,0,0,0,0,0,0,0,0,0,0,0,0,0,100
122010,3409,505,96,40,9999,0,0,1095,0,0,0,4276,4682,0,0,62,2,2,2,1382,456,2000,1,0,4,73,72,36669,14881,331,605,93,67,216,0,0,0,0,4,2,0,10,0,0,0,0,0,1680,1760,1680,1760,4128,2208,3217,2224,0,0,0,0,100,40,54,53,59,40,37,36,0,0,41,0,0,0,0,0,0,12668,686,489,0,406,82,137,137,100,0,0,0,0,0,0,0,0,0,0,0,0,0,0,0,0,0,0,0,0,0,100,0,0,0,0,0,0,0,0,0,0,0,0,0,0,0,0,0,0,0,0,100
123010,3409,505,96,40,9999,0,0,511,0,0,0,4276,2185,0,0,62,2,2,2,1382,456,2000,1,0,4,73,72,36474,14870,328,606,207,67,565,1,0,0,0,4,2,0,10,0,0,0,0,0,1680,1760,1680,1760,4128,2208,3152,2282,0,0,0,0,100,53,66,64,71,53,46,46,0,0,41,0,0,0,0,0,0,12668,686,489,0,406,82,137,137,100,0,0,0,0,0,0,0,0,0,0,0,0,0,0,0,0,0,0,0,0,0,100,0,0,0,0,0,0,0,0,0,0,0,0,0,0,0,0,0,0,0,0,100
124010,3409,505,96,40,9999,0,0,949,0,0,0,4276,4057,0,0,62,2,2,2,1382,456,2000,1,0,4,73,72,36535,14954,301,758,245,67,221,0,0,0,0,4,2,0,10,0,0,0,0,0,1680,1760,1680,1760,4128,2208,3217,2243,0,0,0,0,100,45,59,56,64,45,43,44,0,0,41,0,0,0,0,0,0,12668,686,489,0,406,82,137,137,100,0,0,0,0,0,0,0,0,0,0,0,0,0,0,0,0,0,0,0,0,0,100,0,0,0,0,0,0,0,0,0,0,0,0,0,0,0,0,0,0,0,0,100
125010,3409,505,96,40,9999,0,0,790,0,0,0,4276,3378,0,0,62,2,2,2,1382,456,2000,1,0,4,73,72,36301,14912,321,645,187,67,193,0,0,0,0,4,2,0,10,0,0,0,0,0,1680,1760,1680,1760,4128,2208,3229,2274,0,0,0,0,100,51,60,61,66,51,49,48,0,0,41,0,0,0,0,0,0,12668,686,489,0,406,82,137,137,100,0,0,0,0,0,0,0,0,0,0,0,0,0,0,0,0,0,0,0,0,0,100,0,0,0,0,0,0,0,0,0,0,0,0,0,0,0,0,0,0,0,0,100
126010,3409,505,96,40,9999,0,0,595,0,0,0,4276,2544,0,0,62,2,2,2,1382,456,2000,1,0,4,73,72,36516,14968,365,652,125,67,230,0,0,0,0,4,2,0,10,0,0,0,0,0,1680,1760,1680,1760,4128,2208,3223,2327,0,0,0,0,100,63,72,71,76,63,56,56,0,0,41,0,0,0,0,0,0,12668,686,489,0,406,82,137,137,100,0,0,0,0,0,0,0,0,0,0,0,0,0,0,0,0,0,0,0,0,0,100,0,0,0,0,0,0,0,0,0,0,0,0,0,0,0,0,0,0,0,0,100
127010,3409,505,96,40,9999,0,0,944,0,0,0,4276,4036,0,0,62,2,2,2,1382,456,2000,1,0,4,73,72,36903,15099,301,774,161,67,327,0,0,0,0,4,2,0,10,0,0,0,0,0,1680,1760,1680,1760,4128,2208,3199,2298,0,0,0,0,100,47,56,57,64,47,46,45,0,0,41,0,0,0,0,0,0,12668,686,489,0,406,82,137,137,100,0,0,0,0,0,0,0,0,0,0,0,0,0,0,0,0,0,0,0,0,0,100,0,0,0,0,0,0,0,0,0,0,0,0,0,0,0,0,0,0,0,0,100
128010,3409,505,96,40,9999,0,0,1013,0,0,0,4264,4319,0,0,62,2,2,2,1382,456,2000,1,0,4,72,72,37045,15222,298,857,211,68,616,0,0,0,0,4,2,0,10,0,0,0,0,0,1680,1760,1680,1760,4128,2208,3262,2271,0,0,0,0,100,43,58,56,63,41,43,40,0,0,41,0,0,0,0,0,0,12668,686,489,0,406,82,137,137,100,0,0,0,0,0,0,0,0,0,0,0,0,0,0,0,0,0,0,0,0,0,100,0,0,0,0,0,0,0,0,0,0,0,0,0,0,0,0,0,0,0,0,100
129011,3409,505,96,40,9999,0,0,641,0,0,0,4264,2733,0,0,62,2,2,2,1382,456,2000,1,0,4,73,72,36836,15144,284,794,171,68,561,0,0,0,0,4,2,0,10,0,0,0,0,0,1680,1760,1680,1760,4128,2208,3272,2226,0,0,0,0,100,55,65,66,72,55,50,49,0,0,41,0,0,0,0,0,0,12668,686,489,0,406,82,137,137,100,0,0,0,0,0,0,0,0,0,0,0,0,0,0,0,0,0,0,0,0,0,100,0,0,0,0,0,0,0,0,0,0,0,0,0,0,0,0,0,0,0,0,100
130012,3409,505,96,40,9999,0,0,748,0,0,0,4264,3189,0,0,62,2,2,2,1382,456,2000,1,0,4,72,72,36723,14992,327,776,139,67,417,0,0,0,0,4,2,0,10,0,0,0,0,0,1680,1760,1680,1760,4128,2208,3274,2285,0,0,0,0,100,44,56,56,63,44,43,44,0,0,41,0,0,0,0,0,0,12668,686,489,0,406,82,137,137,100,0,0,0,0,0,0,0,0,0,0,0,0,0,0,0,0,0,0,0,0,0,100,0,0,0,0,0,0,0,0,0,0,0,0,0,0,0,0,0,0,0,0,100
131011,3409,505,96,40,9999,0,0,999,0,0,0,4264,4259,0,0,62,2,2,2,1382,456,2000,1,0,4,73,72,36703,14971,327,708,150,67,395,0,0,0,0,4,2,0,10,0,0,0,0,0,1680,1760,1680,1760,4128,2208,3173,2333,0,0,0,0,100,45,56,56,63,42,45,42,0,0,41,0,0,0,0,0,0,12668,686,489,0,406,82,137,137,100,0,0,0,0,0,0,0,0,0,0,0,0,0,0,0,0,0,0,0,0,0,100,0,0,0,0,0,0,0,0,0,0,0,0,0,0,0,0,0,0,0,0,100
132011,3409,505,96,40,9999,0,0,651,0,0,0,4264,2775,0,0,62,2,2,2,1382,456,2000,1,0,4,72,72,36727,15202,318,852,163,67,616,0,0,0,0,4,2,0,10,0,0,0,0,0,1680,1760,1680,1760,4128,2208,3083,2198,0,0,0,0,100,51,65,65,72,51,45,44,0,0,41,0,0,0,0,0,0,12668,686,489,0,406,82,137,137,100,0,0,0,0,0,0,0,0,0,0,0,0,0,0,0,0,0,0,0,0,0,100,0,0,0,0,0,0,0,0,0,0,0,0,0,0,0,0,0,0,0,0,100
133012,3409,505,96,40,9999,0,0,718,0,0,0,4264,3061,0,0,62,2,2,2,1382,456,2000,1,0,4,73,72,36856,15271,327,944,185,67,621,0,0,0,0,4,2,0,10,0,0,0,0,0,1680,1760,1680,1760,4128,2208,3120,2282,0,0,0,0,100,44,55,57,61,42,43,44,0,0,41,0,0,0,0,0,0,12668,686,489,0,406,82,137,137,100,0,0,0,0,0,0,0,0,0,0,0,0,0,0,0,0,0,0,0,0,0,100,0,0,0,0,0,0,0,0,0,0,0,0,0,0,0,0,0,0,0,0,100
134013,3409,505,96,40,9999,0,0,1196,0,0,0,4264,5099,0,0,62,2,2,2,1382,456,2000,1,0,4,73,72,36711,15123,328,864,119,67,195,0,0,0,0,4,2,0,10,0,0,0,0,0,1680,1760,1680,1760,4128,2208,3394,2250,0,0,0,0,100,42,60,59,63,42,41,40,0,0,41,0,0,0,0,0,0,12668,686,489,0,406,82,137,137,100,0,0,0,0,0,0,0,0,0,0,0,0,0,0,0,0,0,0,0,0,0,100,0,0,0,0,0,0,0,0,0,0,0,0,0,0,0,0,0,0,0,0,100
135011,3409,505,96,40,9999,0,0,1018,0,0,0,4264,4340,0,0,62,2,3,2,1382,456,2000,1,0,4,72,72,36322,15041,311,764,159,68,237,0,0,0,0,4,2,0,10,0,0,0,0,0,1680,1760,1680,1760,4128,2208,3266,2269,0,0,0,0,100,61,70,68,73,61,58,57,0,0,41,0,0,0,0,0,0,12668,686,489,0,406,82,137,137,100,0,0,0,0,0,0,0,0,0,0,0,0,0,0,0,0,0,0,0,0,0,100,0,0,0,0,0,0,0,0,0,0,0,0,0,0,0,0,0,0,0,0,100
136011,3409,505,96,40,9999,0,0,743,0,0,0,4264,3168,0,0,62,2,2,2,1382,456,2000,1,0,4,72,72,36736,15057,322,809,157,66,423,0,0,0,0,4,2,0,10,0,0,0,0,0,1680,1760,1680,1760,4128,2208,3190,2333,0,0,0,0,100,53,62,61,66,53,50,48,0,0,41,0,0,0,0,0,0,12668,686,489,0,406,82,137,137,100,0,0,0,0,0,0,0,0,0,0,0,0,0,0,0,0,0,0,0,0,0,100,0,0,0,0,0,0,0,0,0,0,0,0,0,0,0,0,0,0,0,0,100
137012,3409,505,96,40,9999,0,0,1104,0,0,0,4264,4707,0,0,62,2,2,2,1382,456,2000,1,0,4,72,72,36816,15080,334,833,163,66,623,1,0,0,0,4,2,0,10,0,0,0,0,0,1680,1760,1680,1760,4128,2208,3192,2312,0,0,0,0,100,41,57,55,63,38,39,41,0,0,41,0,0,0,0,0,0,12668,686,489,0,406,82,137,137,100,0,0,0,0,0,0,0,0,0,0,0,0,0,0,0,0,0,0,0,0,0,100,0,0,0,0,0,0,0,0,0,0,0,0,0,0,0,0,0,0,0,0,100
138011,3409,505,96,40,9999,0,0,779,0,0,0,4272,3327,0,0,62,2,2,2,1382,456,2000,1,0,4,73,72,36792,15141,306,899,201,67,317,0,0,0,0,4,2,0,10,0,0,0,0,0,1680,1760,1680,1760,4128,2208,3121,2272,0,0,0,0,100,53,70,69,75,53,51,50,0,0,41,0,0,0,0,0,0,12668,686,489,0,406,82,137,137,100,0,0,0,0,0,0,0,0,0,0,0,0,0,0,0,0,0,0,0,0,0,100,0,0,0,0,0,0,0,0,0,0,0,0,0,0,0,0,0,0,0,0,100
139037,3432,506,96,40,9999,0,0,617,0,0,0,4272,2635,0,0,62,2,2,2,1382,456,2000,1,0,4,73,72,36792,15077,312,885,226,66,354,0,0,0,0,4,2,0,10,0,0,0,0,0,1680,1760,1680,1760,4128,2208,3325,2247,0,0,0,0,100,45,61,58,64,43,45,42,0,0,42,0,0,0,0,0,0,12668,687,489,0,407,82,137,137,100,0,0,0,0,0,0,0,0,0,0,0,0,0,0,0,0,0,0,0,0,0,100,0,0,0,0,0,0,0,0,0,0,0,0,0,0,0,0,0,0,0,0,100
140011,3432,506,96,40,9999,0,0,1023,0,0,0,4272,4370,0,0,62,2,2,2,1382,456,2000,1,0,4,73,72,36819,15136,319,851,116,67,357,0,0,0,0,4,2,0,10,0,0,0,0,0,1680,1760,1680,1760,4128,2208,3212,2292,0,0,0,0,100,41,58,58,65,41,38,40,0,0,41,0,0,0,0,0,0,12668,687,489,0,407,82,137,137,100,0,0,0,0,0,0,0,0,0,0,0,0,0,0,0,0,0,0,0,0,0,100,0,0,0,0,0,0,0,0,0,0,0,0,0,0,0,0,0,0,0,0,100
141012,3432,506,96,40,9999,0,0,737,0,0,0,4272,3148,0,0,62,2,2,2,1382,456,2000,1,0,4,72,72,36740,15307,386,998,264,67,584,0,0,0,0,4,2,0,10,0,0,0,0,0,1680,1760,1680,1760,4128,2208,3179,2352,0,0,0,0,100,43,58,57,62,43,43,43,0,0,41,0,0,0,0,0,0,12668,687,489,0,407,82,137,137,100,0,0,0,0,0,0,0,0,0,0,0,0,0,0,0,0,0,0,0,0,0,100,0,0,0,0,0,0,0,0,0,0,0,0,0,0,0,0,0,0,0,0,100
142012,3432,506,96,40,9999,0,0,514,0,0,0,4272,2195,0,0,62,2,2,2,1382,456,2000,1,0,4,72,72,37030,15334,297,977,166,67,512,0,0,0,0,4,2,0,10,0,0,0,0,0,1680,1760,1680,1760,4128,2208,3214,2239,0,0,0,0,100,43,59,57,62,41,43,43,0,0,42,0,0,0,0,0,0,12668,687,489,0,407,82,137,137,100,0,0,0,0,0,0,0,0,0,0,0,0,0,0,0,0,0,0,0,0,0,100,0,0,0,0,0,0,0,0,0,0,0,0,0,0,0,0,0,0,0,0,100
143012,3432,506,96,40,9999,0,0,908,0,0,0,4272,3878,0,0,62,2,2,2,1382,456,2000,1,0,4,73,72,36962,15189,315,858,151,67,558,0,0,0,0,4,2,0,10,0,0,0,0,0,1680,1760,1680,1760,4128,2208,3241,2268,0,0,0,0,100,39,60,57,64,38,37,39,0,0,41,0,0,0,0,0,0,12668,687,489,0,407,82,137,137,100,0,0,0,0,0,0,0,0,0,0,0,0,0,0,0,0,0,0,0,0,0,100,0,0,0,0,0,0,0,0,0,0,0,0,0,0,0,0,0,0,0,0,100
144012,3432,506,96,40,9999,0,0,790,0,0,0,4272,3374,0,0,62,2,2,2,1382,456,2000,1,0,4,72,72,37032,15206,293,855,184,66,591,0,0,0,0,4,2,0,10,0,0,0,0,0,1680,1760,1680,1760,4128,2208,3365,2256,0,0,0,0,100,47,57,58,64,45,45,47,0,0,42,0,0,0,0,0,0,12668,687,489,0,407,82,137,137,100,0,0,0,0,0,0,0,0,0,0,0,0,0,0,0,0,0,0,0,0,0,100,0,0,0,0,0,0,0,0,0,0,0,0,0,0,0,0,0,0,0,0,100
145012,3432,506,96,40,9999,0,0,751,0,0,0,4272,3208,0,0,62,2,2,2,1382,456,2000,1,0,4,73,72,36892,15159,331,880,172,66,502,0,0,0,0,4,2,0,10,0,0,0,0,0,1680,1760,1680,1760,4128,2208,3285,2295,0,0,0,0,100,39,62,56,63,38,39,38,0,0,42,0,0,0,0,0,0,12668,687,489,0,407,82,137,137,100,0,0,0,0,0,0,0,0,0,0,0,0,0,0,0,0,0,0,0,0,0,100,0,0,0,0,0,0,0,0,0,0,0,0,0,0,0,0,0,0,0,0,100
146012,3432,506,96,40,9999,0,0,1101,0,0,0,4272,4703,0,0,62,2,2,2,1382,456,2000,1,0,4,73,72,36607,15257,321,915,168,67,633,0,0,0,0,4,2,0,10,0,0,0,0,0,1680,1760,1680,1760,4128,2208,3176,2377,0,0,0,0,100,56,67,67,74,56,55,52,0,0,42,0,0,0,0,0,0,12668,687,489,0,407,82,137,137,100,0,0,0,0,0,0,0,0,0,0,0,0,0,0,0,0,0,0,0,0,0,100,0,0,0,0,0,0,0,0,0,0,0,0,0,0,0,0,0,0,0,0,100
147012,3432,506,96,40,9999,0,0,1089,0,0,0,4272,4652,0,0,62,2,2,2,1382,456,2000,1,0,4,72,72,36796,15157,348,901,123,67,563,0,0,0,0,4,2,0,10,0,0,0,0,0,1680,1760,1680,1760,4128,2208,3182,2264,0,0,0,0,100,44,57,53,62,44,44,43,0,0,41,0,0,0,0,0,0,12668,687,489,0,407,82,137,137,100,0,0,0,0,0,0,0,0,0,0,0,0,0,0,0,0,0,0,0,0,0,100,0,0,0,0,0,0,0,0,0,0,0,0,0,0,0,0,0,0,0,0,100
148012,3432,506,96,40,9999,0,0,665,0,0,0,4280,2846,0,0,62,2,2,2,1382,456,2000,1,0,4,72,72,36652,15139,317,848,120,67,505,0,0,0,0,4,2,0,10,0,0,0,0,0,1680,1760,1680,1760,4128,2208,3236,2263,0,0,0,0,100,42,57,56,62,40,42,40,0,0,41,0,0,0,0,0,0,12668,687,489,0,407,82,137,137,100,0,0,0,0,0,0,0,0,0,0,0,0,0,0,0,0,0,0,0,0,0,100,0,0,0,0,0,0,0,0,0,0,0,0,0,0,0,0,0,0,0,0,100
149012,3432,506,96,40,9999,0,0,891,0,0,0,4280,3813,0,0,62,2,2,2,1382,456,2000,1,0,4,73,72,36643,15085,329,795,132,67,392,0,0,0,0,4,2,0,10,0,0,0,0,0,1680,1760,1680,1760,4128,2208,3278,2232,0,0,0,0,100,41,54,55,60,41,39,36,0,0,41,0,0,0,0,0,0,12668,687,489,0,407,82,137,137,100,0,0,0,0,0,0,0,0,0,0,0,0,0,0,0,0,0,0,0,0,0,100,0,0,0,0,0,0,0,0,0,0,0,0,0,0,0,0,0,0,0,0,100
150012,3432,506,96,40,9999,0,0,869,0,0,0,4278,3717,0,0,62,2,2,2,1382,456,2000,1,0,4,72,72,36811,15083,325,788,143,67,607,0,0,0,0,4,2,0,10,0,0,0,0,0,1680,1760,1680,1760,4128,2208,3297,2280,0,0,0,0,100,45,56,57,60,41,44,45,0,0,42,0,0,0,0,0,0,12668,687,489,0,407,82,137,137,100,0,0,0,0,0,0,0,0,0,0,0,0,0,0,0,0,0,0,0,0,0,100,0,0,0,0,0,0,0,0,0,0,0,0,0,0,0,0,0,0,0,0,100
151012,3432,506,96,40,9999,0,0,774,0,0,0,4278,3311,0,0,62,2,2,2,1382,456,2000,1,0,4,73,72,36863,15258,334,943,188,67,655,0,0,0,0,4,2,0,10,0,0,0,0,0,1680,1760,1680,1760,4128,2208,3330,2351,0,0,0,0,100,41,57,57,65,41,41,38,0,0,42,0,0,0,0,0,0,12668,687,489,0,407,82,137,137,100,0,0,0,0,0,0,0,0,0,0,0,0,0,0,0,0,0,0,0,0,0,100,0,0,0,0,0,0,0,0,0,0,0,0,0,0,0,0,0,0,0,0,100
152012,3432,506,96,40,9999,0,0,784,0,0,0,4278,3353,0,0,62,2,2,2,1382,456,2000,1,0,4,73,72,36818,15234,321,900,119,66,337,0,0,0,0,4,2,0,10,0,0,0,0,0,1680,1760,1680,1760,4128,2208,3148,2271,0,0,0,0,100,39,56,55,62,39,37,32,0,0,41,0,0,0,0,0,0,12668,687,489,0,407,82,137,137,100,0,0,0,0,0,0,0,0,0,0,0,0,0,0,0,0,0,0,0,0,0,100,0,0,0,0,0,0,0,0,0,0,0,0,0,0,0,0,0,0,0,0,100
153012,3432,506,96,40,9999,0,0,525,0,0,0,4278,2245,0,0,62,2,2,2,1382,456,2000,1,0,4,73,72,36620,15032,321,777,134,68,424,0,0,0,0,4,2,0,10,0,0,0,0,0,1680,1760,1680,1760,4128,2208,3179,2266,0,0,0,0,100,44,60,56,66,43,44,40,0,0,41,0,0,0,0,0,0,12668,687,489,0,407,82,137,137,100,0,0,0,0,0,0,0,0,0,0,0,0,0,0,0,0,0,0,0,0,0,100,0,0,0,0,0,0,0,0,0,0,0,0,0,0,0,0,0,0,0,0,100
154012,3432,506,96,40,9999,0,0,754,0,0,0,4278,3225,0,0,62,2,2,2,1382,456,2000,1,0,4,73,72,36865,15072,329,770,122,68,609,0,0,0,0,4,2,0,10,0,0,0,0,0,1680,1760,1680,1760,4128,2208,3353,2226,0,0,0,0,100,44,56,58,62,44,44,43,0,0,41,0,0,0,0,0,0,12668,687,489,0,407,82,137,137,100,0,0,0,0,0,0,0,0,0,0,0,0,0,0,0,0,0,0,0,0,0,100,0,0,0,0,0,0,0,0,0,0,0,0,0,0,0,0,0,0,0,0,100
155013,3432,506,96,40,9999,0,0,698,0,0,0,4278,2986,0,0,62,2,2,2,1382,456,2000,1,0,4,73,72,36905,15222,267,887,212,68,363,0,0,0,0,4,2,0,10,0,0,0,0,0,1680,1760,1680,1760,4128,2208,3261,2270,0,0,0,0,100,40,55,54,62,37,40,37,0,0,41,0,0,0,0,0,0,12668,687,489,0,407,82,137,137,100,0,0,0,0,0,0,0,0,0,0,0,0,0,0,0,0,0,0,0,0,0,100,0,0,0,0,0,0,0,0,0,0,0,0,0,0,0,0,0,0,0,0,100
156012,3432,506,96,40,9999,0,0,785,0,0,0,4278,3358,0,0,62,2,3,2,1382,456,2000,1,0,4,72,72,36946,15156,310,854,107,67,474,0,0,0,0,4,2,0,10,0,0,0,0,0,1680,1760,1680,1760,4128,2208,3274,2340,0,0,0,0,100,57,63,61,69,57,54,54,0,0,41,0,0,0,0,0,0,12668,687,489,0,407,82,137,137,100,0,0,0,0,0,0,0,0,0,0,0,0,0,0,0,0,0,0,0,0,0,100,0,0,0,0,0,0,0,0,0,0,0,0,0,0,0,0,0,0,0,0,100
157013,3432,506,96,40,9999,0,0,1081,0,0,0,4278,4624,0,0,62,2,2,2,1382,456,2000,1,0,4,72,72,36694,15012,355,771,156,67,203,0,0,0,0,4,2,0,10,0,0,0,0,0,1680,1760,1680,1760,4128,2208,3252,2270,0,0,0,0,100,39,56,55,61,39,38,38,0,0,41,0,0,0,0,0,0,12668,687,489,0,407,82,137,137,100,0,0,0,0,0,0,0,0,0,0,0,0,0,0,0,0,0,0,0,0,0,100,0,0,0,0,0,0,0,0,0,0,0,0,0,0,0,0,0,0,0,0,100
158013,3432,506,96,40,9999,0,0,554,0,0,0,4285,2373,0,0,62,2,2,2,1382,456,2000,1,0,4,72,72,36653,15005,315,747,192,67,225,1,0,0,0,4,2,0,10,0,0,0,0,0,1680,1760,1680,1760,4128,2208,3121,2263,0,0,0,0,100,40,54,53,59,40,40,39,0,0,41,0,0,0,0,0,0,12668,687,489,0,407,82,137,137,100,0,0,0,0,0,0,0,0,0,0,0,0,0,0,0,0,0,0,0,0,0,100,0,0,0,0,0,0,0,0,0,0,0,0,0,0,0,0,0,0,0,0,100
159038,3425,506,96,40,9999,0,0,1088,0,0,0,4285,4662,0,0,62,2,2,2,1382,456,2000,1,0,4,73,72,36878,15011,345,745,125,67,502,0,0,0,0,4,2,0,10,0,0,0,0,0,1680,1760,1680,1760,4128,2208,3245,2230,0,0,0,0,100,43,55,54,62,41,42,43,0,0,41,0,0,0,0,0,0,12668,687,490,0,407,82,137,137,100,0,0,0,0,0,0,0,0,0,0,0,0,0,0,0,0,0,0,0,0,0,100,0,0,0,0,0,0,0,0,0,0,0,0,0,0,0,0,0,0,0,0,100
160013,3425,506,96,40,9999,0,0,871,0,0,0,4285,3732,0,0,62,2,2,2,1382,456,2000,1,0,4,73,72,36799,15086,306,767,144,67,215,0,0,0,0,4,2,0,10,0,0,0,0,0,1680,1760,1680,1760,4128,2208,3285,2264,0,0,0,0,100,43,56,54,58,43,42,42,0,0,41,0,0,0,0,0,0,12668,687,490,0,407,82,137,137,100,0,0,0,0,0,0,0,0,0,0,0,0,0,0,0,0,0,0,0,0,0,100,0,0,0,0,0,0,0,0,0,0,0,0,0,0,0,0,0,0,0,0,100
161013,3425,506,96,40,9999,0,0,693,0,0,0,4285,2969,0,0,62,2,2,2,1382,456,2000,1,0,4,73,72,36736,14965,317,690,103,67,291,0,0,0,0,4,2,0,10,0,0,0,0,0,1680,1760,1680,1760,4128,2208,3251,2338,0,0,0,0,100,38,52,52,62,38,38,37,0,0,41,0,0,0,0,0,0,12668,687,490,0,407,82,137,137,100,0,0,0,0,0,0,0,0,0,0,0,0,0,0,0,0,0,0,0,0,0,100,0,0,0,0,0,0,0,0,0,0,0,0,0,0,0,0,0,0,0,0,100
162013,3425,506,96,40,9999,0,0,832,0,0,0,4285,3565,0,0,62,2,2,2,1382,456,2000,1,0,4,72,72,36821,14937,333,675,148,67,579,0,0,0,0,4,2,0,10,0,0,0,0,0,1680,1760,1680,1760,4128,2208,3125,2274,0,0,0,0,100,43,55,53,60,40,43,43,0,0,41,0,0,0,0,0,0,12668,687,490,0,407,82,137,137,100,0,0,0,0,0,0,0,0,0,0,0,0,0,0,0,0,0,0,0,0,0,100,0,0,0,0,0,0,0,0,0,0,0,0,0,0,0,0,0,0,0,0,100
163013,3425,506,96,40,9999,0,0,930,0,0,0,4285,3985,0,0,62,2,2,2,1382,456,2000,1,0,4,72,72,36729,15116,347,879,147,66,491,0,0,0,0,4,2,0,10,0,0,0,0,0,1680,1760,1680,1760,4128,2208,3071,2272,0,0,0,0,100,42,58,56,64,42,42,39,0,0,41,0,0,0,0,0,0,12668,687,490,0,407,82,137,137,100,0,0,0,0,0,0,0,0,0,0,0,0,0,0,0,0,0,0,0,0,0,100,0,0,0,0,0,0,0,0,0,0,0,0,0,0,0,0,0,0,0,0,100
164013,3425,506,96,40,9999,0,0,1044,0,0,0,4285,4473,0,0,62,2,2,2,1382,456,2000,1,0,4,73,72,36807,15016,334,767,118,67,368,0,0,0,0,4,2,0,10,0,0,0,0,0,1680,1760,1680,1760,4128,2208,3338,2264,0,0,0,0,100,41,58,56,63,38,41,40,0,0,42,0,0,0,0,0,0,12668,687,490,0,407,82,137,137,100,0,0,0,0,0,0,0,0,0,0,0,0,0,0,0,0,0,0,0,0,0,100,0,0,0,0,0,0,0,0,0,0,0,0,0,0,0,0,0,0,0,0,100
165013,3425,506,96,40,9999,0,0,752,0,0,0,4285,3222,0,0,62,2,2,2,1382,456,2000,1,0,4,73,72,36776,15055,379,792,176,67,535,0,0,0,0,4,2,0,10,0,0,0,0,0,1680,1760,1680,1760,4128,2208,3341,2269,0,0,0,0,100,45,60,57,65,45,41,44,0,0,42,0,0,0,0,0,0,12668,687,490,0,407,82,137,137,100,0,0,0,0,0,0,0,0,0,0,0,0,0,0,0,0,0,0,0,0,0,100,0,0,0,0,0,0,0,0,0,0,0,0,0,0,0,0,0,0,0,0,100
166013,3425,506,96,40,9999,0,0,1044,0,0,0,4285,4473,0,0,62,2,2,2,1382,456,2000,1,0,4,73,72,36884,15239,291,878,152,67,464,0,0,0,0,4,2,0,10,0,0,0,0,0,1680,1760,1680,1760,4128,2208,3372,2356,0,0,0,0,100,55,65,66,69,55,52,45,0,0,41,0,0,0,0,0,0,12668,687,490,0,407,82,137,137,100,0,0,0,0,0,0,0,0,0,0,0,0,0,0,0,0,0,0,0,0,0,100,0,0,0,0,0,0,0,0,0,0,0,0,0,0,0,0,0,0,0,0,100
167013,3425,506,96,40,9999,0,0,941,0,0,0,4285,4032,0,0,62,2,2,2,1382,456,2000,1,0,4,72,72,36930,15019,313,750,128,68,322,0,0,0,0,4,2,0,10,0,0,0,0,0,1680,1760,1680,1760,4128,2208,3164,2244,0,0,0,0,100,46,57,57,65,46,45,43,0,0,42,0,0,0,0,0,0,12668,687,490,0,407,82,137,137,100,0,0,0,0,0,0,0,0,0,0,0,0,0,0,0,0,0,0,0,0,0,100,0,0,0,0,0,0,0,0,0,0,0,0,0,0,0,0,0,0,0,0,100
168013,3425,506,96,40,9999,0,0,780,0,0,0,4273,3332,0,0,62,2,2,2,1382,456,2000,1,0,4,73,72,36795,14972,316,668,143,66,231,1,0,0,0,4,2,0,10,0,0,0,0,0,1680,1760,1680,1760,4128,2208,3203,2263,0,0,0,0,100,39,55,56,62,38,39,39,0,0,41,0,0,0,0,0,0,12668,687,490,0,407,82,137,137,100,0,0,0,0,0,0,0,0,0,0,0,0,0,0,0,0,0,0,0,0,0,100,0,0,0,0,0,0,0,0,0,0,0,0,0,0,0,0,0,0,0,0,100
169014,3425,506,96,40,9999,0,0,815,0,0,0,4273,3482,0,0,62,2,2,2,1382,456,2000,1,0,4,73,72,36847,15219,286,846,217,67,432,0,0,0,0,4,2,0,10,0,0,0,0,0,1680,1760,1680,1760,4128,2208,3294,2231,0,0,0,0,100,40,57,57,63,40,39,37,0,0,41,0,0,0,0,0,0,12668,687,490,0,407,82,137,137,100,0,0,0,0,0,0,0,0,0,0,0,0,0,0,0,0,0,0,0,0,0,100,0,0,0,0,0,0,0,0,0,0,0,0,0,0,0,0,0,0,0,0,100
170013,3425,506,96,40,9999,0,0,804,0,0,0,4273,3435,0,0,62,2,2,2,1382,456,2000,1,0,4,73,72,36780,15147,298,826,179,67,445,0,0,0,0,4,2,0,10,0,0,0,0,0,1680,1760,1680,1760,4128,2208,3238,2283,0,0,0,0,100,45,56,54,61,44,45,42,0,0,41,0,0,0,0,0,0,12668,687,490,0,407,82,137,137,100,0,0,0,0,0,0,0,0,0,0,0,0,0,0,0,0,0,0,0,0,0,100,0,0,0,0,0,0,0,0,0,0,0,0,0,0,0,0,0,0,0,0,100
171013,3425,506,96,40,9999,0,0,991,0,0,0,4273,4234,0,0,62,2,2,2,1382,456,2000,1,0,4,72,72,36659,15178,329,895,144,67,632,0,0,0,0,4,2,0,10,0,0,0,0,0,1680,1760,1680,1760,4128,2208,3298,2331,0,0,0,0,100,38,53,50,58,38,38,37,0,0,41,0,0,0,0,0,0,12668,687,490,0,407,82,137,137,100,0,0,0,0,0,0,0,0,0,0,0,0,0,0,0,0,0,0,0,0,0,100,0,0,0,0,0,0,0,0,0,0,0,0,0,0,0,0,0,0,0,0,100
172013,3425,506,96,40,9999,0,0,802,0,0,0,4273,3426,0,0,62,2,2,2,1382,456,2000,1,0,4,73,72,36963,15203,311,924,154,67,653,0,0,0,0,4,2,0,10,0,0,0,0,0,1680,1760,1680,1760,4128,2208,3090,2270,0,0,0,0,100,43,56,54,62,40,43,42,0,0,41,0,0,0,0,0,0,12668,687,490,0,407,82,137,137,100,0,0,0,0,0,0,0,0,0,0,0,0,0,0,0,0,0,0,0,0,0,100,0,0,0,0,0,0,0,0,0,0,0,0,0,0,0,0,0,0,0,0,100
173014,3425,506,96,40,9999,0,0,923,0,0,0,4273,3943,0,0,62,2,2,2,1382,456,2000,1,0,4,73,72,36849,15149,308,956,194,67,216,0,0,0,0,4,2,0,10,0,0,0,0,0,1680,1760,1680,1760,4128,2208,3122,2229,0,0,0,0,100,48,55,56,62,47,48,43,0,0,41,0,0,0,0,0,0,12668,687,490,0,407,82,137,137,100,0,0,0,0,0,0,0,0,0,0,0,0,0,0,0,0,0,0,0,0,0,100,0,0,0,0,0,0,0,0,0,0,0,0,0,0,0,0,0,0,0,0,100
174014,3425,506,96,40,9999,0,0,771,0,0,0,4273,3294,0,0,62,2,2,2,1382,456,2000,1,0,4,72,72,36557,14980,343,759,145,66,627,0,0,0,0,4,2,0,10,0,0,0,0,0,1680,1760,1680,1760,4128,2208,3338,2251,0,0,0,0,100,40,57,57,64,40,40,38,0,0,42,0,0,0,0,0,0,12668,687,490,0,407,82,137,137,100,0,0,0,0,0,0,0,0,0,0,0,0,0,0,0,0,0,0,0,0,0,100,0,0,0,0,0,0,0,0,0,0,0,0,0,0,0,0,0,0,0,0,100
175014,3425,506,96,40,9999,0,0,802,0,0,0,4273,3426,0,0,62,2,2,2,1382,456,2000,1,0,4,73,72,36909,15270,311,930,186,68,387,0,0,0,0,4,2,0,10,0,0,0,0,0,1680,1760,1680,1760,4128,2208,3310,2284,0,0,0,0,100,46,60,59,66,46,42,43,0,0,41,0,0,0,0,0,0,12668,687,490,0,407,82,137,137,100,0,0,0,0,0,0,0,0,0,0,0,0,0,0,0,0,0,0,0,0,0,100,0,0,0,0,0,0,0,0,0,0,0,0,0,0,0,0,0,0,0,0,100
176014,3425,506,96,40,9999,0,0,928,0,0,0,4273,3965,0,0,62,2,2,2,1382,456,2000,1,0,4,73,72,36998,15143,293,816,150,67,223,0,0,0,0,4,2,0,10,0,0,0,0,0,1680,1760,1680,1760,4128,2208,3321,2392,0,0,0,0,100,54,62,63,69,54,52,54,0,0,41,0,0,0,0,0,0,12668,687,490,0,407,82,137,137,100,0,0,0,0,0,0,0,0,0,0,0,0,0,0,0,0,0,0,0,0,0,100,0,0,0,0,0,0,0,0,0,0,0,0,0,0,0,0,0,0,0,0,100
177014,3425,506,96,40,9999,0,0,835,0,0,0,4273,3567,0,0,62,2,2,2,1382,456,2000,1,0,4,73,72,36692,15024,354,744,172,67,510,0,0,0,0,4,2,0,10,0,0,0,0,0,1680,1760,1680,1760,4128,2208,3220,2288,0,0,0,0,100,42,55,58,64,41,42,42,0,0,41,0,0,0,0,0,0,12668,687,490,0,407,82,137,137,100,0,0,0,0,0,0,0,0,0,0,0,0,0,0,0,0,0,0,0,0,0,100,0,0,0,0,0,0,0,0,0,0,0,0,0,0,0,0,0,0,0,0,100
178014,3425,506,96,40,9999,0,0,915,0,0,0,4261,3898,0,0,62,2,2,2,1382,456,2000,1,0,4,72,72,36995,15261,289,939,148,66,283,0,0,0,0,4,2,0,10,0,0,0,0,0,1680,1760,1680,1760,4128,2208,3133,2273,0,0,0,0,100,42,59,60,64,41,42,38,0,0,41,0,0,0,0,0,0,12668,687,490,0,407,82,137,137,100,0,0,0,0,0,0,0,0,0,0,0,0,0,0,0,0,0,0,0,0,0,100,0,0,0,0,0,0,0,0,0,0,0,0,0,0,0,0,0,0,0,0,100
179040,3418,506,96,40,9999,0,0,901,0,0,0,4261,3839,0,0,62,2,2,2,1382,456,2000,1,0,4,73,72,36935,15214,337,901,183,67,344,1,0,0,0,4,2,0,10,0,0,0,0,0,1680,1760,1680,1760,4128,2208,3282,2237,0,0,0,0,100,43,60,60,65,43,43,43,0,0,42,0,0,0,0,0,0,12668,687,490,0,408,82,137,137,100,0,0,0,0,0,0,0,0,0,0,0,0,0,0,0,0,0,0,0,0,0,100,0,0,0,0,0,0,0,0,0,0,0,0,0,0,0,0,0,0,0,0,100
180015,3418,506,96,40,9999,0,0,835,0,0,0,4261,3557,0,0,62,2,2,2,1382,456,2000,1,0,4,73,72,36920,15267,367,923,142,67,271,0,0,0,0,4,2,0,10,0,0,0,0,0,1680,1760,1680,1760,4128,2208,3248,2262,0,0,0,0,100,42,57,56,63,40,41,42,0,0,41,0,0,0,0,0,0,12668,687,490,0,408,82,137,137,100,0,0,0,0,0,0,0,0,0,0,0,0,0,0,0,0,0,0,0,0,0,100,0,0,0,0,0,0,0,0,0,0,0,0,0,0,0,0,0,0,0,0,100
181015,3418,506,96,40,9999,0,0,959,0,0,0,4261,4086,0,0,62,2,2,2,1382,456,2000,1,0,4,73,72,36667,15073,388,784,119,67,573,0,0,0,0,4,2,0,10,0,0,0,0,0,1680,1760,1680,1760,4128,2208,3320,2366,0,0,0,0,100,39,53,56,62,39,38,39,0,0,42,0,0,0,0,0,0,12668,687,490,0,408,82,137,137,100,0,0,0,0,0,0,0,0,0,0,0,0,0,0,0,0,0,0,0,0,0,100,0,0,0,0,0,0,0,0,0,0,0,0,0,0,0,0,0,0,0,0,100
182014,3418,506,96,40,9999,0,0,877,0,0,0,4261,3736,0,0,62,2,2,2,1382,456,2000,1,0,4,73,72,36894,15223,304,842,171,67,501,0,0,0,0,4,2,0,10,0,0,0,0,0,1680,1760,1680,1760,4128,2208,3219,2336,0,0,0,0,100,46,57,57,63,44,46,42,0,0,41,0,0,0,0,0,0,12668,687,490,0,408,82,137,137,100,0,0,0,0,0,0,0,0,0,0,0,0,0,0,0,0,0,0,0,0,0,100,0,0,0,0,0,0,0,0,0,0,0,0,0,0,0,0,0,0,0,0,100
183014,3418,506,96,40,9999,0,0,982,0,0,0,4261,4184,0,0,62,2,2,2,1382,456,2000,1,0,4,73,72,36931,15127,314,773,114,67,273,0,0,0,0,4,2,0,10,0,0,0,0,0,1680,1760,1680,1760,4128,2208,3150,2282,0,0,0,0,100,42,53,55,58,39,40,42,0,0,41,0,0,0,0,0,0,12668,687,490,0,408,82,137,137,100,0,0,0,0,0,0,0,0,0,0,0,0,0,0,0,0,0,0,0,0,0,100,0,0,0,0,0,0,0,0,0,0,0,0,0,0,0,0,0,0,0,0,100
184015,3418,506,96,40,9999,0,0,900,0,0,0,4261,3834,0,0,62,2,2,2,1382,456,2000,1,0,4,72,72,36565,14941,307,660,114,67,248,0,0,0,0,4,2,0,10,0,0,0,0,0,1680,1760,1680,1760,4128,2208,3295,2271,0,0,0,0,100,45,61,61,68,45,45,42,0,0,41,0,0,0,0,0,0,12668,687,490,0,408,82,137,137,100,0,0,0,0,0,0,0,0,0,0,0,0,0,0,0,0,0,0,0,0,0,100,0,0,0,0,0,0,0,0,0,0,0,0,0,0,0,0,0,0,0,0,100
185015,3418,506,96,40,9999,0,0,1213,0,0,0,4261,5168,0,0,62,2,2,2,1382,456,2000,1,0,4,73,72,36489,14975,343,755,175,67,436,0,0,0,0,4,2,0,10,0,0,0,0,0,1680,1760,1680,1760,4128,2208,3298,2286,0,0,0,0,100,47,64,61,68,46,47,45,0,0,42,0,0,0,0,0,0,12668,687,490,0,408,82,137,137,100,0,0,0,0,0,0,0,0,0,0,0,0,0,0,0,0,0,0,0,0,0,100,0,0,0,0,0,0,0,0,0,0,0,0,0,0,0,0,0,0,0,0,100
186015,3418,506,96,40,9999,0,0,1034,0,0,0,4261,4405,0,0,62,2,2,2,1382,456,2000,1,0,4,72,72,36682,15034,328,785,110,67,215,0,0,0,0,4,2,0,10,0,0,0,0,0,1680,1760,1680,1760,4128,2208,3117,2384,0,0,0,0,100,53,63,61,69,53,46,47,0,0,41,0,0,0,0,0,0,12668,687,490,0,408,82,137,137,100,0,0,0,0,0,0,0,0,0,0,0,0,0,0,0,0,0,0,0,0,0,100,0,0,0,0,0,0,0,0,0,0,0,0,0,0,0,0,0,0,0,0,100
187015,3418,506,96,40,9999,0,0,569,0,0,0,4261,2424,0,0,62,2,2,2,1382,456,2000,1,0,4,73,72,36718,15016,348,749,130,67,406,0,0,0,0,4,2,0,10,0,0,0,0,0,1680,1760,1680,1760,4128,2208,3296,2274,0,0,0,0,100,41,58,54,59,40,40,41,0,0,41,0,0,0,0,0,0,12668,687,490,0,408,82,137,137,100,0,0,0,0,0,0,0,0,0,0,0,0,0,0,0,0,0,0,0,0,0,100,0,0,0,0,0,0,0,0,0,0,0,0,0,0,0,0,0,0,0,0,100
188015,3418,506,96,40,9999,0,0,961,0,0,0,4252,4086,0,0,62,2,2,2,1382,456,2000,1,0,4,73,72,36670,14925,315,730,166,67,230,0,0,0,0,4,2,0,10,0,0,0,0,0,1680,1760,1680,1760,4128,2208,3278,2263,0,0,0,0,100,43,57,60,64,43,40,39,0,0,41,0,0,0,0,0,0,12668,687,490,0,408,82,137,137,100,0,0,0,0,0,0,0,0,0,0,0,0,0,0,0,0,0,0,0,0,0,100,0,0,0,0,0,0,0,0,0,0,0,0,0,0,0,0,0,0,0,0,100
189015,3418,506,96,40,9999,0,0,1037,0,0,0,4252,4409,0,0,62,2,2,2,1382,456,2000,1,0,4,73,72,36656,15079,321,780,136,67,475,0,0,0,0,4,2,0,10,0,0,0,0,0,1680,1760,1680,1760,4128,2208,3199,2226,0,0,0,0,100,40,59,58,65,38,39,40,0,0,41,0,0,0,0,0,0,12668,687,490,0,408,82,137,137,100,0,0,0,0,0,0,0,0,0,0,0,0,0,0,0,0,0,0,0,0,0,100,0,0,0,0,0,0,0,0,0,0,0,0,0,0,0,0,0,0,0,0,100
190015,3418,506,96,40,9999,0,0,674,0,0,0,4252,2865,0,0,62,2,2,2,1382,456,2000,1,0,4,73,72,36827,14963,327,742,119,67,291,0,0,0,0,4,2,0,10,0,0,0,0,0,1680,1760,1680,1760,4128,2208,3312,2280,0,0,0,0,100,48,58,55,61,48,47,47,0,0,41,0,0,0,0,0,0,12668,687,490,0,408,82,137,137,100,0,0,0,0,0,0,0,0,0,0,0,0,0,0,0,0,0,0,0,0,0,100,0,0,0,0,0,0,0,0,0,0,0,0,0,0,0,0,0,0,0,0,100
191015,3418,506,96,40,9999,0,0,754,0,0,0,4252,3206,0,0,62,2,2,2,1382,456,2000,1,0,4,73,72,36536,15051,317,828,200,67,508,0,0,0,0,4,2,0,10,0,0,0,0,0,1680,1760,1680,1760,4128,2208,3328,2357,0,0,0,0,100,40,57,56,63,38,40,39,0,0,42,0,0,0,0,0,0,12668,687,490,0,408,82,137,137,100,0,0,0,0,0,0,0,0,0,0,0,0,0,0,0,0,0,0,0,0,0,100,0,0,0,0,0,0,0,0,0,0,0,0,0,0,0,0,0,0,0,0,100
192016,3418,506,96,40,9999,0,0,906,0,0,0,4252,3852,0,0,62,2,2,2,1382,456,2000,1,0,4,72,72,36634,15063,346,815,116,68,209,0,0,0,0,4,2,0,10,0,0,0,0,0,1680,1760,1680,1760,4128,2208,3204,2325,0,0,0,0,100,37,54,55,60,33,37,36,0,0,41,0,0,0,0,0,0,12668,687,490,0,408,82,137,137,100,0,0,0,0,0,0,0,0,0,0,0,0,0,0,0,0,0,0,0,0,0,100,0,0,0,0,0,0,0,0,0,0,0,0,0,0,0,0,0,0,0,0,100
193015,3418,506,96,40,9999,0,0,578,0,0,0,4252,2457,0,0,62,2,2,2,1382,456,2000,1,0,4,73,72,36917,15129,321,847,149,67,500,0,0,0,0,4,2,0,10,0,0,0,0,0,1680,1760,1680,1760,4128,2208,3176,2276,0,0,0,0,100,47,55,53,63,47,45,44,0,0,41,0,0,0,0,0,0,12668,687,490,0,408,82,137,137,100,0,0,0,0,0,0,0,0,0,0,0,0,0,0,0,0,0,0,0,0,0,100,0,0,0,0,0,0,0,0,0,0,0,0,0,0,0,0,0,0,0,0,100
194015,3418,506,96,40,9999,0,0,745,0,0,0,4252,3167,0,0,62,2,2,2,1382,456,2000,1,0,4,72,72,36570,15033,353,818,122,68,276,0,0,0,0,4,2,0,10,0,0,0,0,0,1680,1760,1680,1760,4128,2208,3245,2233,0,0,0,0,100,43,56,56,63,43,42,38,0,0,41,0,0,0,0,0,0,12668,687,490,0,408,82,137,137,100,0,0,0,0,0,0,0,0,0,0,0,0,0,0,0,0,0,0,0,0,0,100,0,0,0,0,0,0,0,0,0,0,0,0,0,0,0,0,0,0,0,0,100
195015,3418,506,96,40,9999,0,0,1145,0,0,0,4252,4868,0,0,62,2,3,2,1382,456,2000,1,0,4,72,72,36665,14966,345,732,127,66,335,0,0,0,0,4,2,0,10,0,0,0,0,0,1680,1760,1680,1760,4128,2208,3333,2279,0,0,0,0,100,52,63,61,67,52,52,52,0,0,41,0,0,0,0,0,0,12668,687,490,0,408,82,137,137,100,0,0,0,0,0,0,0,0,0,0,0,0,0,0,0,0,0,0,0,0,0,100,0,0,0,0,0,0,0,0,0,0,0,0,0,0,0,0,0,0,0,0,100
196015,3418,506,96,40,9999,0,0,711,0,0,0,4252,3023,0,0,62,2,2,2,1382,456,2000,1,0,4,73,72,36509,15037,321,830,170,66,328,0,0,0,0,4,2,0,10,0,0,0,0,0,1680,1760,1680,1760,4128,2208,3264,2352,0,0,0,0,100,50,57,58,63,50,47,46,0,0,41,0,0,0,0,0,0,12668,687,490,0,408,82,137,137,100,0,0,0,0,0,0,0,0,0,0,0,0,0,0,0,0,0,0,0,0,0,100,0,0,0,0,0,0,0,0,0,0,0,0,0,0,0,0,0,0,0,0,100
197015,3418,506,96,40,9999,0,0,562,0,0,0,4252,2389,0,0,62,2,2,2,1382,456,2000,1,0,4,72,72,36519,14890,343,700,186,67,214,0,0,0,0,4,2,0,10,0,0,0,0,0,1680,1760,1680,1760,4128,2208,3076,2234,0,0,0,0,100,39,53,53,60,39,38,38,0,0,41,0,0,0,0,0,0,12668,687,490,0,408,82,137,137,100,0,0,0,0,0,0,0,0,0,0,0,0,0,0,0,0,0,0,0,0,0,100,0,0,0,0,0,0,0,0,0,0,0,0,0,0,0,0,0,0,0,0,100
198015,3418,506,96,40,9999,0,0,1034,0,0,0,4250,4394,0,0,62,2,2,2,1382,456,2000,1,0,4,73,72,36516,14899,344,643,119,68,213,0,0,0,0,4,2,0,10,0,0,0,0,0,1680,1760,1680,1760,4128,2208,3230,2263,0,0,0,0,100,39,51,52,60,37,39,37,0,0,41,0,0,0,0,0,0,12668,687,490,0,408,82,137,137,100,0,0,0,0,0,0,0,0,0,0,0,0,0,0,0,0,0,0,0,0,0,100,0,0,0,0,0,0,0,0,0,0,0,0,0,0,0,0,0,0,0,0,100
199039,3410,506,96,40,9999,0,0,617,0,0,0,4250,2622,0,0,62,2,2,2,1382,456,2000,1,0,4,72,72,36472,14956,343,719,119,67,439,0,0,0,0,4,2,0,10,0,0,0,0,0,1680,1760,1680,1760,4128,2208,3161,2223,0,0,0,0,100,46,56,53,61,44,45,46,0,0,41,0,0,0,0,0,0,12668,687,489,0,408,81,137,137,100,0,0,0,0,0,0,0,0,0,0,0,0,0,0,0,0,0,0,0,0,0,100,0,0,0,0,0,0,0,0,0,0,0,0,0,0,0,0,0,0,0,0,100
200015,3410,506,96,40,9999,0,0,798,0,0,0,4250,3391,0,0,62,2,2,2,1382,456,2000,1,0,4,73,72,36758,14933,333,678,122,67,211,0,0,0,0,4,2,0,10,0,0,0,0,0,1680,1760,1680,1760,4128,2208,3134,2260,0,0,0,0,100,39,55,53,59,39,39,38,0,0,41,0,0,0,0,0,0,12668,687,489,0,408,81,137,137,100,0,0,0,0,0,0,0,0,0,0,0,0,0,0,0,0,0,0,0,0,0,100,0,0,0,0,0,0,0,0,0,0,0,0,0,0,0,0,0,0,0,0,100
201016,3410,506,96,40,9999,0,0,857,0,0,0,4250,3642,0,0,62,2,2,2,1382,456,2000,1,0,4,72,72,36794,14942,328,719,111,66,396,0,0,0,0,4,2,0,10,0,0,0,0,0,1680,1760,1680,1760,4128,2208,3308,2335,0,0,0,0,100,37,51,52,60,37,34,34,0,0,41,0,0,0,0,0,0,12668,687,489,0,408,81,137,137,100,0,0,0,0,0,0,0,0,0,0,0,0,0,0,0,0,0,0,0,0,0,100,0,0,0,0,0,0,0,0,0,0,0,0,0,0,0,0,0,0,0,0,100
202016,3410,506,96,40,9999,0,0,599,0,0,0,4250,2545,0,0,62,2,2,2,1382,456,2000,1,0,4,73,72,36812,14951,332,701,144,67,363,0,0,0,0,4,2,0,10,0,0,0,0,0,1680,1760,1680,1760,4128,2208,3143,2227,0,0,0,0,100,45,55,54,62,43,45,43,0,0,41,0,0,0,0,0,0,12668,687,489,0,408,81,137,137,100,0,0,0,0,0,0,0,0,0,0,0,0,0,0,0,0,0,0,0,0,0,100,0,0,0,0,0,0,0,0,0,0,0,0,0,0,0,0,0,0,0,0,100
203016,3410,506,96,40,9999,0,0,796,0,0,0,4250,3383,0,0,62,2,2,2,1382,456,2000,1,0,4,72,72,36611,15019,319,793,162,67,335,0,0,0,0,4,2,0,10,0,0,0,0,0,1680,1760,1680,1760,4128,2208,3165,2327,0,0,0,0,100,42,53,52,59,38,42,38,0,0,41,0,0,0,0,0,0,12668,687,489,0,408,81,137,137,100,0,0,0,0,0,0,0,0,0,0,0,0,0,0,0,0,0,0,0,0,0,100,0,0,0,0,0,0,0,0,0,0,0,0,0,0,0,0,0,0,0,0,100
204016,3410,506,96,40,9999,0,0,1153,0,0,0,4250,4900,0,0,62,2,2,2,1382,456,2000,1,0,4,73,72,36689,15019,319,793,162,67,335,0,0,0,0,4,2,0,10,0,0,0,0,0,1680,1760,1680,1760,4128,2208,3439,2230,0,0,0,0,100,39,54,56,63,39,38,35,0,0,41,0,0,0,0,0,0,12668,687,489,0,408,81,137,137,100,0,0,0,0,0,0,0,0,0,0,0,0,0,0,0,0,0,0,0,0,0,100,0,0,0,0,0,0,0,0,0,0,0,0,0,0,0,0,0,0,0,0,100
205016,3410,506,96,40,9999,0,0,767,0,0,0,4250,3259,0,0,62,2,2,2,1382,456,2000,1,0,4,73,72,36617,15022,338,793,123,67,415,0,0,0,0,4,2,0,10,0,0,0,0,0,1680,1760,1680,1760,4128,2208,3309,2268,0,0,0,0,100,43,53,54,62,43,43,42,0,0,42,0,0,0,0,0,0,12668,687,489,0,408,81,137,137,100,0,0,0,0,0,0,0,0,0,0,0,0,0,0,0,0,0,0,0,0,0,100,0,0,0,0,0,0,0,0,0,0,0,0,0,0,0,0,0,0,0,0,100
206016,3410,506,96,40,9999,0,0,710,0,0,0,4250,3017,0,0,62,2,2,2,1382,456,2000,1,0,4,73,72,36722,15088,303,882,204,67,704,0,0,0,0,4,2,0,10,0,0,0,0,0,1680,1760,1680,1760,4128,2208,3273,2337,0,0,0,0,100,40,53,52,61,39,40,40,0,0,41,0,0,0,0,0,0,12668,687,489,0,408,81,137,137,100,0,0,0,0,0,0,0,0,0,0,0,0,0,0,0,0,0,0,0,0,0,100,0,0,0,0,0,0,0,0,0,0,0,0,0,0,0,0,0,0,0,0,100
207016,3410,506,96,40,9999,0,0,647,0,0,0,4250,2749,0,0,62,2,2,2,1382,456,2000,1,0,4,73,72,36722,14999,308,786,163,66,241,0,0,0,0,4,2,0,10,0,0,0,0,0,1680,1760,1680,1760,4128,2208,3178,2269,0,0,0,0,100,41,54,52,61,37,41,37,0,0,41,0,0,0,0,0,0,12668,687,489,0,408,81,137,137,100,0,0,0,0,0,0,0,0,0,0,0,0,0,0,0,0,0,0,0,0,0,100,0,0,0,0,0,0,0,0,0,0,0,0,0,0,0,0,0,0,0,0,100
208016,3410,506,96,40,9999,0,0,802,0,0,0,4266,3421,0,0,62,2,2,2,1382,456,2000,1,0,4,73,72,36806,14939,332,733,126,67,473,0,0,0,0,4,2,0,10,0,0,0,0,0,1680,1760,1680,1760,4128,2208,3226,2262,0,0,0,0,100,47,54,53,60,44,47,43,0,0,41,0,0,0,0,0,0,12668,687,489,0,408,81,137,137,100,0,0,0,0,0,0,0,0,0,0,0,0,0,0,0,0,0,0,0,0,0,100,0,0,0,0,0,0,0,0,0,0,0,0,0,0,0,0,0,0,0,0,100
209016,3410,506,96,40,9999,0,0,588,0,0,0,4266,2508,0,0,62,2,2,2,1382,456,2000,1,0,4,72,72,36855,15053,349,809,232,67,687,0,0,0,0,4,2,0,10,0,0,0,0,0,1680,1760,1680,1760,4128,2208,3265,2232,0,0,0,0,100,41,54,53,59,41,39,40,0,0,41,0,0,0,0,0,0,12668,687,489,0,408,81,137,137,100,0,0,0,0,0,0,0,0,0,0,0,0,0,0,0,0,0,0,0,0,0,100,0,0,0,0,0,0,0,0,0,0,0,0,0,0,0,0,0,0,0,0,100
210016,3410,506,96,40,9999,0,0,817,0,0,0,4266,3485,0,0,62,2,2,2,1382,456,2000,1,0,4,73,72,36839,15168,338,977,157,67,429,0,0,0,0,4,2,0,10,0,0,0,0,0,1680,1760,1680,1760,4128,2208,3339,2274,0,0,0,0,100,38,56,53,61,37,38,36,0,0,41,0,0,0,0,0,0,12668,687,489,0,408,81,137,137,100,0,0,0,0,0,0,0,0,0,0,0,0,0,0,0,0,0,0,0,0,0,100,0,0,0,0,0,0,0,0,0,0,0,0,0,0,0,0,0,0,0,0,100
211016,3410,506,96,40,9999,0,0,896,0,0,0,4266,3822,0,0,62,2,2,2,1382,456,2000,1,0,4,72,72,36721,15041,339,828,131,67,376,0,0,0,0,4,2,0,10,0,0,0,0,0,1680,1760,1680,1760,4128,2208,3353,2331,0,0,0,0,100,41,55,52,60,41,41,39,0,0,41,0,0,0,0,0,0,12668,687,489,0,408,81,137,137,100,0,0,0,0,0,0,0,0,0,0,0,0,0,0,0,0,0,0,0,0,0,100,0,0,0,0,0,0,0,0,0,0,0,0,0,0,0,0,0,0,0,0,100
212016,3410,506,96,40,9999,0,0,710,0,0,0,4266,3028,0,0,62,2,2,2,1382,456,2000,1,0,4,73,72,36790,15045,329,821,169,67,445,0,0,0,0,4,2,0,10,0,0,0,0,0,1680,1760,1680,1760,4128,2208,3233,2274,0,0,0,0,100,38,56,53,62,37,38,37,0,0,41,0,0,0,0,0,0,12668,687,489,0,408,81,137,137,100,0,0,0,0,0,0,0,0,0,0,0,0,0,0,0,0,0,0,0,0,0,100,0,0,0,0,0,0,0,0,0,0,0,0,0,0,0,0,0,0,0,0,100
213016,3410,506,96,40,9999,0,0,540,0,0,0,4266,2303,0,0,62,2,2,2,1382,456,2000,1,0,4,72,72,36883,15184,338,963,142,66,609,0,0,0,0,4,2,0,10,0,0,0,0,0,1680,1760,1680,1760,4128,2208,3095,2263,0,0,0,0,100,43,57,54,62,43,41,43,0,0,41,0,0,0,0,0,0,12668,687,489,0,408,81,137,137,100,0,0,0,0,0,0,0,0,0,0,0,0,0,0,0,0,0,0,0,0,0,100,0,0,0,0,0,0,0,0,0,0,0,0,0,0,0,0,0,0,0,0,100
214016,3410,506,96,40,9999,0,0,786,0,0,0,4266,3353,0,0,62,2,2,2,1382,456,2000,1,0,4,72,72,36922,15200,302,920,153,67,692,0,0,0,0,4,2,0,10,0,0,0,0,0,1680,1760,1680,1760,4128,2208,3278,2232,0,0,0,0,100,43,57,54,61,40,43,43,0,0,41,0,0,0,0,0,0,12668,687,489,0,408,81,137,137,100,0,0,0,0,0,0,0,0,0,0,0,0,0,0,0,0,0,0,0,0,0,100,0,0,0,0,0,0,0,0,0,0,0,0,0,0,0,0,0,0,0,0,100
215017,3410,506,96,40,9999,0,0,603,0,0,0,4266,2572,0,0,62,2,2,2,1382,456,2000,1,0,4,73,72,36756,15106,343,811,141,67,479,0,0,0,0,4,2,0,10,0,0,0,0,0,1680,1760,1680,1760,4128,2208,3269,2271,0,0,0,0,100,38,53,53,57,38,38,37,0,0,41,0,0,0,0,0,0,12668,687,489,0,408,81,137,137,100,0,0,0,0,0,0,0,0,0,0,0,0,0,0,0,0,0,0,0,0,0,100,0,0,0,0,0,0,0,0,0,0,0,0,0,0,0,0,0,0,0,0,100
216017,3410,506,96,40,9999,0,0,561,0,0,0,4266,2393,0,0,62,2,2,2,1382,456,2000,1,0,4,72,72,36840,14949,298,691,128,68,229,0,0,0,0,4,2,0,10,0,0,0,0,0,1680,1760,1680,1760,4128,2208,3224,2340,0,0,0,0,100,45,53,50,61,44,45,43,0,0,41,0,0,0,0,0,0,12668,687,489,0,408,81,137,137,100,0,0,0,0,0,0,0,0,0,0,0,0,0,0,0,0,0,0,0,0,0,100,0,0,0,0,0,0,0,0,0,0,0,0,0,0,0,0,0,0,0,0,100
217018,3410,506,96,40,9999,0,0,837,0,0,0,4266,3570,0,0,62,2,2,2,1382,456,2000,1,0,4,73,72,36857,15029,308,744,190,67,686,0,0,0,0,4,2,0,10,0,0,0,0,0,1680,1760,1680,1760,4128,2208,3143,2230,0,0,0,0,100,37,51,51,54,35,37,34,0,0,41,0,0,0,0,0,0,12668,687,489,0,408,81,137,137,100,0,0,0,0,0,0,0,0,0,0,0,0,0,0,0,0,0,0,0,0,0,100,0,0,0,0,0,0,0,0,0,0,0,0,0,0,0,0,0,0,0,0,100
218018,3410,506,96,40,9999,0,0,1035,0,0,0,4271,4420,0,0,62,2,2,2,1382,456,2000,1,0,4,73,72,36755,15035,317,774,197,67,625,1,0,0,0,4,2,0,10,0,0,0,0,0,1680,1760,1680,1760,4128,2208,3115,2264,0,0,0,0,100,38,53,56,60,37,38,35,0,0,41,0,0,0,0,0,0,12668,687,489,0,408,81,137,137,100,0,0,0,0,0,0,0,0,0,0,0,0,0,0,0,0,0,0,0,0,0,100,0,0,0,0,0,0,0,0,0,0,0,0,0,0,0,0,0,0,0,0,100
219040,3434,506,96,40,9999,0,0,531,0,0,0,4271,2267,0,0,62,2,2,2,1382,456,2000,1,0,4,72,72,36828,15158,355,934,111,66,518,0,0,0,0,4,2,0,10,0,0,0,0,0,1680,1760,1680,1760,4128,2208,3302,2230,0,0,0,0,100,44,55,55,61,44,43,41,0,0,41,0,0,0,0,0,0,12668,687,489,0,408,81,137,137,100,0,0,0,0,0,0,0,0,0,0,0,0,0,0,0,0,0,0,0,0,0,100,0,0,0,0,0,0,0,0,0,0,0,0,0,0,0,0,0,0,0,0,100
220017,3434,506,96,40,9999,0,0,598,0,0,0,4271,2554,0,0,62,2,2,2,1382,456,2000,1,0,4,73,72,36807,15135,332,837,150,67,369,0,0,0,0,4,2,0,10,0,0,0,0,0,1680,1760,1680,1760,4128,2208,3196,2264,0,0,0,0,100,41,56,54,60,41,41,40,0,0,41,0,0,0,0,0,0,12668,687,489,0,408,81,137,137,100,0,0,0,0,0,0,0,0,0,0,0,0,0,0,0,0,0,0,0,0,0,100,0,0,0,0,0,0,0,0,0,0,0,0,0,0,0,0,0,0,0,0,100
221017,3434,506,96,40,9999,0,0,1196,0,0,0,4274,5111,0,0,62,2,2,2,1382,456,2000,1,0,4,72,72,36727,14963,360,717,120,67,211,0,0,0,0,4,2,0,10,0,0,0,0,0,1680,1760,1680,1760,4128,2208,3214,2343,0,0,0,0,100,41,56,55,61,36,41,37,0,0,41,0,0,0,0,0,0,12668,687,489,0,408,81,137,137,100,0,0,0,0,0,0,0,0,0,0,0,0,0,0,0,0,0,0,0,0,0,100,0,0,0,0,0,0,0,0,0,0,0,0,0,0,0,0,0,0,0,0,100
222017,3434,506,96,40,9999,0,0,501,0,0,0,4274,2141,0,0,62,2,2,2,1382,456,2000,1,0,4,72,72,36608,14930,327,682,138,67,390,0,0,0,0,4,2,0,10,0,0,0,0,0,1680,1760,1680,1760,4128,2208,3049,2233,0,0,0,0,100,47,56,55,64,47,43,43,0,0,41,0,0,0,0,0,0,12668,687,489,0,408,81,137,137,100,0,0,0,0,0,0,0,0,0,0,0,0,0,0,0,0,0,0,0,0,0,100,0,0,0,0,0,0,0,0,0,0,0,0,0,0,0,0,0,0,0,0,100
223017,3434,506,96,40,9999,0,0,680,0,0,0,4274,2906,0,0,62,2,2,2,1382,456,2000,1,0,4,72,72,36647,14976,326,783,218,67,222,0,0,0,0,4,2,0,10,0,0,0,0,0,1680,1760,1680,1760,4128,2208,3128,2262,0,0,0,0,100,37,55,55,62,36,37,35,0,0,41,0,0,0,0,0,0,12668,687,489,0,408,81,137,137,100,0,0,0,0,0,0,0,0,0,0,0,0,0,0,0,0,0,0,0,0,0,100,0,0,0,0,0,0,0,0,0,0,0,0,0,0,0,0,0,0,0,0,100
224018,3434,506,96,40,9999,0,0,569,0,0,0,4274,2431,0,0,62,2,2,2,1382,456,2000,1,0,4,73,72,36545,14940,305,765,185,67,293,0,0,0,0,4,2,0,10,0,0,0,0,0,1680,1760,1680,1760,4128,2208,3314,2231,0,0,0,0,100,39,56,55,62,35,39,36,0,0,41,0,0,0,0,0,0,12668,687,489,0,408,81,137,137,100,0,0,0,0,0,0,0,0,0,0,0,0,0,0,0,0,0,0,0,0,0,100,0,0,0,0,0,0,0,0,0,0,0,0,0,0,0,0,0,0,0,0,100
225018,3434,506,96,40,9999,0,0,574,0,0,0,4274,2453,0,0,62,2,2,2,1382,456,2000,1,0,4,73,72,36751,14904,363,693,112,67,351,0,0,0,0,4,2,0,10,0,0,0,0,0,1680,1760,1680,1760,4128,2208,3424,2260,0,0,0,0,100,39,56,55,62,35,39,36,0,0,41,0,0,0,0,0,0,12668,687,489,0,408,81,137,137,100,0,0,0,0,0,0,0,0,0,0,0,0,0,0,0,0,0,0,0,0,0,100,0,0,0,0,0,0,0,0,0,0,0,0,0,0,0,0,0,0,0,0,100
226018,3434,506,96,40,9999,0,0,575,0,0,0,4274,2457,0,0,62,2,2,2,1382,456,2000,1,0,4,73,72,36784,15073,347,843,167,67,571,0,0,0,0,4,2,0,10,0,0,0,0,0,1680,1760,1680,1760,4128,2208,3203,2331,0,0,0,0,100,44,55,53,62,44,42,41,0,0,41,0,0,0,0,0,0,12668,687,489,0,408,81,137,137,100,0,0,0,0,0,0,0,0,0,0,0,0,0,0,0,0,0,0,0,0,0,100,0,0,0,0,0,0,0,0,0,0,0,0,0,0,0,0,0,0,0,0,100
227017,3434,506,96,40,9999,0,0,617,0,0,0,4274,2637,0,0,62,2,2,2,1382,456,2000,1,0,4,72,72,36526,15086,323,842,126,67,475,0,0,0,0,4,2,0,10,0,0,0,0,0,1680,1760,1680,1760,4128,2208,3200,2266,0,0,0,0,100,41,52,53,58,41,40,39,0,0,41,0,0,0,0,0,0,12668,687,489,0,408,81,137,137,100,0,0,0,0,0,0,0,0,0,0,0,0,0,0,0,0,0,0,0,0,0,100,0,0,0,0,0,0,0,0,0,0,0,0,0,0,0,0,0,0,0,0,100
228018,3434,506,96,40,9999,0,0,657,0,0,0,4278,2810,0,0,62,2,2,2,1382,456,2000,1,0,4,72,72,36619,14963,329,717,117,67,404,0,0,0,0,4,2,0,10,0,0,0,0,0,1680,1760,1680,1760,4128,2208,3164,2263,0,0,0,0,100,38,56,52,62,34,38,37,0,0,41,0,0,0,0,0,0,12668,687,489,0,408,81,137,137,100,0,0,0,0,0,0,0,0,0,0,0,0,0,0,0,0,0,0,0,0,0,100,0,0,0,0,0,0,0,0,0,0,0,0,0,0,0,0,0,0,0,0,100
229020,3434,506,96,40,9999,0,0,467,0,0,0,4286,2001,0,0,62,2,2,2,1382,456,2000,1,0,4,73,72,36695,14870,345,697,123,68,225,0,0,0,0,4,2,0,10,0,0,0,0,0,1680,1760,1680,1760,4128,2208,3333,2235,0,0,0,0,100,45,56,55,61,45,43,42,0,0,41,0,0,0,0,0,0,12668,687,489,0,408,81,137,137,100,0,0,0,0,0,0,0,0,0,0,0,0,0,0,0,0,0,0,0,0,0,100,0,0,0,0,0,0,0,0,0,0,0,0,0,0,0,0,0,0,0,0,100
230018,3434,506,96,40,9999,0,0,599,0,0,0,4286,2567,0,0,62,2,2,2,1382,456,2000,1,0,4,72,72,36758,14940,315,706,132,68,417,0,0,0,0,4,2,0,10,0,0,0,0,0,1680,1760,1680,1760,4128,2208,3284,2269,0,0,0,0,100,42,56,57,62,38,42,38,0,0,41,0,0,0,0,0,0,12668,687,489,0,408,81,137,137,100,0,0,0,0,0,0,0,0,0,0,0,0,0,0,0,0,0,0,0,0,0,100,0,0,0,0,0,0,0,0,0,0,0,0,0,0,0,0,0,0,0,0,100
231019,3434,506,96,40,9999,0,0,1024,0,0,0,4286,4388,0,0,62,2,2,2,1382,456,2000,1,0,4,73,72,36590,14981,327,740,126,67,445,0,0,0,0,4,2,0,10,0,0,0,0,0,1680,1760,1680,1760,4128,2208,3268,2332,0,0,0,0,100,59,64,63,71,59,55,56,0,0,41,0,0,0,0,0,0,12668,687,489,0,408,81,137,137,100,0,0,0,0,0,0,0,0,0,0,0,0,0,0,0,0,0,0,0,0,0,100,0,0,0,0,0,0,0,0,0,0,0,0,0,0,0,0,0,0,0,0,100
232019,3434,506,96,40,9999,0,0,532,0,0,0,4286,2280,0,0,62,2,2,2,1382,456,2000,1,0,4,72,72,36519,14949,342,721,166,67,202,0,0,0,0,4,2,0,10,0,0,0,0,0,1680,1760,1680,1760,4128,2208,3149,2294,0,0,0,0,100,43,56,53,60,43,42,43,0,0,41,0,0,0,0,0,0,12668,687,489,0,408,81,137,137,100,0,0,0,0,0,0,0,0,0,0,0,0,0,0,0,0,0,0,0,0,0,100,0,0,0,0,0,0,0,0,0,0,0,0,0,0,0,0,0,0,0,0,100
233019,3434,506,96,40,9999,0,0,774,0,0,0,4286,3317,0,0,62,2,2,2,1382,456,2000,1,0,4,73,72,36896,14965,332,759,169,67,562,0,0,0,0,4,2,0,10,0,0,0,0,0,1680,1760,1680,1760,4128,2208,3210,2268,0,0,0,0,100,41,56,53,64,40,41,40,0,0,41,0,0,0,0,0,0,12668,687,489,0,408,81,137,137,100,0,0,0,0,0,0,0,0,0,0,0,0,0,0,0,0,0,0,0,0,0,100,0,0,0,0,0,0,0,0,0,0,0,0,0,0,0,0,0,0,0,0,100
234019,3434,506,96,40,9999,0,0,1173,0,0,0,4286,5027,0,0,62,2,2,2,1382,456,2000,1,0,4,73,72,36844,15087,298,796,151,67,557,0,0,0,0,4,2,0,10,0,0,0,0,0,1680,1760,1680,1760,4128,2208,3330,2257,0,0,0,0,100,41,53,57,61,38,41,37,0,0,41,0,0,0,0,0,0,12668,687,489,0,408,81,137,137,100,0,0,0,0,0,0,0,0,0,0,0,0,0,0,0,0,0,0,0,0,0,100,0,0,0,0,0,0,0,0,0,0,0,0,0,0,0,0,0,0,0,0,100
235019,3434,506,96,40,9999,0,0,548,0,0,0,4286,2348,0,0,62,2,2,2,1382,456,2000,1,0,4,72,72,36625,15072,321,746,139,66,440,0,0,0,0,4,2,0,10,0,0,0,0,0,1680,1760,1680,1760,4128,2208,3272,2277,0,0,0,0,100,43,58,56,61,42,42,43,0,0,41,0,0,0,0,0,0,12668,687,489,0,408,81,137,137,100,0,0,0,0,0,0,0,0,0,0,0,0,0,0,0,0,0,0,0,0,0,100,0,0,0,0,0,0,0,0,0,0,0,0,0,0,0,0,0,0,0,0,100
236020,3434,506,96,40,9999,0,0,676,0,0,0,4286,2897,0,0,62,2,2,2,1382,456,2000,1,0,4,73,72,36685,15024,330,774,115,67,225,0,0,0,0,4,2,0,10,0,0,0,0,0,1680,1760,1680,1760,4128,2208,3261,2360,0,0,0,0,100,38,56,54,60,38,38,34,0,0,41,0,0,0,0,0,0,12668,687,489,0,408,81,137,137,100,0,0,0,0,0,0,0,0,0,0,0,0,0,0,0,0,0,0,0,0,0,100,0,0,0,0,0,0,0,0,0,0,0,0,0,0,0,0,0,0,0,0,100
237019,3434,506,96,40,9999,0,0,844,0,0,0,4286,3617,0,0,62,2,2,2,1382,456,2000,1,0,4,73,72,36718,14950,323,684,124,67,480,0,0,0,0,4,2,0,10,0,0,0,0,0,1680,1760,1680,1760,4128,2208,3129,2282,0,0,0,0,100,43,53,51,62,42,43,42,0,0,42,0,0,0,0,0,0,12668,687,489,0,408,81,137,137,100,0,0,0,0,0,0,0,0,0,0,0,0,0,0,0,0,0,0,0,0,0,100,0,0,0,0,0,0,0,0,0,0,0,0,0,0,0,0,0,0,0,0,100
238020,3434,506,96,40,9999,0,0,747,0,0,0,4264,3185,0,0,62,2,2,2,1382,456,2000,1,0,4,73,72,36853,15168,398,845,171,67,669,0,0,0,0,4,2,0,10,0,0,0,0,0,1680,1760,1680,1760,4128,2208,3164,2272,0,0,0,0,100,41,56,54,62,41,41,40,0,0,41,0,0,0,0,0,0,12668,687,489,0,408,81,137,137,100,0,0,0,0,0,0,0,0,0,0,0,0,0,0,0,0,0,0,0,0,0,100,0,0,0,0,0,0,0,0,0,0,0,0,0,0,0,0,0,0,0,0,100
239043,3426,505,96,40,9999,0,0,485,0,0,0,4264,2068,0,0,62,2,2,2,1382,456,2000,1,0,4,73,72,36816,15117,323,774,163,68,462,0,0,0,0,4,2,0,10,0,0,0,0,0,1680,1760,1680,1760,4128,2208,3272,2230,0,0,0,0,100,39,55,55,63,39,39,39,0,0,41,0,0,0,0,0,0,12668,686,489,0,408,80,137,137,100,0,0,0,0,0,0,0,0,0,0,0,0,0,0,0,0,0,0,0,0,0,100,0,0,0,0,0,0,0,0,0,0,0,0,0,0,0,0,0,0,0,0,100
240020,3426,505,96,40,9999,0,0,709,0,0,0,4264,3023,0,0,62,2,2,2,1382,456,2000,1,0,4,72,72,36812,15031,272,742,184,67,196,0,0,0,0,4,2,0,10,0,0,0,0,0,1680,1760,1680,1760,4128,2208,3127,2271,0,0,0,0,100,45,56,56,62,45,45,45,0,0,41,0,0,0,0,0,0,12668,686,489,0,408,80,137,137,100,0,0,0,0,0,0,0,0,0,0,0,0,0,0,0,0,0,0,0,0,0,100,0,0,0,0,0,0,0,0,0,0,0,0,0,0,0,0,0,0,0,0,100
241020,3426,505,96,40,9999,0,0,903,0,0,0,4264,3850,0,0,62,2,2,2,1382,456,2000,1,0,4,73,72,36573,14956,338,638,131,68,340,0,0,0,0,4,2,0,10,0,0,0,0,0,1680,1760,1680,1760,4128,2208,3236,2371,0,0,0,0,100,42,55,54,61,42,39,40,0,0,41,0,0,0,0,0,0,12668,686,489,0,408,80,137,137,100,0,0,0,0,0,0,0,0,0,0,0,0,0,0,0,0,0,0,0,0,0,100,0,0,0,0,0,0,0,0,0,0,0,0,0,0,0,0,0,0,0,0,100
242020,3426,505,96,40,9999,0,0,910,0,0,0,4264,3880,0,0,62,2,2,2,1382,456,2000,1,0,4,73,72,36758,14832,342,569,124,67,497,0,0,0,0,4,2,0,10,0,0,0,0,0,1680,1760,1680,1760,4128,2208,3110,2283,0,0,0,0,100,36,52,52,59,36,35,36,0,0,41,0,0,0,0,0,0,12668,686,489,0,408,80,137,137,100,0,0,0,0,0,0,0,0,0,0,0,0,0,0,0,0,0,0,0,0,0,100,0,0,0,0,0,0,0,0,0,0,0,0,0,0,0,0,0,0,0,0,100
243021,3426,505,96,40,9999,0,0,979,0,0,0,4264,4174,0,0,62,2,2,2,1382,456,2000,1,0,4,73,72,36652,14943,294,672,145,66,275,0,0,0,0,4,2,0,10,0,0,0,0,0,1680,1760,1680,1760,4128,2208,3153,2283,0,0,0,0,100,43,56,52,59,43,43,42,0,0,41,0,0,0,0,0,0,12668,686,489,0,408,80,137,137,100,0,0,0,0,0,0,0,0,0,0,0,0,0,0,0,0,0,0,0,0,0,100,0,0,0,0,0,0,0,0,0,0,0,0,0,0,0,0,0,0,0,0,100
244022,3426,505,96,40,9999,0,0,831,0,0,0,4264,3543,0,0,62,2,2,2,1382,456,2000,1,0,4,72,72,36860,15040,319,752,176,67,571,0,0,0,0,4,2,0,10,0,0,0,0,0,1680,1760,1680,1760,4128,2208,3287,2252,0,0,0,0,100,40,57,56,63,40,40,38,0,0,41,0,0,0,0,0,0,12668,686,489,0,408,80,137,137,100,0,0,0,0,0,0,0,0,0,0,0,0,0,0,0,0,0,0,0,0,0,100,0,0,0,0,0,0,0,0,0,0,0,0,0,0,0,0,0,0,0,0,100
245020,3426,505,96,40,9999,0,0,595,0,0,0,4264,2537,0,0,62,2,2,2,1382,456,2000,1,0,4,72,72,36652,15061,333,824,135,67,551,0,0,0,0,4,2,0,10,0,0,0,0,0,1680,1760,1680,1760,4128,2208,3211,2274,0,0,0,0,100,41,55,56,62,40,41,40,0,0,41,0,0,0,0,0,0,12668,686,489,0,408,80,137,137,100,0,0,0,0,0,0,0,0,0,0,0,0,0,0,0,0,0,0,0,0,0,100,0,0,0,0,0,0,0,0,0,0,0,0,0,0,0,0,0,0,0,0,100
246020,3426,505,96,40,9999,0,0,600,0,0,0,4264,2558,0,0,62,2,2,2,1382,456,2000,1,0,4,73,72,36608,15038,332,812,153,67,215,0,0,0,0,4,2,0,10,0,0,0,0,0,1680,1760,1680,1760,4128,2208,3207,2337,0,0,0,0,100,45,53,50,57,44,45,43,0,0,41,0,0,0,0,0,0,12668,686,489,0,408,80,137,137,100,0,0,0,0,0,0,0,0,0,0,0,0,0,0,0,0,0,0,0,0,0,100,0,0,0,0,0,0,0,0,0,0,0,0,0,0,0,0,0,0,0,0,100
247021,3426,505,96,40,9999,0,0,850,0,0,0,4264,3624,0,0,62,2,2,2,1382,456,2000,1,0,4,72,72,36841,14906,342,703,116,67,445,0,0,0,0,4,2,0,10,0,0,0,0,0,1680,1760,1680,1760,4128,2208,3144,2250,0,0,0,0,100,42,50,52,60,39,42,38,0,0,41,0,0,0,0,0,0,12668,686,489,0,408,80,137,137,100,0,0,0,0,0,0,0,0,0,0,0,0,0,0,0,0,0,0,0,0,0,100,0,0,0,0,0,0,0,0,0,0,0,0,0,0,0,0,0,0,0,0,100
248021,3426,505,96,40,9999,0,0,713,0,0,0,4271,3045,0,0,62,2,2,2,1382,456,2000,1,0,4,72,72,37134,14989,302,866,312,67,690,0,0,2,0,4,2,0,10,0,0,0,0,0,1680,1760,1680,1760,4128,2208,3072,2273,0,0,0,0,100,40,55,54,61,40,38,37,0,0,41,0,0,0,0,0,0,12668,686,489,0,408,80,137,137,100,2,1,0,0,0,0,0,0,0,0,0,0,0,0,0,0,0,0,0,0,0,100,0,0,0,0,0,0,0,0,0,0,0,0,0,0,0,0,0,0,0,0,100
249021,3426,505,96,40,9999,0,0,668,0,0,0,4271,2853,0,0,62,2,2,2,1382,456,2000,1,0,4,72,72,36371,14904,290,783,234,67,290,0,0,0,0,4,2,0,10,0,0,0,0,0,1680,1760,1680,1760,4128,2208,3281,2253,0,0,0,0,100,47,57,57,59,43,47,44,0,0,41,0,0,0,0,0,0,12668,686,489,0,408,80,137,137,100,0,0,0,0,0,0,0,0,0,0,0,0,0,0,0,0,0,0,0,0,0,100,0,0,0,0,0,0,0,0,0,0,0,0,0,0,0,0,0,0,0,0,100
250021,3426,505,96,40,9999,0,0,1045,0,0,0,4271,4463,0,0,62,2,2,2,1382,456,2000,1,0,4,73,72,36700,14814,300,661,179,67,270,0,0,0,0,4,2,0,10,0,0,0,0,0,1680,1760,1680,1760,4128,2208,3224,2283,0,0,0,0,100,43,56,57,64,43,43,41,0,0,41,0,0,0,0,0,0,12668,686,489,0,408,80,137,137,100,0,0,0,0,0,0,0,0,0,0,0,0,0,0,0,0,0,0,0,0,0,100,0,0,0,0,0,0,0,0,0,0,0,0,0,0,0,0,0,0,0,0,100
251021,3426,505,96,40,9999,0,0,932,0,0,0,4271,3980,0,0,62,2,2,2,1382,456,2000,1,0,4,72,72,36355,14880,336,671,164,67,413,0,0,0,0,4,2,0,10,0,0,0,0,0,1680,1760,1680,1760,4128,2208,3197,2348,0,0,0,0,100,37,54,55,61,36,37,33,0,0,41,0,0,0,0,0,0,12668,686,489,0,408,80,137,137,100,0,0,0,0,0,0,0,0,0,0,0,0,0,0,0,0,0,0,0,0,0,100,0,0,0,0,0,0,0,0,0,0,0,0,0,0,0,0,0,0,0,0,100
252022,3426,505,96,40,9999,0,0,722,0,0,0,4271,3083,0,0,62,2,2,2,1382,456,2000,1,0,4,72,72,36705,15009,350,845,242,66,591,0,0,0,0,4,2,0,10,0,0,0,0,0,1680,1760,1680,1760,4128,2208,3070,2239,0,0,0,0,100,46,55,53,58,41,46,43,0,0,41,0,0,0,0,0,0,12668,686,489,0,408,80,137,137,100,0,0,0,0,0,0,0,0,0,0,0,0,0,0,0,0,0,0,0,0,0,100,0,0,0,0,0,0,0,0,0,0,0,0,0,0,0,0,0,0,0,0,100
253022,3426,505,96,40,9999,0,0,547,0,0,0,4271,2336,0,0,62,2,2,2,1382,456,2000,1,0,4,73,72,36727,15060,295,957,257,67,261,0,0,0,0,4,2,0,10,0,0,0,0,0,1680,1760,1680,1760,4128,2208,3202,2340,0,0,0,0,100,42,54,53,58,42,39,39,0,0,41,0,0,0,0,0,0,12668,686,489,0,408,80,137,137,100,0,0,0,0,0,0,0,0,0,0,0,0,0,0,0,0,0,0,0,0,0,100,0,0,0,0,0,0,0,0,0,0,0,0,0,0,0,0,0,0,0,0,100
254023,3426,505,96,40,9999,0,0,513,0,0,0,4271,2191,0,0,62,2,2,2,1382,456,2000,1,0,4,72,72,36773,15092,345,876,161,66,678,0,0,0,0,4,2,0,10,0,0,0,0,0,1680,1760,1680,1760,4128,2208,3232,2234,0,0,0,0,100,38,56,54,61,38,38,36,0,0,41,0,0,0,0,0,0,12668,686,489,0,408,80,137,137,100,0,0,0,0,0,0,0,0,0,0,0,0,0,0,0,0,0,0,0,0,0,100,0,0,0,0,0,0,0,0,0,0,0,0,0,0,0,0,0,0,0,0,100
255023,3426,505,96,40,9999,0,0,458,0,0,0,4271,1956,0,0,62,2,2,2,1382,456,2000,1,0,4,72,72,36706,15080,333,836,117,68,282,0,0,0,0,4,2,0,10,0,0,0,0,0,1680,1760,1680,1760,4128,2208,3250,2260,0,0,0,0,100,41,56,55,60,41,41,39,0,0,41,0,0,0,0,0,0,12668,686,489,0,408,80,137,137,100,0,0,0,0,0,0,0,0,0,0,0,0,0,0,0,0,0,0,0,0,0,100,0,0,0,0,0,0,0,0,0,0,0,0,0,0,0,0,0,0,0,0,100
256021,3426,505,96,40,9999,0,0,976,0,0,0,4271,4168,0,0,62,2,2,2,1382,456,2000,1,0,4,73,72,36755,15073,293,800,163,68,630,0,0,0,0,4,2,0,10,0,0,0,0,0,1680,1760,1680,1760,4128,2208,3125,2255,0,0,0,0,100,39,53,54,60,39,39,37,0,0,41,0,0,0,0,0,0,12668,686,489,0,408,80,137,137,100,0,0,0,0,0,0,0,0,0,0,0,0,0,0,0,0,0,0,0,0,0,100,0,0,0,0,0,0,0,0,0,0,0,0,0,0,0,0,0,0,0,0,100
257021,3426,505,96,40,9999,0,0,733,0,0,0,4271,3130,0,0,62,2,2,2,1382,456,2000,1,0,4,72,72,36705,15084,281,779,139,68,289,0,0,0,0,4,2,0,10,0,0,0,0,0,1680,1760,1680,1760,4128,2208,3095,2238,0,0,0,0,100,41,53,52,58,39,41,38,0,0,41,0,0,0,0,0,0,12668,686,489,0,408,80,137,137,100,0,0,0,0,0,0,0,0,0,0,0,0,0,0,0,0,0,0,0,0,0,100,0,0,0,0,0,0,0,0,0,0,0,0,0,0,0,0,0,0,0,0,100
258024,3426,505,96,40,9999,0,0,351,0,0,0,4294,1507,0,0,62,2,2,2,1382,456,2000,1,0,4,72,72,36655,15047,388,705,130,67,258,0,0,0,0,4,2,0,10,0,0,0,0,0,1680,1760,1680,1760,4128,2208,3162,2323,0,0,0,0,100,44,58,55,63,44,44,43,0,0,41,0,0,0,0,0,0,12668,686,489,0,408,80,137,137,100,0,0,0,0,0,0,0,0,0,0,0,0,0,0,0,0,0,0,0,0,0,100,0,0,0,0,0,0,0,0,0,0,0,0,0,0,0,0,0,0,0,0,100
259046,3420,505,96,40,9999,0,0,1113,0,0,0,4294,4779,0,0,62,2,2,2,1382,456,2000,1,0,4,73,72,36608,14951,344,794,152,67,559,0,0,0,0,4,2,0,10,0,0,0,0,0,1680,1760,1680,1760,4128,2208,3274,2241,0,0,0,0,100,38,54,55,59,35,38,36,0,0,41,0,0,0,0,0,0,12668,686,489,0,408,80,138,138,100,0,0,0,0,0,0,0,0,0,0,0,0,0,0,0,0,0,0,0,0,0,100,0,0,0,0,0,0,0,0,0,0,0,0,0,0,0,0,0,0,0,0,100
260023,3420,505,96,40,9999,0,0,825,0,0,0,4294,3542,0,0,62,2,2,2,1382,456,2000,1,0,4,73,72,36777,15196,389,843,193,67,655,0,0,0,0,4,2,0,10,0,0,0,0,0,1680,1760,1680,1760,4128,2208,3249,2277,0,0,0,0,100,41,58,55,62,40,41,39,0,0,41,0,0,0,0,0,0,12668,686,489,0,408,80,138,138,100,0,0,0,0,0,0,0,0,0,0,0,0,0,0,0,0,0,0,0,0,0,100,0,0,0,0,0,0,0,0,0,0,0,0,0,0,0,0,0,0,0,0,100
261024,3420,505,96,40,9999,0,0,540,0,0,0,4294,2318,0,0,62,2,2,2,1382,456,2000,1,0,4,73,72,36777,15033,295,786,146,67,485,0,0,0,0,4,2,0,10,0,0,0,0,0,1680,1760,1680,1760,4128,2208,3268,2339,0,0,0,0,100,41,56,54,61,41,41,40,0,0,41,0,0,0,0,0,0,12668,686,489,0,408,80,138,138,100,0,0,0,0,0,0,0,0,0,0,0,0,0,0,0,0,0,0,0,0,0,100,0,0,0,0,0,0,0,0,0,0,0,0,0,0,0,0,0,0,0,0,100
262022,3420,505,96,40,9999,0,0,880,0,0,0,4294,3778,0,0,62,2,2,2,1382,456,2000,1,0,4,73,72,36621,15055,344,806,146,68,608,0,0,0,0,4,2,0,10,0,0,0,0,0,1680,1760,1680,1760,4128,2208,3227,2286,0,0,0,0,100,38,57,55,61,37,38,36,0,0,41,0,0,0,0,0,0,12668,686,489,0,408,80,138,138,100,0,0,0,0,0,0,0,0,0,0,0,0,0,0,0,0,0,0,0,0,0,100,0,0,0,0,0,0,0,0,0,0,0,0,0,0,0,0,0,0,0,0,100
263023,3420,505,96,40,9999,0,0,576,0,0,0,4294,2473,0,0,62,2,2,2,1382,456,2000,1,0,4,72,72,36790,15065,302,767,116,67,281,0,0,0,0,4,2,0,10,0,0,0,0,0,1680,1760,1680,1760,4128,2208,3140,2261,0,0,0,0,100,48,58,56,62,48,47,47,0,0,41,0,0,0,0,0,0,12668,686,489,0,408,80,138,138,100,0,0,0,0,0,0,0,0,0,0,0,0,0,0,0,0,0,0,0,0,0,100,0,0,0,0,0,0,0,0,0,0,0,0,0,0,0,0,0,0,0,0,100
264023,3420,505,96,40,9999,0,0,705,0,0,0,4294,3027,0,0,62,2,2,2,1382,456,2000,1,0,4,73,72,36549,14913,327,714,180,67,275,0,0,0,0,4,2,0,10,0,0,0,0,0,1680,1760,1680,1760,4128,2208,3348,2311,0,0,0,0,100,39,57,59,62,39,38,37,0,0,41,0,0,0,0,0,0,12668,686,489,0,408,80,138,138,100,0,0,0,0,0,0,0,0,0,0,0,0,0,0,0,0,0,0,0,0,0,100,0,0,0,0,0,0,0,0,0,0,0,0,0,0,0,0,0,0,0,0,100
265023,3420,505,96,40,9999,0,0,861,0,0,0,4294,3697,0,0,62,2,2,2,1382,456,2000,1,0,4,72,72,36546,14911,314,723,158,67,377,0,0,0,0,4,2,0,10,0,0,0,0,0,1680,1760,1680,1760,4128,2208,3241,2258,0,0,0,0,100,39,59,54,65,38,39,36,0,0,41,0,0,0,0,0,0,12668,686,489,0,408,80,138,138,100,0,0,0,0,0,0,0,0,0,0,0,0,0,0,0,0,0,0,0,0,0,100,0,0,0,0,0,0,0,0,0,0,0,0,0,0,0,0,0,0,0,0,100
266023,3420,505,96,40,9999,0,0,693,0,0,0,4294,2975,0,0,62,2,2,2,1382,456,2000,1,0,4,72,72,36633,14940,346,696,152,67,245,0,0,0,0,4,2,0,10,0,0,0,0,0,1680,1760,1680,1760,4128,2208,3246,2370,0,0,0,0,100,46,56,58,63,43,46,44,0,0,41,0,0,0,0,0,0,12668,686,489,0,408,80,138,138,100,0,0,0,0,0,0,0,0,0,0,0,0,0,0,0,0,0,0,0,0,0,100,0,0,0,0,0,0,0,0,0,0,0,0,0,0,0,0,0,0,0,0,100
267023,3420,505,96,40,9999,0,0,748,0,0,0,4294,3211,0,0,62,2,2,2,1382,456,2000,1,0,4,73,72,36540,14815,344,601,110,68,216,0,0,0,0,4,2,0,10,0,0,0,0,0,1680,1760,1680,1760,4128,2208,3038,2259,0,0,0,0,100,43,58,57,64,40,43,39,0,0,41,0,0,0,0,0,0,12668,686,489,0,408,80,138,138,100,0,0,0,0,0,0,0,0,0,0,0,0,0,0,0,0,0,0,0,0,0,100,0,0,0,0,0,0,0,0,0,0,0,0,0,0,0,0,0,0,0,0,100
268022,3420,505,96,40,9999,0,0,517,0,0,0,4294,2219,0,0,62,2,2,2,1382,456,2000,1,0,4,73,72,36536,14911,340,657,120,68,374,0,0,0,0,4,2,0,10,0,0,0,0,0,1680,1760,1680,1760,4128,2208,3088,2260,0,0,0,0,100,39,53,55,60,39,38,36,0,0,41,0,0,0,0,0,0,12668,686,489,0,408,80,138,138,100,0,0,0,0,0,0,0,0,0,0,0,0,0,0,0,0,0,0,0,0,0,100,0,0,0,0,0,0,0,0,0,0,0,0,0,0,0,0,0,0,0,0,100
269023,3420,505,96,40,9999,0,0,638,0,0,0,4275,2727,0,0,62,2,2,2,1382,456,2000,1,0,4,73,72,36619,14962,353,747,161,67,606,0,0,0,0,4,2,0,10,0,0,0,0,0,1680,1760,1680,1760,4128,2208,3240,2229,0,0,0,0,100,46,55,55,62,44,46,43,0,0,41,0,0,0,0,0,0,12668,686,489,0,408,80,138,138,100,0,0,0,0,0,0,0,0,0,0,0,0,0,0,0,0,0,0,0,0,0,100,0,0,0,0,0,0,0,0,0,0,0,0,0,0,0,0,0,0,0,0,100
270023,3420,505,96,40,9999,0,0,514,0,0,0,4275,2197,0,0,62,2,2,2,1382,456,2000,1,0,4,73,72,36457,14983,322,844,176,67,315,0,0,0,0,4,2,0,10,0,0,0,0,0,1680,1760,1680,1760,4128,2208,3094,2252,0,0,0,0,100,42,51,52,59,38,42,38,0,0,41,0,0,0,0,0,0,12668,686,489,0,408,80,138,138,100,0,0,0,0,0,0,0,0,0,0,0,0,0,0,0,0,0,0,0,0,0,100,0,0,0,0,0,0,0,0,0,0,0,0,0,0,0,0,0,0,0,0,100
271023,3420,505,96,40,9999,0,0,369,0,0,0,4275,1577,0,0,62,2,2,2,1382,456,2000,1,0,4,72,72,36536,14919,336,730,117,68,412,0,0,0,0,4,2,0,10,0,0,0,0,0,1680,1760,1680,1760,4128,2208,3156,2257,0,0,0,0,100,39,56,55,62,37,39,37,0,0,41,0,0,0,0,0,0,12668,686,489,0,408,80,138,138,100,0,0,0,0,0,0,0,0,0,0,0,0,0,0,0,0,0,0,0,0,0,100,0,0,0,0,0,0,0,0,0,0,0,0,0,0,0,0,0,0,0,0,100
272023,3420,505,96,40,9999,0,0,529,0,0,0,4275,2261,0,0,62,2,2,2,1382,456,2000,1,0,4,72,72,36658,14934,326,670,116,67,498,0,0,0,0,4,2,0,10,0,0,0,0,0,1680,1760,1680,1760,4128,2208,3051,2259,0,0,0,0,100,44,54,51,60,44,44,43,0,0,41,0,0,0,0,0,0,12668,686,489,0,408,80,138,138,100,0,0,0,0,0,0,0,0,0,0,0,0,0,0,0,0,0,0,0,0,0,100,0,0,0,0,0,0,0,0,0,0,0,0,0,0,0,0,0,0,0,0,100
273023,3420,505,96,40,9999,0,0,659,0,0,0,4275,2817,0,0,62,2,2,2,1382,456,2000,1,0,4,73,72,36551,14995,297,752,139,67,313,0,0,0,0,4,2,0,10,0,0,0,0,0,1680,1760,1680,1760,4128,2208,3047,2261,0,0,0,0,100,41,54,52,58,37,41,37,0,0,41,0,0,0,0,0,0,12668,686,489,0,408,80,138,138,100,0,0,0,0,0,0,0,0,0,0,0,0,0,0,0,0,0,0,0,0,0,100,0,0,0,0,0,0,0,0,0,0,0,0,0,0,0,0,0,0,0,0,100
274023,3420,505,96,40,9999,0,0,471,0,0,0,4275,2013,0,0,62,2,2,2,1382,456,2000,1,0,4,73,72,36703,14970,316,725,114,67,323,0,0,0,0,4,2,0,10,0,0,0,0,0,1680,1760,1680,1760,4128,2208,3163,2222,0,0,0,0,100,38,56,53,62,38,37,38,0,0,41,0,0,0,0,0,0,12668,686,489,0,408,80,138,138,100,0,0,0,0,0,0,0,0,0,0,0,0,0,0,0,0,0,0,0,0,0,100,0,0,0,0,0,0,0,0,0,0,0,0,0,0,0,0,0,0,0,0,100
275023,3420,505,96,40,9999,0,0,717,0,0,0,4275,3065,0,0,62,2,2,2,1382,456,2000,1,0,4,73,72,36578,14883,324,654,147,67,492,0,0,0,0,4,2,0,10,0,0,0,0,0,1680,1760,1680,1760,4128,2208,3251,2263,0,0,0,0,100,48,54,54,62,48,44,44,0,0,41,0,0,0,0,0,0,12668,686,489,0,408,80,138,138,100,0,0,0,0,0,0,0,0,0,0,0,0,0,0,0,0,0,0,0,0,0,100,0,0,0,0,0,0,0,0,0,0,0,0,0,0,0,0,0,0,0,0,100
276023,3420,505,96,40,9999,0,0,776,0,0,0,4275,3317,0,0,62,2,2,2,1382,456,2000,1,0,4,73,72,36590,14921,316,776,178,67,282,0,0,0,0,4,2,0,10,0,0,0,0,0,1680,1760,1680,1760,4128,2208,3111,2323,0,0,0,0,100,43,54,53,60,40,43,41,0,0,41,0,0,0,0,0,0,12668,686,489,0,408,80,138,138,100,0,0,0,0,0,0,0,0,0,0,0,0,0,0,0,0,0,0,0,0,0,100,0,0,0,0,0,0,0,0,0,0,0,0,0,0,0,0,0,0,0,0,100
277023,3420,505,96,40,9999,0,0,479,0,0,0,4275,2047,0,0,62,2,2,2,1382,456,2000,1,0,4,73,72,36585,14997,337,757,176,67,561,1,0,0,0,4,2,0,10,0,0,0,0,0,1680,1760,1680,1760,4128,2208,3085,2263,0,0,0,0,100,38,55,52,62,36,38,35,0,0,41,0,0,0,0,0,0,12668,686,489,0,408,80,138,138,100,0,0,0,0,0,0,0,0,0,0,0,0,0,0,0,0,0,0,0,0,0,100,0,0,0,0,0,0,0,0,0,0,0,0,0,0,0,0,0,0,0,0,100
278023,3420,505,96,40,9999,0,0,878,0,0,0,4275,3753,0,0,62,2,2,2,1382,456,2000,1,0,4,73,72,36972,15431,411,1006,326,68,326,0,0,0,0,4,2,0,10,0,0,0,0,0,1680,1760,1680,1760,4128,2208,3042,2292,0,0,0,0,100,43,52,50,59,43,43,40,0,0,41,0,0,0,0,0,0,12668,686,489,0,408,80,138,138,100,0,0,0,0,0,0,0,0,0,0,0,0,0,0,0,0,0,0,0,0,0,100,0,0,0,0,0,0,0,0,0,0,0,0,0,0,0,0,0,0,0,0,100
279050,3423,504,96,40,9999,0,0,734,0,0,0,4260,3126,0,0,62,2,2,2,1382,456,2000,1,0,4,72,72,36808,15137,306,862,169,68,212,0,0,0,0,4,2,0,10,0,0,0,0,0,1680,1760,1680,1760,4128,2208,3239,2289,0,0,0,0,100,41,54,52,59,40,40,41,0,0,41,0,0,0,0,0,0,12668,686,488,0,408,79,138,138,100,0,0,0,0,0,0,0,0,0,0,0,0,0,0,0,0,0,0,0,0,0,100,0,0,0,0,0,0,0,0,0,0,0,0,0,0,0,0,0,0,0,0,100
280025,3423,504,96,40,9999,0,0,682,0,0,0,4260,2905,0,0,62,2,2,2,1382,456,2000,1,0,4,72,72,36806,14947,351,800,127,67,202,0,0,0,0,4,2,0,10,0,0,0,0,0,1680,1760,1680,1760,4128,2208,3109,2259,0,0,0,0,100,40,52,54,60,40,40,39,0,0,41,0,0,0,0,0,0,12668,686,488,0,408,79,138,138,100,0,0,0,0,0,0,0,0,0,0,0,0,0,0,0,0,0,0,0,0,0,100,0,0,0,0,0,0,0,0,0,0,0,0,0,0,0,0,0,0,0,0,100
281025,3423,504,96,40,9999,0,0,573,0,0,0,4260,2440,0,0,62,2,2,2,1382,456,2000,1,0,4,72,72,36548,14895,327,703,134,66,604,1,0,0,0,4,2,0,10,0,0,0,0,0,1680,1760,1680,1760,4128,2208,3123,2258,0,0,0,0,100,44,56,54,60,44,43,43,0,0,41,0,0,0,0,0,0,12668,686,488,0,408,79,138,138,100,0,0,0,0,0,0,0,0,0,0,0,0,0,0,0,0,0,0,0,0,0,100,0,0,0,0,0,0,0,0,0,0,0,0,0,0,0,0,0,0,0,0,100
282024,3423,504,96,40,9999,0,0,693,0,0,0,4260,2952,0,0,62,2,2,2,1382,456,2000,1,0,4,72,72,36531,14927,325,796,207,66,214,0,0,0,0,4,2,0,10,0,0,0,0,0,1680,1760,1680,1760,4128,2208,3146,2259,0,0,0,0,100,42,56,51,59,39,42,39,0,0,41,0,0,0,0,0,0,12668,686,488,0,408,79,138,138,100,0,0,0,0,0,0,0,0,0,0,0,0,0,0,0,0,0,0,0,0,0,100,0,0,0,0,0,0,0,0,0,0,0,0,0,0,0,0,0,0,0,0,100
283024,3423,504,96,40,9999,0,0,598,0,0,0,4260,2547,0,0,62,2,2,2,1382,456,2000,1,0,4,73,72,36473,14799,332,641,136,67,209,0,0,0,0,4,2,0,10,0,0,0,0,0,1680,1760,1680,1760,4128,2208,3141,2293,0,0,0,0,100,41,54,52,59,41,40,38,0,0,41,0,0,0,0,0,0,12668,686,488,0,408,79,138,138,100,0,0,0,0,0,0,0,0,0,0,0,0,0,0,0,0,0,0,0,0,0,100,0,0,0,0,0,0,0,0,0,0,0,0,0,0,0,0,0,0,0,0,100
284024,3423,504,96,40,9999,0,0,367,0,0,0,4260,1563,0,0,62,2,2,2,1382,456,2000,1,0,4,72,72,36495,14839,332,618,117,67,396,0,0,0,0,4,2,0,10,0,0,0,0,0,1680,1760,1680,1760,4128,2208,3129,2223,0,0,0,0,100,42,52,50,59,41,41,42,0,0,41,0,0,0,0,0,0,12668,686,488,0,408,79,138,138,100,0,0,0,0,0,0,0,0,0,0,0,0,0,0,0,0,0,0,0,0,0,100,0,0,0,0,0,0,0,0,0,0,0,0,0,0,0,0,0,0,0,0,100
285024,3423,504,96,40,9999,0,0,914,0,0,0,4260,3893,0,0,62,2,2,2,1382,456,2000,1,0,4,72,72,36427,14842,357,657,128,67,598,0,0,0,0,4,2,0,10,0,0,0,0,0,1680,1760,1680,1760,4128,2208,3098,2257,0,0,0,0,100,37,52,48,58,36,37,34,0,0,41,0,0,0,0,0,0,12668,686,488,0,408,79,138,138,100,0,0,0,0,0,0,0,0,0,0,0,0,0,0,0,0,0,0,0,0,0,100,0,0,0,0,0,0,0,0,0,0,0,0,0,0,0,0,0,0,0,0,100
286024,3423,504,96,40,9999,0,0,409,0,0,0,4260,1742,0,0,62,2,2,2,1382,456,2000,1,0,4,73,72,36756,15028,303,737,173,68,223,0,0,0,0,4,2,0,10,0,0,0,0,0,1680,1760,1680,1760,4128,2208,3221,2328,0,0,0,0,100,42,51,48,58,42,42,42,0,0,41,0,0,0,0,0,0,12668,686,488,0,408,79,138,138,100,0,0,0,0,0,0,0,0,0,0,0,0,0,0,0,0,0,0,0,0,0,100,0,0,0,0,0,0,0,0,0,0,0,0,0,0,0,0,0,0,0,0,100
287024,3423,504,96,40,9999,0,0,673,0,0,0,4260,2866,0,0,62,2,2,2,1382,456,2000,1,0,4,72,72,36787,15058,317,758,247,67,226,1,0,0,0,4,2,0,10,0,0,0,0,0,1680,1760,1680,1760,4128,2208,3068,2193,0,0,0,0,100,42,51,49,57,42,41,39,0,0,41,0,0,0,0,0,0,12668,686,488,0,408,79,138,138,100,0,0,0,0,0,0,0,0,0,0,0,0,0,0,0,0,0,0,0,0,0,100,0,0,0,0,0,0,0,0,0,0,0,0,0,0,0,0,0,0,0,0,100
288024,3423,504,96,40,9999,0,0,586,0,0,0,4260,2496,0,0,62,2,2,2,1382,456,2000,1,0,4,72,72,36733,14956,296,741,174,67,224,0,0,0,0,4,2,0,10,0,0,0,0,0,1680,1760,1680,1760,4128,2208,3070,2291,0,0,0,0,100,36,51,49,57,36,34,35,0,0,41,0,0,0,0,0,0,12668,686,488,0,408,79,138,138,100,0,0,0,0,0,0,0,0,0,0,0,0,0,0,0,0,0,0,0,0,0,100,0,0,0,0,0,0,0,0,0,0,0,0,0,0,0,0,0,0,0,0,100
289024,3423,504,96,40,9999,0,0,630,0,0,0,4282,2697,0,0,62,2,2,2,1382,456,2000,1,0,4,73,72,36740,14894,336,715,127,67,239,0,0,0,0,4,2,0,10,0,0,0,0,0,1680,1760,1680,1760,4128,2208,3301,2302,0,0,0,0,100,46,56,51,59,45,46,45,0,0,41,0,0,0,0,0,0,12668,686,488,0,408,79,138,138,100,0,0,0,0,0,0,0,0,0,0,0,0,0,0,0,0,0,0,0,0,0,100,0,0,0,0,0,0,0,0,0,0,0,0,0,0,0,0,0,0,0,0,100
290025,3423,504,96,40,9999,0,0,718,0,0,0,4282,3074,0,0,62,2,2,2,1382,456,2000,1,0,4,73,72,36615,14865,344,682,122,67,364,0,0,0,0,4,2,0,10,0,0,0,0,0,1680,1760,1680,1760,4128,2208,3204,2259,0,0,0,0,100,39,52,52,61,38,39,37,0,0,41,0,0,0,0,0,0,12668,686,488,0,408,79,138,138,100,0,0,0,0,0,0,0,0,0,0,0,0,0,0,0,0,0,0,0,0,0,100,0,0,0,0,0,0,0,0,0,0,0,0,0,0,0,0,0,0,0,0,100
291025,3423,504,96,40,9999,0,0,535,0,0,0,4282,2290,0,0,62,2,2,2,1382,456,2000,1,0,4,73,72,36661,14951,318,693,120,67,499,0,0,0,0,4,2,0,10,0,0,0,0,0,1680,1760,1680,1760,4128,2208,3125,2321,0,0,0,0,100,61,64,64,71,61,57,54,0,0,41,0,0,0,0,0,0,12668,686,488,0,408,79,138,138,100,0,0,0,0,0,0,0,0,0,0,0,0,0,0,0,0,0,0,0,0,0,100,0,0,0,0,0,0,0,0,0,0,0,0,0,0,0,0,0,0,0,0,100
292025,3423,504,96,40,9999,0,0,819,0,0,0,4282,3506,0,0,62,2,2,2,1382,456,2000,1,0,4,72,72,36754,14968,284,701,143,67,435,0,0,0,0,4,2,0,10,0,0,0,0,0,1680,1760,1680,1760,4128,2208,3042,2255,0,0,0,0,100,45,52,52,60,45,45,44,0,0,40,0,0,0,0,0,0,12668,686,488,0,408,79,138,138,100,0,0,0,0,0,0,0,0,0,0,0,0,0,0,0,0,0,0,0,0,0,100,0,0,0,0,0,0,0,0,0,0,0,0,0,0,0,0,0,0,0,0,100
293025,3423,504,96,40,9999,0,0,666,0,0,0,4282,2851,0,0,62,2,2,2,1382,456,2000,1,0,4,72,72,36647,14927,308,675,165,67,577,1,0,0,0,4,2,0,10,0,0,0,0,0,1680,1760,1680,1760,4128,2208,3165,2289,0,0,0,0,100,39,47,47,56,37,39,37,0,0,41,0,0,0,0,0,0,12668,686,488,0,408,79,138,138,100,0,0,0,0,0,0,0,0,0,0,0,0,0,0,0,0,0,0,0,0,0,100,0,0,0,0,0,0,0,0,0,0,0,0,0,0,0,0,0,0,0,0,100
294025,3423,504,96,40,9999,0,0,506,0,0,0,4282,2166,0,0,62,2,2,2,1382,456,2000,1,0,4,73,72,36592,14994,353,849,128,67,538,0,0,0,0,4,2,0,10,0,0,0,0,0,1680,1760,1680,1760,4128,2208,3275,2295,0,0,0,0,100,38,53,53,58,35,38,36,0,0,41,0,0,0,0,0,0,12668,686,488,0,408,79,138,138,100,0,0,0,0,0,0,0,0,0,0,0,0,0,0,0,0,0,0,0,0,0,100,0,0,0,0,0,0,0,0,0,0,0,0,0,0,0,0,0,0,0,0,100
295025,3423,504,96,40,9999,0,0,881,0,0,0,4282,3772,0,0,62,2,2,2,1382,456,2000,1,0,4,72,72,36711,14968,315,721,103,67,362,0,0,0,0,4,2,0,10,0,0,0,0,0,1680,1760,1680,1760,4128,2208,3168,2258,0,0,0,0,100,44,52,50,59,43,44,43,0,0,41,0,0,0,0,0,0,12668,686,488,0,408,79,138,138,100,0,0,0,0,0,0,0,0,0,0,0,0,0,0,0,0,0,0,0,0,0,100,0,0,0,0,0,0,0,0,0,0,0,0,0,0,0,0,0,0,0,0,100
296025,3423,504,96,40,9999,0,0,483,0,0,0,4282,2068,0,0,62,2,2,2,1382,456,2000,1,0,4,73,72,36600,14883,333,675,112,67,299,0,0,0,0,4,2,0,10,0,0,0,0,0,1680,1760,1680,1760,4128,2208,3127,2324,0,0,0,0,100,39,55,52,59,38,39,37,0,0,41,0,0,0,0,0,0,12668,686,488,0,408,79,138,138,100,0,0,0,0,0,0,0,0,0,0,0,0,0,0,0,0,0,0,0,0,0,100,0,0,0,0,0,0,0,0,0,0,0,0,0,0,0,0,0,0,0,0,100
297025,3423,504,96,40,9999,0,0,699,0,0,0,4282,2993,0,0,62,2,2,2,1382,456,2000,1,0,4,73,72,36476,14913,338,684,120,67,547,0,0,0,0,4,2,0,10,0,0,0,0,0,1680,1760,1680,1760,4128,2208,3073,2189,0,0,0,0,100,38,51,51,60,35,38,34,0,0,41,0,0,0,0,0,0,12668,686,488,0,408,79,138,138,100,0,0,0,0,0,0,0,0,0,0,0,0,0,0,0,0,0,0,0,0,0,100,0,0,0,0,0,0,0,0,0,0,0,0,0,0,0,0,0,0,0,0,100
298026,3423,504,96,40,9999,0,0,712,0,0,0,4282,3048,0,0,62,2,2,2,1382,456,2000,1,0,4,72,72,36790,15045,443,771,129,67,505,0,0,0,0,4,2,0,10,0,0,0,0,0,1680,1760,1680,1760,4128,2208,3102,2259,0,0,0,0,100,43,54,52,62,42,42,43,0,0,41,0,0,0,0,0,0,12668,686,488,0,408,79,138,138,100,0,0,0,0,0,0,0,0,0,0,0,0,0,0,0,0,0,0,0,0,0,100,0,0,0,0,0,0,0,0,0,0,0,0,0,0,0,0,0,0,0,0,100
299048,3417,504,96,41,9999,0,0,423,0,0,0,4273,1807,0,0,62,2,2,2,1382,456,2000,1,0,4,72,72,36615,15041,322,756,152,67,300,0,0,0,0,4,2,0,10,0,0,0,0,0,1680,1760,1680,1760,4128,2208,3298,2292,0,0,0,0,100,42,53,51,57,42,42,39,0,0,41,0,0,0,0,0,0,12668,686,488,0,408,79,138,138,100,0,0,0,0,0,0,0,0,0,0,0,0,0,0,0,0,0,0,0,0,0,100,0,0,0,0,0,0,0,0,0,0,0,0,0,0,0,0,0,0,0,0,100
300025,3417,504,96,41,9999,0,0,543,0,0,0,4273,2320,0,0,62,2,2,2,1382,456,2000,1,0,4,73,72,36720,15042,480,746,140,67,429,0,0,0,0,4,2,0,10,0,0,0,0,0,1680,1760,1680,1760,4128,2208,3219,2264,0,0,0,0,100,38,55,53,60,38,37,38,0,0,41,0,0,0,0,0,0,12668,686,488,0,408,79,138,138,100,0,0,0,0,0,0,0,0,0,0,0,0,0,0,0,0,0,0,0,0,0,100,0,0,0,0,0,0,0,0,0,0,0,0,0,0,0,0,0,0,0,0,100
301025,3417,504,96,41,9999,0,0,725,0,0,0,4273,3097,0,0,62,2,2,2,1382,456,2000,1,0,4,72,72,36715,14906,300,668,112,67,274,0,0,0,0,4,2,0,10,0,0,0,0,0,1680,1760,1680,1760,4128,2208,3152,2258,0,0,0,0,100,44,57,54,61,43,44,41,0,0,41,0,0,0,0,0,0,12668,686,488,0,408,79,138,138,100,0,0,0,0,0,0,0,0,0,0,0,0,0,0,0,0,0,0,0,0,0,100,0,0,0,0,0,0,0,0,0,0,0,0,0,0,0,0,0,0,0,0,100
302025,3417,504,96,41,9999,0,0,737,0,0,0,4273,3149,0,0,62,2,2,2,1382,456,2000,1,0,4,73,72,36449,14914,319,670,130,67,427,0,0,0,0,4,2,0,10,0,0,0,0,0,1680,1760,1680,1760,4128,2208,3174,2255,0,0,0,0,100,38,55,53,62,38,38,38,0,0,41,0,0,0,0,0,0,12668,686,488,0,408,79,138,138,100,0,0,0,0,0,0,0,0,0,0,0,0,0,0,0,0,0,0,0,0,0,100,0,0,0,0,0,0,0,0,0,0,0,0,0,0,0,0,0,0,0,0,100
303026,3417,504,96,41,9999,0,0,495,0,0,0,4273,2115,0,0,62,2,2,2,1382,456,2000,1,0,4,72,72,36778,14878,296,689,174,66,599,1,0,0,0,4,2,0,10,0,0,0,0,0,1680,1760,1680,1760,4128,2208,3217,2340,0,0,0,0,100,39,53,52,58,39,37,35,0,0,41,0,0,0,0,0,0,12668,686,488,0,408,79,138,138,100,0,0,0,0,0,0,0,0,0,0,0,0,0,0,0,0,0,0,0,0,0,100,0,0,0,0,0,0,0,0,0,0,0,0,0,0,0,0,0,0,0,0,100
304026,3417,504,96,41,9999,0,0,635,0,0,0,4273,2713,0,0,62,2,2,2,1382,456,2000,1,0,4,73,72,36543,14922,331,756,190,67,232,0,0,0,0,4,2,0,10,0,0,0,0,0,1680,1760,1680,1760,4128,2208,3253,2228,0,0,0,0,100,45,56,55,64,44,45,45,0,0,41,0,0,0,0,0,0,12668,686,488,0,408,79,138,138,100,0,0,0,0,0,0,0,0,0,0,0,0,0,0,0,0,0,0,0,0,0,100,0,0,0,0,0,0,0,0,0,0,0,0,0,0,0,0,0,0,0,0,100
305026,3417,504,96,41,9999,0,0,899,0,0,0,4273,3841,0,0,62,2,2,2,1382,456,2000,1,0,4,73,72,36503,14916,329,688,144,67,216,0,0,0,0,4,2,0,10,0,0,0,0,0,1680,1760,1680,1760,4128,2208,3249,2279,0,0,0,0,100,41,51,50,58,39,41,38,0,0,41,0,0,0,0,0,0,12668,686,488,0,408,79,138,138,100,0,0,0,0,0,0,0,0,0,0,0,0,0,0,0,0,0,0,0,0,0,100,0,0,0,0,0,0,0,0,0,0,0,0,0,0,0,0,0,0,0,0,100
306026,3417,504,96,41,9999,0,0,754,0,0,0,4273,3221,0,0,62,2,2,2,1382,456,2000,1,0,4,73,72,36514,14842,325,631,102,68,201,0,0,0,0,4,2,0,10,0,0,0,0,0,1680,1760,1680,1760,4128,2208,3219,2340,0,0,0,0,100,39,53,51,61,38,39,37,0,0,41,0,0,0,0,0,0,12668,686,488,0,408,79,138,138,100,0,0,0,0,0,0,0,0,0,0,0,0,0,0,0,0,0,0,0,0,0,100,0,0,0,0,0,0,0,0,0,0,0,0,0,0,0,0,0,0,0,0,100
307026,3417,504,96,41,9999,0,0,562,0,0,0,4273,2401,0,0,62,2,2,2,1382,456,2000,1,0,4,72,72,36487,14836,339,578,110,67,195,0,0,0,0,4,2,0,10,0,0,0,0,0,1680,1760,1680,1760,4128,2208,3113,2277,0,0,0,0,100,42,52,51,59,39,42,38,0,0,41,0,0,0,0,0,0,12668,686,488,0,408,79,138,138,100,0,0,0,0,0,0,0,0,0,0,0,0,0,0,0,0,0,0,0,0,0,100,0,0,0,0,0,0,0,0,0,0,0,0,0,0,0,0,0,0,0,0,100
308026,3417,504,96,41,9999,0,0,978,0,0,0,4273,4178,0,0,62,2,2,2,1382,456,2000,1,0,4,73,72,36572,14905,344,694,153,68,439,0,0,0,0,4,2,0,10,0,0,0,0,0,1680,1760,1680,1760,4128,2208,3119,2309,0,0,0,0,100,40,53,51,62,40,37,37,0,0,41,0,0,0,0,0,0,12668,686,488,0,408,79,138,138,100,0,0,0,0,0,0,0,0,0,0,0,0,0,0,0,0,0,0,0,0,0,100,0,0,0,0,0,0,0,0,0,0,0,0,0,0,0,0,0,0,0,0,100
309026,3417,504,96,41,9999,0,0,762,0,0,0,4255,3242,0,0,62,2,2,2,1382,456,2000,1,0,4,72,72,36689,15006,325,776,132,67,273,0,0,0,0,4,2,0,10,0,0,0,0,0,1680,1760,1680,1760,4128,2208,3222,2307,0,0,0,0,100,46,51,52,59,43,46,42,0,0,41,0,0,0,0,0,0,12668,686,488,0,408,79,138,138,100,0,0,0,0,0,0,0,0,0,0,0,0,0,0,0,0,0,0,0,0,0,100,0,0,0,0,0,0,0,0,0,0,0,0,0,0,0,0,0,0,0,0,100
310026,3417,504,96,41,9999,0,0,527,0,0,0,4255,2242,0,0,62,2,2,2,1382,456,2000,1,0,4,73,72,36560,14867,331,674,128,66,209,0,0,0,0,4,2,0,10,0,0,0,0,0,1680,1760,1680,1760,4128,2208,3197,2271,0,0,0,0,100,41,50,52,63,41,41,40,0,0,41,0,0,0,0,0,0,12668,686,488,0,408,79,138,138,100,0,0,0,0,0,0,0,0,0,0,0,0,0,0,0,0,0,0,0,0,0,100,0,0,0,0,0,0,0,0,0,0,0,0,0,0,0,0,0,0,0,0,100
311026,3417,504,96,41,9999,0,0,829,0,0,0,4255,3527,0,0,62,2,2,2,1382,456,2000,1,0,4,73,72,36434,14797,342,612,102,67,245,0,0,0,0,4,2,0,10,0,0,0,0,0,1680,1760,1680,1760,4128,2208,3229,2338,0,0,0,0,100,36,53,51,60,36,36,33,0,0,41,0,0,0,0,0,0,12668,686,488,0,408,79,138,138,100,0,0,0,0,0,0,0,0,0,0,0,0,0,0,0,0,0,0,0,0,0,100,0,0,0,0,0,0,0,0,0,0,0,0,0,0,0,0,0,0,0,0,100
312026,3417,504,96,41,9999,0,0,745,0,0,0,4255,3169,0,0,62,2,2,2,1382,456,2000,1,0,4,72,72,36433,14730,343,561,108,67,192,0,0,0,0,4,2,0,10,0,0,0,0,0,1680,1760,1680,1760,4128,2208,3096,2190,0,0,0,0,100,43,52,52,59,43,43,41,0,0,41,0,0,0,0,0,0,12668,686,488,0,408,79,138,138,100,0,0,0,0,0,0,0,0,0,0,0,0,0,0,0,0,0,0,0,0,0,100,0,0,0,0,0,0,0,0,0,0,0,0,0,0,0,0,0,0,0,0,100
313026,3417,504,96,41,9999,0,0,692,0,0,0,4255,2944,0,0,62,2,2,2,1382,456,2000,1,0,4,73,72,36369,14741,331,547,109,67,258,0,0,0,0,4,2,0,10,0,0,0,0,0,1680,1760,1680,1760,4128,2208,3237,2359,0,0,0,0,100,37,55,52,59,37,37,36,0,0,41,0,0,0,0,0,0,12668,686,488,0,408,79,138,138,100,0,0,0,0,0,0,0,0,0,0,0,0,0,0,0,0,0,0,0,0,0,100,0,0,0,0,0,0,0,0,0,0,0,0,0,0,0,0,0,0,0,0,100
314026,3417,504,96,41,9999,0,0,862,0,0,0,4255,3667,0,0,62,2,2,2,1382,456,2000,1,0,4,73,72,36635,15013,312,743,157,67,488,0,0,0,0,4,2,0,10,0,0,0,0,0,1680,1760,1680,1760,4128,2208,3319,2304,0,0,0,0,100,38,58,55,67,37,38,36,0,0,41,0,0,0,0,0,0,12668,686,488,0,408,79,138,138,100,0,0,0,0,0,0,0,0,0,0,0,0,0,0,0,0,0,0,0,0,0,100,0,0,0,0,0,0,0,0,0,0,0,0,0,0,0,0,0,0,0,0,100
315027,3417,504,96,41,9999,0,0,592,0,0,0,4255,2518,0,0,62,2,2,2,1382,456,2000,1,0,4,73,72,36780,15128,327,882,176,67,688,1,0,0,0,4,2,0,10,0,0,0,0,0,1680,1760,1680,1760,4128,2208,3176,2275,0,0,0,0,100,43,55,52,60,42,42,43,0,0,41,0,0,0,0,0,0,12668,686,488,0,408,79,138,138,100,0,0,0,0,0,0,0,0,0,0,0,0,0,0,0,0,0,0,0,0,0,100,0,0,0,0,0,0,0,0,0,0,0,0,0,0,0,0,0,0,0,0,100
316027,3417,504,96,41,9999,0,0,531,0,0,0,4255,2259,0,0,62,2,2,2,1382,456,2000,1,0,4,72,72,36860,15097,321,873,141,67,212,0,0,0,0,4,2,0,10,0,0,0,0,0,1680,1760,1680,1760,4128,2208,3197,2330,0,0,0,0,100,43,56,56,62,39,43,40,0,0,41,0,0,0,0,0,0,12668,686,488,0,408,79,138,138,100,0,0,0,0,0,0,0,0,0,0,0,0,0,0,0,0,0,0,0,0,0,100,0,0,0,0,0,0,0,0,0,0,0,0,0,0,0,0,0,0,0,0,100
317028,3417,504,96,41,9999,0,0,535,0,0,0,4255,2276,0,0,62,2,2,2,1382,456,2000,1,0,4,73,72,36668,15045,352,834,129,66,234,0,0,0,0,4,2,0,10,0,0,0,0,0,1680,1760,1680,1760,4128,2208,3077,2187,0,0,0,0,100,38,56,56,61,36,38,38,0,0,41,0,0,0,0,0,0,12668,686,488,0,408,79,138,138,100,0,0,0,0,0,0,0,0,0,0,0,0,0,0,0,0,0,0,0,0,0,100,0,0,0,0,0,0,0,0,0,0,0,0,0,0,0,0,0,0,0,0,100
318028,3417,504,96,41,9999,0,0,849,0,0,0,4255,3612,0,0,62,2,2,2,1382,456,2000,1,0,4,72,72,36750,15060,447,798,141,67,333,0,0,0,0,4,2,0,10,0,0,0,0,0,1680,1760,1680,1760,4128,2208,3085,2305,0,0,0,0,100,46,53,53,60,45,46,42,0,0,41,0,0,0,0,0,0,12668,686,488,0,408,79,138,138,100,0,0,0,0,0,0,0,0,0,0,0,0,0,0,0,0,0,0,0,0,0,100,0,0,0,0,0,0,0,0,0,0,0,0,0,0,0,0,0,0,0,0,100
319050,3414,504,96,41,9999,0,0,298,0,0,0,4265,1270,0,0,62,2,2,2,1382,456,2000,1,0,4,73,72,36670,15105,312,859,146,67,420,0,0,0,0,4,2,0,10,0,0,0,0,0,1680,1760,1680,1760,4128,2208,3355,2235,0,0,0,0,100,39,56,53,62,39,39,38,0,0,41,0,0,0,0,0,0,12668,685,488,0,408,79,138,138,100,0,0,0,0,0,0,0,0,0,0,0,0,0,0,0,0,0,0,0,0,0,100,0,0,0,0,0,0,0,0,0,0,0,0,0,0,0,0,0,0,0,0,100
320027,3414,504,96,41,9999,0,0,852,0,0,0,4265,3633,0,0,62,2,2,2,1382,456,2000,1,0,4,72,72,36565,15016,325,783,107,68,364,0,0,0,0,4,2,0,10,0,0,0,0,0,1680,1760,1680,1760,4128,2208,3132,2268,0,0,0,0,100,39,54,51,61,37,38,39,0,0,41,0,0,0,0,0,0,12668,685,488,0,408,79,138,138,100,0,0,0,0,0,0,0,0,0,0,0,0,0,0,0,0,0,0,0,0,0,100,0,0,0,0,0,0,0,0,0,0,0,0,0,0,0,0,0,0,0,0,100
321028,3414,504,96,41,9999,0,0,851,0,0,0,4265,3629,0,0,62,2,2,2,1382,456,2000,1,0,4,72,72,36792,14841,334,650,100,67,217,0,0,0,0,4,2,0,10,0,0,0,0,0,1680,1760,1680,1760,4128,2208,3239,2341,0,0,0,0,100,43,53,54,60,42,43,40,0,0,41,0,0,0,0,0,0,12668,685,488,0,408,79,138,138,100,0,0,0,0,0,0,0,0,0,0,0,0,0,0,0,0,0,0,0,0,0,100,0,0,0,0,0,0,0,0,0,0,0,0,0,0,0,0,0,0,0,0,100
322028,3414,504,96,41,9999,0,0,688,0,0,0,4265,2934,0,0,62,2,2,2,1382,456,2000,1,0,4,73,72,36446,14853,347,684,164,67,419,0,0,0,0,4,2,0,10,0,0,0,0,0,1680,1760,1680,1760,4128,2208,3237,2271,0,0,0,0,100,44,58,55,63,43,43,44,0,0,41,0,0,0,0,0,0,12668,685,488,0,408,79,138,138,100,0,0,0,0,0,0,0,0,0,0,0,0,0,0,0,0,0,0,0,0,0,100,0,0,0,0,0,0,0,0,0,0,0,0,0,0,0,0,0,0,0,0,100
323028,3414,504,96,41,9999,0,0,901,0,0,0,4265,3842,0,0,62,2,2,2,1382,456,2000,1,0,4,72,72,36589,14845,335,683,165,67,411,0,0,0,0,4,2,0,10,0,0,0,0,0,1680,1760,1680,1760,4128,2208,3125,2288,0,0,0,0,100,37,54,55,61,36,37,36,0,0,41,0,0,0,0,0,0,12668,685,488,0,408,79,138,138,100,0,0,0,0,0,0,0,0,0,0,0,0,0,0,0,0,0,0,0,0,0,100,0,0,0,0,0,0,0,0,0,0,0,0,0,0,0,0,0,0,0,0,100
324028,3414,504,96,41,9999,0,0,526,0,0,0,4265,2243,0,0,62,2,2,2,1382,456,2000,1,0,4,73,72,36704,15021,329,859,212,67,628,1,0,0,0,4,2,0,10,0,0,0,0,0,1680,1760,1680,1760,4128,2208,3277,2242,0,0,0,0,100,44,57,56,61,44,43,43,0,0,41,0,0,0,0,0,0,12668,685,488,0,408,79,138,138,100,0,0,0,0,0,0,0,0,0,0,0,0,0,0,0,0,0,0,0,0,0,100,0,0,0,0,0,0,0,0,0,0,0,0,0,0,0,0,0,0,0,0,100
325028,3414,504,96,41,9999,0,0,669,0,0,0,4265,2853,0,0,62,2,2,2,1382,456,2000,1,0,4,72,72,36701,14985,315,876,199,67,208,0,0,0,0,4,2,0,10,0,0,0,0,0,1680,1760,1680,1760,4128,2208,3202,2272,0,0,0,0,100,40,56,54,60,38,40,38,0,0,41,0,0,0,0,0,0,12668,685,488,0,408,79,138,138,100,0,0,0,0,0,0,0,0,0,0,0,0,0,0,0,0,0,0,0,0,0,100,0,0,0,0,0,0,0,0,0,0,0,0,0,0,0,0,0,0,0,0,100
326028,3414,504,96,41,9999,0,0,733,0,0,0,4265,3126,0,0,62,2,2,2,1382,456,2000,1,0,4,73,72,36640,14914,277,803,268,67,435,0,0,0,0,4,2,0,10,0,0,0,0,0,1680,1760,1680,1760,4128,2208,3253,2348,0,0,0,0,100,41,55,53,61,40,41,38,0,0,41,0,0,0,0,0,0,12668,685,488,0,408,79,138,138,100,0,0,0,0,0,0,0,0,0,0,0,0,0,0,0,0,0,0,0,0,0,100,0,0,0,0,0,0,0,0,0,0,0,0,0,0,0,0,0,0,0,0,100
327029,3414,504,96,41,9999,0,0,540,0,0,0,4265,2303,0,0,62,2,2,2,1382,456,2000,1,0,4,73,72,36546,14885,323,728,187,67,404,0,0,0,0,4,2,0,10,0,0,0,0,0,1680,1760,1680,1760,4128,2208,3168,2290,0,0,0,0,100,42,53,53,58,41,42,39,0,0,41,0,0,0,0,0,0,12668,685,488,0,408,79,138,138,100,0,0,0,0,0,0,0,0,0,0,0,0,0,0,0,0,0,0,0,0,0,100,0,0,0,0,0,0,0,0,0,0,0,0,0,0,0,0,0,0,0,0,100
328028,3414,504,96,41,9999,0,0,874,0,0,0,4265,3727,0,0,62,2,2,2,1382,456,2000,1,0,4,72,72,36474,14980,317,756,102,67,477,0,0,0,0,4,2,0,10,0,0,0,0,0,1680,1760,1680,1760,4128,2208,3161,2282,0,0,0,0,100,42,55,48,60,41,42,39,0,0,41,0,0,0,0,0,0,12668,685,488,0,408,79,138,138,100,0,0,0,0,0,0,0,0,0,0,0,0,0,0,0,0,0,0,0,0,0,100,0,0,0,0,0,0,0,0,0,0,0,0,0,0,0,0,0,0,0,0,100
329029,3414,504,96,41,9999,0,0,684,0,0,0,4255,2910,0,0,62,2,2,2,1382,456,2000,1,0,4,73,72,36787,14884,344,677,114,67,415,0,0,0,0,4,2,0,10,0,0,0,0,0,1680,1760,1680,1760,4128,2208,3295,2239,0,0,0,0,100,41,51,52,61,41,41,37,0,0,41,0,0,0,0,0,0,12668,685,488,0,408,79,138,138,100,0,0,0,0,0,0,0,0,0,0,0,0,0,0,0,0,0,0,0,0,0,100,0,0,0,0,0,0,0,0,0,0,0,0,0,0,0,0,0,0,0,0,100
330028,3414,504,96,41,9999,0,0,719,0,0,0,4255,3059,0,0,62,2,2,2,1382,456,2000,1,0,4,72,72,36556,14926,343,731,120,67,307,0,0,0,0,4,2,0,10,0,0,0,0,0,1680,1760,1680,1760,4128,2208,3077,2262,0,0,0,0,100,45,58,55,62,45,45,45,0,0,41,0,0,0,0,0,0,12668,685,488,0,408,79,138,138,100,0,0,0,0,0,0,0,0,0,0,0,0,0,0,0,0,0,0,0,0,0,100,0,0,0,0,0,0,0,0,0,0,0,0,0,0,0,0,0,0,0,0,100
331028,3414,504,96,41,9999,0,0,1228,0,0,0,4255,5225,0,0,62,2,2,2,1382,456,2000,1,0,4,72,72,36709,14990,341,762,173,67,671,0,0,0,0,4,2,0,10,0,0,0,0,0,1680,1760,1680,1760,4128,2208,3115,2349,0,0,0,0,100,39,52,52,58,37,39,37,0,0,41,0,0,0,0,0,0,12668,685,488,0,408,79,138,138,100,0,0,0,0,0,0,0,0,0,0,0,0,0,0,0,0,0,0,0,0,0,100,0,0,0,0,0,0,0,0,0,0,0,0,0,0,0,0,0,0,0,0,100
332028,3414,504,96,41,9999,0,0,625,0,0,0,4255,2659,0,0,62,2,2,2,1382,456,2000,1,0,4,72,72,36843,15019,301,746,178,68,332,0,0,0,0,4,2,0,10,0,0,0,0,0,1680,1760,1680,1760,4128,2208,3150,2275,0,0,0,0,100,39,55,51,62,39,38,36,0,0,41,0,0,0,0,0,0,12668,685,488,0,408,79,138,138,100,0,0,0,0,0,0,0,0,0,0,0,0,0,0,0,0,0,0,0,0,0,100,0,0,0,0,0,0,0,0,0,0,0,0,0,0,0,0,0,0,0,0,100
333028,3414,504,96,41,9999,0,0,1161,0,0,0,4255,4940,0,0,62,2,2,2,1382,456,2000,1,0,4,73,72,36656,14970,307,801,204,67,663,1,0,0,0,4,2,0,10,0,0,0,0,0,1680,1760,1680,1760,4128,2208,3377,2343,0,0,0,0,100,41,58,56,63,37,41,39,0,0,41,0,0,0,0,0,0,12668,685,488,0,408,79,138,138,100,0,0,0,0,0,0,0,0,0,0,0,0,0,0,0,0,0,0,0,0,0,100,0,0,0,0,0,0,0,0,0,0,0,0,0,0,0,0,0,0,0,0,100
334029,3414,504,96,41,9999,0,0,817,0,0,0,4255,3476,0,0,62,2,2,2,1382,456,2000,1,0,4,72,72,36463,14922,312,807,160,67,314,0,0,0,0,4,2,0,10,0,0,0,0,0,1680,1760,1680,1760,4128,2208,3279,2315,0,0,0,0,100,41,57,57,62,40,41,38,0,0,41,0,0,0,0,0,0,12668,685,488,0,408,79,138,138,100,0,0,0,0,0,0,0,0,0,0,0,0,0,0,0,0,0,0,0,0,0,100,0,0,0,0,0,0,0,0,0,0,0,0,0,0,0,0,0,0,0,0,100
335029,3414,504,96,41,9999,0,0,744,0,0,0,4255,3165,0,0,62,2,2,2,1382,456,2000,1,0,4,73,72,36671,15079,371,822,212,68,650,0,0,0,0,4,2,0,10,0,0,0,0,0,1680,1760,1680,1760,4128,2208,3258,2278,0,0,0,0,100,45,54,53,62,43,45,44,0,0,41,0,0,0,0,0,0,12668,685,488,0,408,79,138,138,100,0,0,0,0,0,0,0,0,0,0,0,0,0,0,0,0,0,0,0,0,0,100,0,0,0,0,0,0,0,0,0,0,0,0,0,0,0,0,0,0,0,0,100
336029,3414,504,96,41,9999,0,0,864,0,0,0,4255,3676,0,0,62,2,2,2,1382,456,2000,1,0,4,73,72,36819,15174,275,894,209,67,664,0,0,0,0,4,2,0,10,0,0,0,0,0,1680,1760,1680,1760,4128,2208,3296,2331,0,0,0,0,100,40,52,52,58,40,38,40,0,0,41,0,0,0,0,0,0,12668,685,488,0,408,79,138,138,100,0,0,0,0,0,0,0,0,0,0,0,0,0,0,0,0,0,0,0,0,0,100,0,0,0,0,0,0,0,0,0,0,0,0,0,0,0,0,0,0,0,0,100
337029,3414,504,96,41,9999,0,0,718,0,0,0,4255,3055,0,0,62,2,2,2,1382,456,2000,1,0,4,73,72,36931,15195,302,972,152,66,668,0,0,0,0,4,2,0,10,0,0,0,0,0,1680,1760,1680,1760,4128,2208,3135,2268,0,0,0,0,100,37,50,52,59,37,37,34,0,0,41,0,0,0,0,0,0,12668,685,488,0,408,79,138,138,100,0,0,0,0,0,0,0,0,0,0,0,0,0,0,0,0,0,0,0,0,0,100,0,0,0,0,0,0,0,0,0,0,0,0,0,0,0,0,0,0,0,0,100
338029,3414,504,96,41,9999,0,0,548,0,0,0,4255,2331,0,0,62,2,2,2,1382,456,2000,1,0,4,72,72,36942,15230,493,931,146,67,569,0,0,0,0,4,2,0,10,0,0,0,0,0,1680,1760,1680,1760,4128,2208,3120,2269,0,0,0,0,100,44,52,52,56,44,43,44,0,0,41,0,0,0,0,0,0,12668,685,488,0,408,79,138,138,100,0,0,0,0,0,0,0,0,0,0,0,0,0,0,0,0,0,0,0,0,0,100,0,0,0,0,0,0,0,0,0,0,0,0,0,0,0,0,0,0,0,0,100
339052,3413,504,96,41,9999,0,0,665,0,0,0,4278,2844,0,0,62,2,2,2,1382,456,2000,1,0,4,72,72,36783,15006,337,816,127,67,584,0,0,0,0,4,2,0,10,0,0,0,0,0,1680,1760,1680,1760,4128,2208,3270,2242,0,0,0,0,100,39,53,50,60,38,39,37,0,0,41,0,0,0,0,0,0,12668,686,488,0,409,79,138,138,100,0,0,0,0,0,0,0,0,0,0,0,0,0,0,0,0,0,0,0,0,0,100,0,0,0,0,0,0,0,0,0,0,0,0,0,0,0,0,0,0,0,0,100
340029,3413,504,96,41,9999,0,0,919,0,0,0,4278,3931,0,0,62,2,2,2,1382,456,2000,1,0,4,73,72,36805,15112,307,872,141,67,573,0,0,0,0,4,2,0,10,0,0,0,0,0,1680,1760,1680,1760,4128,2208,3319,2272,0,0,0,0,100,39,51,52,60,37,39,38,0,0,41,0,0,0,0,0,0,12668,686,488,0,409,79,138,138,100,0,0,0,0,0,0,0,0,0,0,0,0,0,0,0,0,0,0,0,0,0,100,0,0,0,0,0,0,0,0,0,0,0,0,0,0,0,0,0,0,0,0,100
341029,3413,504,96,41,9999,0,0,771,0,0,0,4266,3289,0,0,62,2,2,2,1382,456,2000,1,0,4,73,72,36813,15048,359,810,114,66,288,0,0,0,0,4,2,0,10,0,0,0,0,0,1680,1760,1680,1760,4128,2208,3175,2347,0,0,0,0,100,45,57,56,60,45,44,41,0,0,41,0,0,0,0,0,0,12668,686,488,0,409,79,138,138,100,0,0,0,0,0,0,0,0,0,0,0,0,0,0,0,0,0,0,0,0,0,100,0,0,0,0,0,0,0,0,0,0,0,0,0,0,0,0,0,0,0,0,100
342029,3413,504,96,41,9999,0,0,519,0,0,0,4266,2214,0,0,62,2,2,2,1382,456,2000,1,0,4,73,72,36634,15042,356,786,192,68,555,0,0,0,0,4,2,0,10,0,0,0,0,0,1680,1760,1680,1760,4128,2208,3202,2272,0,0,0,0,100,39,54,50,58,39,39,37,0,0,41,0,0,0,0,0,0,12668,686,488,0,409,79,138,138,100,0,0,0,0,0,0,0,0,0,0,0,0,0,0,0,0,0,0,0,0,0,100,0,0,0,0,0,0,0,0,0,0,0,0,0,0,0,0,0,0,0,0,100
343029,3413,504,96,41,9999,0,0,754,0,0,0,4264,3215,0,0,62,2,2,2,1382,456,2000,1,0,4,72,72,36810,15110,317,884,130,67,418,0,0,0,0,4,2,0,10,0,0,0,0,0,1680,1760,1680,1760,4128,2208,3094,2285,0,0,0,0,100,37,55,53,61,37,36,36,0,0,41,0,0,0,0,0,0,12668,686,488,0,409,79,138,138,100,0,0,0,0,0,0,0,0,0,0,0,0,0,0,0,0,0,0,0,0,0,100,0,0,0,0,0,0,0,0,0,0,0,0,0,0,0,0,0,0,0,0,100
344029,3413,504,95,41,9999,0,0,396,0,0,0,4264,1688,0,0,62,2,2,2,1382,456,2000,1,0,4,72,72,36541,14954,317,722,112,68,333,0,0,0,0,4,2,0,10,0,0,0,0,0,1680,1760,1680,1760,4128,2208,3159,2229,0,0,0,0,100,44,60,57,64,44,43,44,0,0,41,0,0,0,0,0,0,12668,686,488,0,409,79,138,138,100,0,0,0,0,0,0,0,0,0,0,0,0,0,0,0,0,0,0,0,0,0,100,0,0,0,0,0,0,0,0,0,0,0,0,0,0,0,0,0,0,0,0,100
345029,3413,504,95,41,9999,0,0,403,0,0,0,4264,1718,0,0,62,2,2,2,1382,456,2000,1,0,4,72,72,36485,14993,314,737,125,67,554,0,0,0,0,4,2,0,10,0,0,0,0,0,1680,1760,1680,1760,4128,2208,3084,2256,0,0,0,0,100,39,52,52,58,36,39,35,0,0,41,0,0,0,0,0,0,12668,686,488,0,409,79,138,138,100,0,0,0,0,0,0,0,0,0,0,0,0,0,0,0,0,0,0,0,0,0,100,0,0,0,0,0,0,0,0,0,0,0,0,0,0,0,0,0,0,0,0,100
346029,3413,504,95,41,9999,0,0,570,0,0,0,4264,2430,0,0,62,2,2,2,1382,456,2000,1,0,4,73,72,36635,14985,339,719,144,67,500,0,0,0,0,4,2,0,10,0,0,0,0,0,1680,1760,1680,1760,4128,2208,3174,2337,0,0,0,0,100,38,57,57,63,38,37,37,0,0,41,0,0,0,0,0,0,12668,686,488,0,409,79,138,138,100,0,0,0,0,0,0,0,0,0,0,0,0,0,0,0,0,0,0,0,0,0,100,0,0,0,0,0,0,0,0,0,0,0,0,0,0,0,0,0,0,0,0,100
347029,3413,504,95,41,9999,0,0,554,0,0,0,4264,2362,0,0,62,2,2,2,1382,456,2000,1,0,4,72,72,36615,14933,319,718,125,67,436,0,0,0,0,4,2,0,10,0,0,0,0,0,1680,1760,1680,1760,4128,2208,3090,2257,0,0,0,0,100,45,56,52,61,45,42,42,0,0,41,0,0,0,0,0,0,12668,686,488,0,409,79,138,138,100,0,0,0,0,0,0,0,0,0,0,0,0,0,0,0,0,0,0,0,0,0,100,0,0,0,0,0,0,0,0,0,0,0,0,0,0,0,0,0,0,0,0,100
348030,3413,504,95,41,9999,0,0,722,0,0,0,4264,3078,0,0,62,2,2,2,1382,456,2000,1,0,4,73,72,36684,14884,336,693,123,67,208,0,0,0,0,4,2,0,10,0,0,0,0,0,1680,1760,1680,1760,4128,2208,3130,2291,0,0,0,0,100,41,56,54,62,41,40,39,0,0,41,0,0,0,0,0,0,12668,686,488,0,409,79,138,138,100,0,0,0,0,0,0,0,0,0,0,0,0,0,0,0,0,0,0,0,0,0,100,0,0,0,0,0,0,0,0,0,0,0,0,0,0,0,0,0,0,0,0,100
349029,3413,504,95,41,9999,0,0,792,0,0,0,4255,3369,0,0,62,2,2,2,1382,456,2000,1,0,4,72,72,36654,14826,331,633,125,68,391,0,0,0,0,4,2,0,10,0,0,0,0,0,1680,1760,1680,1760,4128,2208,3276,2239,0,0,0,0,100,41,53,55,62,37,41,36,0,0,41,0,0,0,0,0,0,12668,686,488,0,409,79,138,138,100,0,0,0,0,0,0,0,0,0,0,0,0,0,0,0,0,0,0,0,0,0,100,0,0,0,0,0,0,0,0,0,0,0,0,0,0,0,0,0,0,0,0,100
350029,3413,504,95,41,9999,0,0,807,0,0,0,4263,3440,0,0,62,2,2,2,1382,456,2000,1,0,4,72,72,36612,14953,335,765,128,68,422,0,0,0,0,4,2,0,10,0,0,0,0,0,1680,1760,1680,1760,4128,2208,3169,2255,0,0,0,0,100,53,59,57,66,53,50,48,0,0,41,0,0,0,0,0,0,12668,686,488,0,409,79,138,138,100,0,0,0,0,0,0,0,0,0,0,0,0,0,0,0,0,0,0,0,0,0,100,0,0,0,0,0,0,0,0,0,0,0,0,0,0,0,0,0,0,0,0,100
351029,3413,504,95,41,9999,0,0,500,0,0,0,4263,2131,0,0,62,2,2,2,1382,456,2000,1,0,4,73,72,36678,14938,324,750,115,67,527,0,0,0,0,4,2,0,10,0,0,0,0,0,1680,1760,1680,1760,4128,2208,3147,2322,0,0,0,0,100,50,61,62,67,50,48,49,0,0,41,0,0,0,0,0,0,12668,686,488,0,409,79,138,138,100,0,0,0,0,0,0,0,0,0,0,0,0,0,0,0,0,0,0,0,0,0,100,0,0,0,0,0,0,0,0,0,0,0,0,0,0,0,0,0,0,0,0,100
352030,3413,504,95,41,9999,0,0,731,0,0,0,4263,3116,0,0,62,2,2,2,1382,456,2000,1,0,4,73,72,36565,14938,324,750,115,67,527,0,0,0,0,4,2,0,10,0,0,0,0,0,1680,1760,1680,1760,4128,2208,3077,2187,0,0,0,0,100,41,56,55,59,41,39,39,0,0,41,0,0,0,0,0,0,12668,686,488,0,409,79,138,138,100,0,0,0,0,0,0,0,0,0,0,0,0,0,0,0,0,0,0,0,0,0,100,0,0,0,0,0,0,0,0,0,0,0,0,0,0,0,0,0,0,0,0,100
353030,3413,504,95,41,9999,0,0,686,0,0,0,4263,2924,0,0,62,2,2,2,1382,456,2000,1,0,4,73,72,36763,14930,313,739,135,68,424,0,0,0,0,4,2,0,10,0,0,0,0,0,1680,1760,1680,1760,4128,2208,3164,2257,0,0,0,0,100,42,54,53,61,42,42,40,0,0,41,0,0,0,0,0,0,12668,686,488,0,409,79,138,138,100,0,0,0,0,0,0,0,0,0,0,0,0,0,0,0,0,0,0,0,0,0,100,0,0,0,0,0,0,0,0,0,0,0,0,0,0,0,0,0,0,0,0,100
354030,3413,504,95,41,9999,0,0,828,0,0,0,4263,3529,0,0,62,2,2,2,1382,456,2000,1,0,4,72,72,36416,14986,306,787,209,66,667,1,0,0,0,4,2,0,10,0,0,0,0,0,1680,1760,1680,1760,4128,2208,3177,2285,0,0,0,0,100,40,57,55,59,39,40,38,0,0,41,0,0,0,0,0,0,12668,686,488,0,409,79,138,138,100,0,0,0,0,0,0,0,0,0,0,0,0,0,0,0,0,0,0,0,0,0,100,0,0,0,0,0,0,0,0,0,0,0,0,0,0,0,0,0,0,0,0,100
355030,3413,504,95,41,9999,0,0,803,0,0,0,4263,3423,0,0,62,2,2,2,1382,456,2000,1,0,4,73,72,36581,15011,335,851,167,67,320,0,0,0,0,4,2,0,10,0,0,0,0,0,1680,1760,1680,1760,4128,2208,3311,2281,0,0,0,0,100,38,68,71,75,38,38,37,0,0,41,0,0,0,0,0,0,12668,686,488,0,409,79,138,138,100,0,0,0,0,0,0,0,0,0,0,0,0,0,0,0,0,0,0,0,0,0,100,0,0,0,0,0,0,0,0,0,0,0,0,0,0,0,0,0,0,0,0,100
356030,3413,504,95,41,9999,0,0,1133,0,0,0,4263,4829,0,0,62,2,2,2,1382,456,2000,1,0,4,72,72,36770,15161,507,965,444,68,494,0,0,0,0,5,2,0,10,0,0,0,0,0,1680,1760,1680,1760,4128,2208,3376,2360,0,0,0,0,100,45,71,71,73,42,45,43,0,0,42,0,0,0,0,0,0,12668,686,488,0,409,79,138,138,100,0,0,0,0,0,0,0,0,0,0,0,0,0,0,0,0,0,0,0,0,0,100,0,0,0,0,0,0,0,0,0,0,0,0,0,0,0,0,0,0,0,0,100
357030,3413,504,95,41,9999,0,0,759,0,0,0,4263,3235,0,0,62,2,2,2,1382,456,2000,1,0,4,72,72,36506,15058,452,864,396,67,201,0,0,0,0,4,2,0,10,0,0,0,0,0,1680,1760,1680,1760,4128,2208,3126,2281,0,0,0,0,100,41,68,69,75,41,38,40,0,0,42,0,0,0,0,0,0,12668,686,488,0,409,79,138,138,100,0,0,0,0,0,0,0,0,0,0,0,0,0,0,0,0,0,0,0,0,0,100,0,0,0,0,0,0,0,0,0,0,0,0,0,0,0,0,0,0,0,0,100
358030,3413,504,95,41,9999,0,0,481,0,0,0,4263,2050,0,0,62,2,2,2,1382,456,2000,1,0,4,73,72,36448,14840,325,606,117,68,323,0,0,0,0,4,2,0,10,0,0,0,0,0,1680,1760,1680,1760,4128,2208,3200,2273,0,0,0,0,100,44,70,68,72,44,41,40,0,0,42,0,0,0,0,0,0,12668,686,488,0,409,79,138,138,100,0,0,0,0,0,0,0,0,0,0,0,0,0,0,0,0,0,0,0,0,0,100,0,0,0,0,0,0,0,0,0,0,0,0,0,0,0,0,0,0,0,0,100
359057,3403,505,95,41,9999,0,0,963,0,0,0,4268,4110,0,0,62,2,2,2,1382,456,2000,1,0,4,72,72,36609,14918,496,656,86,67,268,0,0,0,0,4,2,0,10,0,0,0,0,0,1680,1760,1680,1760,4128,2208,3239,2237,0,0,0,0,100,42,68,67,71,41,41,42,0,0,41,0,0,0,0,0,0,12668,686,488,0,409,79,138,138,100,0,0,0,0,0,0,0,0,0,0,0,0,0,0,0,0,0,0,0,0,0,100,0,0,0,0,0,0,0,0,0,0,0,0,0,0,0,0,0,0,0,0,100
360030,3403,505,95,41,9999,0,0,577,0,0,0,4268,2462,0,0,62,2,2,2,1382,456,2000,1,0,4,72,72,36518,14875,398,695,179,67,520,0,0,0,0,4,2,0,10,0,0,0,0,0,1680,1760,1680,1760,4128,2208,3324,2282,0,0,0,0,100,40,69,68,75,40,40,38,0,0,42,0,0,0,0,0,0,12668,686,488,0,409,79,138,138,100,0,0,0,0,0,0,0,0,0,0,0,0,0,0,0,0,0,0,0,0,0,100,0,0,0,0,0,0,0,0,0,0,0,0,0,0,0,0,0,0,0,0,100
361030,3403,505,95,41,9999,0,0,485,0,0,0,4268,2069,0,0,62,2,2,2,1382,456,2000,1,0,4,72,72,36685,14928,333,768,139,66,530,0,0,0,0,4,2,0,10,0,0,0,0,0,1680,1760,1680,1760,4128,2208,3204,2341,0,0,0,0,100,47,66,65,71,47,47,45,0,0,42,0,0,0,0,0,0,12668,686,488,0,409,79,138,138,100,0,0,0,0,0,0,0,0,0,0,0,0,0,0,0,0,0,0,0,0,0,100,0,0,0,0,0,0,0,0,0,0,0,0,0,0,0,0,0,0,0,0,100
362030,3403,505,95,41,9999,0,0,949,0,0,0,4268,4050,0,0,62,2,2,2,1382,456,2000,1,0,4,72,72,36420,14904,312,747,141,67,371,0,0,0,0,4,2,0,10,0,0,0,0,0,1680,1760,1680,1760,4128,2208,3018,2268,0,0,0,0,100,39,53,54,58,39,39,37,0,0,41,0,0,0,0,0,0,12668,686,488,0,409,79,138,138,100,0,0,0,0,0,0,0,0,0,0,0,0,0,0,0,0,0,0,0,0,0,100,0,0,0,0,0,0,0,0,0,0,0,0,0,0,0,0,0,0,0,0,100
363030,3403,505,95,41,9999,0,0,604,0,0,0,4268,2577,0,0,62,2,2,2,1382,456,2000,1,0,4,73,72,36762,14959,324,755,161,67,636,0,0,0,0,4,2,0,10,0,0,0,0,0,1680,1760,1680,1760,4128,2208,3171,2291,0,0,0,0,100,38,52,51,58,38,37,36,0,0,41,0,0,0,0,0,0,12668,686,488,0,409,79,138,138,100,0,0,0,0,0,0,0,0,0,0,0,0,0,0,0,0,0,0,0,0,0,100,0,0,0,0,0,0,0,0,0,0,0,0,0,0,0,0,0,0,0,0,100
364031,3403,505,95,41,9999,0,0,597,0,0,0,4268,2547,0,0,62,2,2,2,1382,456,2000,1,0,4,72,72,36633,15031,285,749,163,67,642,0,0,0,0,4,2,0,10,0,0,0,0,0,1680,1760,1680,1760,4128,2208,3183,2240,0,0,0,0,100,47,62,60,68,47,47,45,0,0,41,0,0,0,0,0,0,12668,686,488,0,409,79,138,138,100,0,0,0,0,0,0,0,0,0,0,0,0,0,0,0,0,0,0,0,0,0,100,0,0,0,0,0,0,0,0,0,0,0,0,0,0,0,0,0,0,0,0,100
365031,3403,505,95,41,9999,0,0,490,0,0,0,4268,2091,0,0,62,2,2,2,1382,456,2000,1,0,4,72,72,36612,14947,309,705,121,66,239,0,0,0,0,4,2,0,10,0,0,0,0,0,1680,1760,1680,1760,4128,2208,3129,2276,0,0,0,0,100,39,54,53,59,38,39,37,0,0,41,0,0,0,0,0,0,12668,686,488,0,409,79,138,138,100,0,0,0,0,0,0,0,0,0,0,0,0,0,0,0,0,0,0,0,0,0,100,0,0,0,0,0,0,0,0,0,0,0,0,0,0,0,0,0,0,0,0,100
366031,3403,505,95,41,9999,0,0,1121,0,0,0,4268,4784,0,0,62,2,2,2,1382,456,2000,1,0,4,72,72,36417,14837,338,644,95,66,191,0,0,0,0,4,2,0,10,0,0,0,0,0,1680,1760,1680,1760,4128,2208,3233,2339,0,0,0,0,100,39,54,52,56,38,38,39,0,0,41,0,0,0,0,0,0,12668,686,488,0,409,79,138,138,100,0,0,0,0,0,0,0,0,0,0,0,0,0,0,0,0,0,0,0,0,0,100,0,0,0,0,0,0,0,0,0,0,0,0,0,0,0,0,0,0,0,0,100
367031,3403,505,95,41,9999,0,0,465,0,0,0,4268,1984,0,0,62,2,2,2,1382,456,2000,1,0,4,73,72,36473,14789,326,642,147,67,341,0,0,0,0,4,2,0,10,0,0,0,0,0,1680,1760,1680,1760,4128,2208,3102,2193,0,0,0,0,100,45,55,53,61,44,45,42,0,0,41,0,0,0,0,0,0,12668,686,488,0,409,79,138,138,100,0,0,0,0,0,0,0,0,0,0,0,0,0,0,0,0,0,0,0,0,0,100,0,0,0,0,0,0,0,0,0,0,0,0,0,0,0,0,0,0,0,0,100
368033,3403,505,95,41,9999,0,0,552,0,0,0,4268,2355,0,0,62,2,2,2,1382,456,2000,1,0,4,73,72,36356,14827,323,685,179,67,475,0,0,0,0,4,2,0,10,0,0,0,0,0,1680,1760,1680,1760,4128,2208,3141,2261,0,0,0,0,100,40,51,51,59,38,40,39,0,0,41,0,0,0,0,0,0,12668,686,488,0,409,79,138,138,100,0,0,0,0,0,0,0,0,0,0,0,0,0,0,0,0,0,0,0,0,0,100,0,0,0,0,0,0,0,0,0,0,0,0,0,0,0,0,0,0,0,0,100
369031,3403,505,95,41,9999,0,0,814,0,0,0,4262,3469,0,0,62,2,2,2,1382,456,2000,1,0,4,73,72,36590,14940,344,733,133,67,286,0,0,0,0,4,2,0,10,0,0,0,0,0,1680,1760,1680,1760,4128,2208,3304,2301,0,0,0,0,100,41,58,58,62,39,41,39,0,0,41,0,0,0,0,0,0,12668,686,488,0,409,79,138,138,100,0,0,0,0,0,0,0,0,0,0,0,0,0,0,0,0,0,0,0,0,0,100,0,0,0,0,0,0,0,0,0,0,0,0,0,0,0,0,0,0,0,0,100
370031,3403,505,95,41,9999,0,0,757,0,0,0,4262,3226,0,0,62,2,2,2,1382,456,2000,1,0,4,73,72,36819,15013,299,874,209,67,620,0,0,0,0,4,2,0,10,0,0,0,0,0,1680,1760,1680,1760,4128,2208,3200,2275,0,0,0,0,100,49,59,56,62,48,49,46,0,0,41,0,0,0,0,0,0,12668,686,488,0,409,79,138,138,100,0,0,0,0,0,0,0,0,0,0,0,0,0,0,0,0,0,0,0,0,0,100,0,0,0,0,0,0,0,0,0,0,0,0,0,0,0,0,0,0,0,0,100
371031,3403,505,95,41,9999,0,0,474,0,0,0,4262,2020,0,0,62,2,2,2,1382,456,2000,1,0,4,73,72,36862,15122,328,867,152,67,645,0,0,0,0,4,2,0,10,0,0,0,0,0,1680,1760,1680,1760,4128,2208,3190,2323,0,0,0,0,100,43,56,55,64,43,38,39,0,0,41,0,0,0,0,0,0,12668,686,488,0,409,79,138,138,100,0,0,0,0,0,0,0,0,0,0,0,0,0,0,0,0,0,0,0,0,0,100,0,0,0,0,0,0,0,0,0,0,0,0,0,0,0,0,0,0,0,0,100
372034,3403,505,95,41,9999,0,0,625,0,0,0,4262,2663,0,0,62,2,2,2,1382,456,2000,1,0,4,72,72,36787,15013,318,808,136,67,640,0,0,0,0,4,2,0,10,0,0,0,0,0,1680,1760,1680,1760,4128,2208,3049,2260,0,0,0,0,100,38,53,52,60,37,38,35,0,0,41,0,0,0,0,0,0,12668,686,488,0,409,79,138,138,100,0,0,0,0,0,0,0,0,0,0,0,0,0,0,0,0,0,0,0,0,0,100,0,0,0,0,0,0,0,0,0,0,0,0,0,0,0,0,0,0,0,0,100
373032,3403,505,95,41,9999,0,0,487,0,0,0,4262,2075,0,0,62,2,2,2,1382,456,2000,1,0,4,72,72,36660,15171,357,987,150,67,317,0,0,0,0,4,2,0,10,0,0,0,0,0,1680,1760,1680,1760,4128,2208,3279,2320,0,0,0,0,100,43,55,55,59,41,43,40,0,0,41,0,0,0,0,0,0,12668,686,488,0,409,79,138,138,100,0,0,0,0,0,0,0,0,0,0,0,0,0,0,0,0,0,0,0,0,0,100,0,0,0,0,0,0,0,0,0,0,0,0,0,0,0,0,0,0,0,0,100
374031,3403,505,95,41,9999,0,0,490,0,0,0,4262,2088,0,0,62,2,2,2,1382,456,2000,1,0,4,72,72,36303,14948,336,776,114,67,231,0,0,0,0,4,2,0,10,0,0,0,0,0,1680,1760,1680,1760,4128,2208,3310,2307,0,0,0,0,100,39,56,60,64,39,39,39,0,0,41,0,0,0,0,0,0,12668,686,488,0,409,79,138,138,100,0,0,0,0,0,0,0,0,0,0,0,0,0,0,0,0,0,0,0,0,0,100,0,0,0,0,0,0,0,0,0,0,0,0,0,0,0,0,0,0,0,0,100
375032,3403,505,95,41,9999,0,0,836,0,0,0,4262,3563,0,0,62,2,2,2,1382,456,2000,1,0,4,73,72,36532,14832,326,692,166,68,401,0,0,0,0,4,2,0,10,0,0,0,0,0,1680,1760,1680,1760,4128,2208,3196,2267,0,0,0,0,100,39,57,55,61,39,39,37,0,0,41,0,0,0,0,0,0,12668,686,488,0,409,79,138,138,100,0,0,0,0,0,0,0,0,0,0,0,0,0,0,0,0,0,0,0,0,0,100,0,0,0,0,0,0,0,0,0,0,0,0,0,0,0,0,0,0,0,0,100
376032,3403,505,95,41,9999,0,0,654,0,0,0,4262,2787,0,0,62,2,2,2,1382,456,2000,1,0,4,73,72,36642,14914,294,792,230,68,583,0,0,0,0,4,2,0,10,0,0,0,0,0,1680,1760,1680,1760,4128,2208,3276,2325,0,0,0,0,100,39,57,55,61,39,39,37,0,0,41,0,0,0,0,0,0,12668,686,488,0,409,79,138,138,100,0,0,0,0,0,0,0,0,0,0,0,0,0,0,0,0,0,0,0,0,0,100,0,0,0,0,0,0,0,0,0,0,0,0,0,0,0,0,0,0,0,0,100
377032,3403,505,95,41,9999,0,0,351,0,0,0,4262,1495,0,0,62,2,2,2,1382,456,2000,1,0,4,73,72,36838,15131,335,875,223,68,697,0,0,0,0,4,2,0,10,0,0,0,0,0,1680,1760,1680,1760,4128,2208,3038,2194,0,0,0,0,100,45,58,55,62,42,45,40,0,0,41,0,0,0,0,0,0,12668,686,488,0,409,79,138,138,100,0,0,0,0,0,0,0,0,0,0,0,0,0,0,0,0,0,0,0,0,0,100,0,0,0,0,0,0,0,0,0,0,0,0,0,0,0,0,0,0,0,0,100
378033,3403,505,95,41,9999,0,0,853,0,0,0,4262,3635,0,0,62,2,2,2,1382,456,2000,1,0,4,72,72,36743,15031,286,797,154,67,330,0,0,0,0,4,2,0,10,0,0,0,0,0,1680,1760,1680,1760,4128,2208,3115,2270,0,0,0,0,100,42,54,54,60,39,42,38,0,0,41,0,0,0,0,0,0,12668,686,488,0,409,79,138,138,100,0,0,0,0,0,0,0,0,0,0,0,0,0,0,0,0,0,0,0,0,0,100,0,0,0,0,0,0,0,0,0,0,0,0,0,0,0,0,0,0,0,0,100
379051,3404,504,95,41,9999,0,0,598,0,0,0,4259,2546,0,0,62,2,2,2,1382,456,2000,1,0,4,73,72,36666,14997,306,759,183,67,223,0,0,0,0,4,2,0,10,0,0,0,0,0,1680,1760,1680,1760,4128,2208,3160,2223,0,0,0,0,100,41,56,60,62,41,38,40,0,0,41,0,0,0,0,0,0,12668,685,487,0,409,78,138,138,100,0,0,0,0,0,0,0,0,0,0,0,0,0,0,0,0,0,0,0,0,0,100,0,0,0,0,0,0,0,0,0,0,0,0,0,0,0,0,0,0,0,0,100
380033,3404,504,95,41,9999,0,0,486,0,0,0,4259,2069,0,0,62,2,2,2,1382,456,2000,1,0,4,72,72,36570,14998,317,757,163,67,520,0,0,0,0,4,2,0,10,0,0,0,0,0,1680,1760,1680,1760,4128,2208,3164,2255,0,0,0,0,100,45,56,54,62,43,45,44,0,0,41,0,0,0,0,0,0,12668,685,487,0,409,78,138,138,100,0,0,0,0,0,0,0,0,0,0,0,0,0,0,0,0,0,0,0,0,0,100,0,0,0,0,0,0,0,0,0,0,0,0,0,0,0,0,0,0,0,0,100
381032,3404,504,95,41,9999,0,0,628,0,0,0,4259,2674,0,0,62,2,2,2,1382,456,2000,1,0,4,73,72,36595,14969,357,735,126,67,214,0,0,0,0,4,2,0,10,0,0,0,0,0,1680,1760,1680,1760,4128,2208,3089,2323,0,0,0,0,100,38,55,53,59,36,38,38,0,0,41,0,0,0,0,0,0,12668,685,487,0,409,78,138,138,100,0,0,0,0,0,0,0,0,0,0,0,0,0,0,0,0,0,0,0,0,0,100,0,0,0,0,0,0,0,0,0,0,0,0,0,0,0,0,0,0,0,0,100
382032,3404,504,95,41,9999,0,0,505,0,0,0,4280,2161,0,0,62,2,2,2,1382,456,2000,1,0,4,73,72,36603,14913,323,720,136,67,446,0,0,0,0,4,2,0,10,0,0,0,0,0,1680,1760,1680,1760,4128,2208,3050,2252,0,0,0,0,100,38,53,53,62,38,38,37,0,0,41,0,0,0,0,0,0,12668,685,487,0,409,78,138,138,100,0,0,0,0,0,0,0,0,0,0,0,0,0,0,0,0,0,0,0,0,0,100,0,0,0,0,0,0,0,0,0,0,0,0,0,0,0,0,0,0,0,0,100
383032,3404,504,95,41,9999,0,0,669,0,0,0,4280,2863,0,0,62,2,2,2,1382,456,2000,1,0,4,72,72,36618,15031,329,860,145,67,603,0,0,0,0,4,2,0,10,0,0,0,0,0,1680,1760,1680,1760,4128,2208,3189,2323,0,0,0,0,100,43,51,52,57,42,43,42,0,0,41,0,0,0,0,0,0,12668,685,487,0,409,78,138,138,100,0,0,0,0,0,0,0,0,0,0,0,0,0,0,0,0,0,0,0,0,0,100,0,0,0,0,0,0,0,0,0,0,0,0,0,0,0,0,0,0,0,0,100
384033,3404,504,95,41,9999,0,0,469,0,0,0,4280,2007,0,0,62,2,2,2,1382,456,2000,1,0,4,72,72,36594,14880,312,803,163,67,202,0,0,0,0,4,2,0,10,0,0,0,0,0,1680,1760,1680,1760,4128,2208,3281,2286,0,0,0,0,100,37,52,50,59,37,35,37,0,0,41,0,0,0,0,0,0,12668,685,487,0,409,78,138,138,100,0,0,0,0,0,0,0,0,0,0,0,0,0,0,0,0,0,0,0,0,0,100,0,0,0,0,0,0,0,0,0,0,0,0,0,0,0,0,0,0,0,0,100
385032,3404,504,95,41,9999,0,0,776,0,0,0,4280,3321,0,0,62,2,2,2,1382,456,2000,1,0,4,73,72,36522,14892,324,718,115,67,503,0,0,0,0,4,2,0,10,0,0,0,0,0,1680,1760,1680,1760,4128,2208,3152,2258,0,0,0,0,100,44,52,53,58,40,43,44,0,0,41,0,0,0,0,0,0,12668,685,487,0,409,78,138,138,100,0,0,0,0,0,0,0,0,0,0,0,0,0,0,0,0,0,0,0,0,0,100,0,0,0,0,0,0,0,0,0,0,0,0,0,0,0,0,0,0,0,0,100
386033,3404,504,95,41,9999,0,0,550,0,0,0,4280,2354,0,0,62,2,2,2,1382,456,2000,1,0,4,73,72,36666,14827,335,645,115,67,542,0,0,0,0,4,2,0,10,0,0,0,0,0,1680,1760,1680,1760,4128,2208,3214,2392,0,0,0,0,100,39,53,50,60,39,39,37,0,0,41,0,0,0,0,0,0,12668,685,487,0,409,78,138,138,100,0,0,0,0,0,0,0,0,0,0,0,0,0,0,0,0,0,0,0,0,0,100,0,0,0,0,0,0,0,0,0,0,0,0,0,0,0,0,0,0,0,0,100
387033,3404,504,95,41,9999,0,0,616,0,0,0,4280,2636,0,0,62,2,2,2,1382,456,2000,1,0,4,72,72,36693,14985,304,729,133,68,276,0,0,0,0,4,2,0,10,0,0,0,0,0,1680,1760,1680,1760,4128,2208,3018,2203,0,0,0,0,100,39,52,49,61,37,39,36,0,0,41,0,0,0,0,0,0,12668,685,487,0,409,78,138,138,100,0,0,0,0,0,0,0,0,0,0,0,0,0,0,0,0,0,0,0,0,0,100,0,0,0,0,0,0,0,0,0,0,0,0,0,0,0,0,0,0,0,0,100
388033,3404,504,95,41,9999,0,0,938,0,0,0,4280,4014,0,0,62,2,2,2,1382,456,2000,1,0,4,73,72,36630,14906,304,700,118,67,477,0,0,0,0,4,2,0,10,0,0,0,0,0,1680,1760,1680,1760,4128,2208,3145,2334,0,0,0,0,100,48,56,54,61,44,48,46,0,0,41,0,0,0,0,0,0,12668,685,487,0,409,78,138,138,100,0,0,0,0,0,0,0,0,0,0,0,0,0,0,0,0,0,0,0,0,0,100,0,0,0,0,0,0,0,0,0,0,0,0,0,0,0,0,0,0,0,0,100
389033,3404,504,95,41,9999,0,0,592,0,0,0,4251,2516,0,0,62,2,2,2,1382,456,2000,1,0,4,72,72,36660,14815,331,657,130,67,471,0,0,0,0,4,2,0,10,0,0,0,0,0,1680,1760,1680,1760,4128,2208,3362,2301,0,0,0,0,100,42,57,55,63,42,41,39,0,0,41,0,0,0,0,0,0,12668,685,487,0,409,78,138,138,100,0,0,0,0,0,0,0,0,0,0,0,0,0,0,0,0,0,0,0,0,0,100,0,0,0,0,0,0,0,0,0,0,0,0,0,0,0,0,0,0,0,0,100
390033,3404,504,95,41,9999,0,0,451,0,0,0,4251,1917,0,0,62,2,2,2,1382,456,2000,1,0,4,73,72,36607,15022,339,802,129,67,505,0,0,0,0,4,2,0,10,0,0,0,0,0,1680,1760,1680,1760,4128,2208,3170,2271,0,0,0,0,100,43,55,53,60,40,43,38,0,0,41,0,0,0,0,0,0,12668,685,487,0,409,78,138,138,100,0,0,0,0,0,0,0,0,0,0,0,0,0,0,0,0,0,0,0,0,0,100,0,0,0,0,0,0,0,0,0,0,0,0,0,0,0,0,0,0,0,0,100
391034,3404,504,95,41,9999,0,0,679,0,0,0,4251,2886,0,0,62,2,2,2,1382,456,2000,1,0,4,72,72,36680,15007,308,814,117,67,371,0,0,0,0,4,2,0,10,0,0,0,0,0,1680,1760,1680,1760,4128,2208,3136,2321,0,0,0,0,100,48,55,57,60,47,48,44,0,0,41,0,0,0,0,0,0,12668,685,487,0,409,78,138,138,100,0,0,0,0,0,0,0,0,0,0,0,0,0,0,0,0,0,0,0,0,0,100,0,0,0,0,0,0,0,0,0,0,0,0,0,0,0,0,0,0,0,0,100
392035,3404,504,95,41,9999,0,0,743,0,0,0,4251,3158,0,0,62,2,2,2,1382,456,2000,1,0,4,73,72,36557,14903,332,781,143,67,235,0,0,0,0,4,2,0,10,0,0,0,0,0,1680,1760,1680,1760,4128,2208,3077,2227,0,0,0,0,100,42,60,59,63,42,41,39,0,0,41,0,0,0,0,0,0,12668,685,487,0,409,78,138,138,100,0,0,0,0,0,0,0,0,0,0,0,0,0,0,0,0,0,0,0,0,0,100,0,0,0,0,0,0,0,0,0,0,0,0,0,0,0,0,0,0,0,0,100
393034,3404,504,95,41,9999,0,0,525,0,0,0,4251,2231,0,0,62,2,2,2,1382,456,2000,1,0,4,73,72,36496,14840,346,704,112,67,364,0,0,0,0,4,2,0,10,0,0,0,0,0,1680,1760,1680,1760,4128,2208,3088,2269,0,0,0,0,100,39,56,56,60,39,38,39,0,0,41,0,0,0,0,0,0,12668,685,487,0,409,78,138,138,100,0,0,0,0,0,0,0,0,0,0,0,0,0,0,0,0,0,0,0,0,0,100,0,0,0,0,0,0,0,0,0,0,0,0,0,0,0,0,0,0,0,0,100
394033,3404,504,95,41,9999,0,0,689,0,0,0,4251,2928,0,0,62,2,2,2,1382,456,2000,1,0,4,73,72,36400,14771,319,678,135,68,190,0,0,0,0,4,2,0,10,0,0,0,0,0,1680,1760,1680,1760,4128,2208,3282,2287,0,0,0,0,100,45,56,57,63,43,45,43,0,0,41,0,0,0,0,0,0,12668,685,487,0,409,78,138,138,100,0,0,0,0,0,0,0,0,0,0,0,0,0,0,0,0,0,0,0,0,0,100,0,0,0,0,0,0,0,0,0,0,0,0,0,0,0,0,0,0,0,0,100
395033,3404,504,95,41,9999,0,0,754,0,0,0,4251,3205,0,0,62,2,2,2,1382,456,2000,1,0,4,73,72,39722,14836,319,645,116,67,346,0,0,0,0,4,2,0,10,0,0,0,0,0,1680,1760,1680,1760,4128,2208,8143,2285,0,0,0,0,100,45,55,53,60,43,45,43,0,0,51,0,0,0,0,0,0,12668,685,487,0,409,78,138,138,100,0,0,0,0,0,0,0,0,0,0,0,0,0,0,0,0,0,0,0,0,0,100,0,0,0,0,0,0,0,0,0,0,0,0,0,0,0,0,0,0,0,0,100
396033,3404,504,95,41,9999,0,0,869,0,0,0,4251,3694,0,0,62,2,2,2,1382,456,2000,1,0,4,72,72,40901,15447,461,760,265,67,1087,1,0,4,0,4,2,0,10,0,0,0,0,0,1680,1760,1680,1760,4128,2208,4756,2387,0,0,0,0,100,40,53,52,58,37,40,40,0,0,57,0,0,0,0,0,0,12668,685,487,0,409,78,138,138,100,4,1,0,0,0,0,0,0,0,0,0,0,0,0,0,0,0,0,0,0,0,100,0,0,0,0,0,0,0,0,0,0,0,0,0,0,0,0,0,0,0,0,100
397033,3404,504,95,41,9999,0,0,1110,0,0,0,4251,4718,0,0,62,2,2,2,1382,456,2000,1,0,4,72,72,37447,15512,336,1338,187,67,196,0,0,0,0,4,2,0,10,0,0,0,0,0,1680,1760,1680,1760,4128,2208,3626,2288,0,0,0,0,100,46,54,51,59,46,44,44,0,0,50,0,0,0,0,0,0,12668,685,487,0,409,78,138,138,100,0,0,0,0,0,0,0,0,0,0,0,0,0,0,0,0,0,0,0,0,0,100,0,0,0,0,0,0,0,0,0,0,0,0,0,0,0,0,0,0,0,0,100
398033,3404,504,95,41,9999,0,0,858,0,0,0,4251,3647,0,0,62,2,2,2,1382,456,2000,1,0,4,72,72,37165,15065,337,937,158,66,227,0,0,0,0,4,2,0,10,0,0,0,0,0,1680,1760,1680,1760,4128,2208,3539,2346,0,0,0,0,100,41,54,50,60,39,41,41,0,0,47,0,0,0,0,0,0,12668,685,487,0,409,78,138,138,100,0,0,0,0,0,0,0,0,0,0,0,0,0,0,0,0,0,0,0,0,0,100,0,0,0,0,0,0,0,0,0,0,0,0,0,0,0,0,0,0,0,0,100
399053,3424,504,95,41,9999,0,0,526,0,0,0,4270,2246,0,0,62,2,2,2,1382,456,2000,1,0,4,72,72,37165,15011,340,820,132,67,555,0,0,0,0,4,2,0,10,0,0,0,0,0,1680,1760,1680,1760,4128,2208,4658,2241,0,0,0,0,100,37,54,48,58,35,35,37,0,0,50,0,0,0,0,0,0,12668,685,487,0,409,78,138,138,100,0,0,0,0,0,0,0,0,0,0,0,0,0,0,0,0,0,0,0,0,0,100,0,0,0,0,0,0,0,0,0,0,0,0,0,0,0,0,0,0,0,0,100
400033,3424,504,95,41,9999,0,0,1069,0,0,0,4270,4564,0,0,62,2,2,2,1382,456,2000,1,0,4,73,72,37735,14907,350,722,105,68,200,0,0,0,0,4,2,0,10,0,0,0,0,0,1680,1760,1680,1760,4128,2208,7948,2282,0,0,0,0,100,42,51,51,59,42,42,42,0,0,61,0,0,0,0,0,0,12668,685,487,0,409,78,138,138,100,0,0,0,0,0,0,0,0,0,0,0,0,0,0,0,0,0,0,0,0,0,100,0,0,0,0,0,0,0,0,0,0,0,0,0,0,0,0,0,0,0,0,100
401034,3424,504,95,41,9999,0,0,891,0,0,0,4270,3804,0,0,62,2,2,2,1382,456,2000,1,0,4,73,72,41022,15341,405,705,266,72,1002,1,0,2,0,4,2,0,10,0,0,0,0,0,1680,1760,1680,1760,4128,2208,8079,2350,0,0,0,0,100,46,54,50,56,46,42,41,0,0,72,0,0,0,0,0,0,12668,685,487,0,409,78,138,138,100,1,1,0,0,0,0,0,0,0,0,0,0,0,0,0,0,0,0,0,0,0,100,0,0,0,0,0,0,0,0,0,0,0,0,0,0,0,0,0,0,0,0,100
402034,3424,504,95,41,9999,0,0,1034,0,0,0,4270,4415,0,0,62,2,2,2,1382,456,2000,1,0,4,73,72,44326,15633,358,808,249,66,1001,0,0,0,0,4,2,0,10,0,0,0,0,0,1680,1760,1680,1760,4128,2208,8056,2280,0,0,0,0,100,41,52,50,58,38,38,41,0,0,75,0,0,0,0,0,0,12668,685,487,0,409,78,138,138,100,0,0,0,0,0,0,0,0,0,0,0,0,0,0,0,0,0,0,0,0,0,100,0,0,0,0,0,0,0,0,0,0,0,0,0,0,0,0,0,0,0,0,100
403033,3424,504,95,41,9999,0,0,984,0,0,0,4270,4201,0,0,62,2,2,2,1382,456,2000,1,0,4,73,72,44350,15646,351,802,295,179,1043,0,0,0,0,4,2,0,10,0,0,0,0,0,1680,1760,1680,1760,4128,2208,8012,2284,0,0,0,0,100,47,55,52,58,46,47,44,0,0,76,0,0,0,0,0,0,12668,685,487,0,409,78,138,138,100,0,0,0,0,0,0,0,0,0,0,0,0,0,0,0,0,0,0,0,0,0,100,0,0,0,0,0,0,0,0,0,0,0,0,0,0,0,0,0,0,0,0,100
404034,3424,504,95,41,9999,0,0,1129,0,0,0,4270,4820,0,0,62,2,2,2,1382,456,2000,1,0,4,73,72,44406,15702,328,810,238,176,1035,0,0,0,0,4,2,0,10,0,0,0,0,0,1680,1760,1680,1760,4128,2208,8050,2313,0,0,0,0,100,43,58,56,63,41,43,39,0,0,77,0,0,0,0,0,0,12668,685,487,0,409,78,138,138,100,0,0,0,0,0,0,0,0,0,0,0,0,0,0,0,0,0,0,0,0,0,100,0,0,0,0,0,0,0,0,0,0,0,0,0,0,0,0,0,0,0,0,100
405034,3424,504,95,41,9999,0,0,1258,0,0,0,4270,5371,0,0,62,2,2,2,1382,456,2000,1,0,4,73,72,44481,15729,309,818,296,177,1038,0,0,0,0,4,2,0,10,0,0,0,0,0,1680,1760,1680,1760,4128,2208,8009,2283,0,0,0,0,100,40,52,50,57,38,38,40,0,0,77,0,0,0,0,0,0,12668,685,487,0,409,78,138,138,100,0,0,0,0,0,0,0,0,0,0,0,0,0,0,0,0,0,0,0,0,0,100,0,0,0,0,0,0,0,0,0,0,0,0,0,0,0,0,0,0,0,0,100
406034,3424,504,95,41,9999,0,0,1136,0,0,0,4270,4850,0,0,62,2,2,2,1382,456,2000,1,0,4,72,72,44359,15554,314,795,265,177,1052,0,0,0,0,4,2,0,10,0,0,0,0,0,1680,1760,1680,1760,4128,2208,7995,2284,0,0,0,0,100,45,54,51,59,45,45,41,0,0,77,0,0,0,0,0,0,12668,685,487,0,409,78,138,138,100,0,0,0,0,0,0,0,0,0,0,0,0,0,0,0,0,0,0,0,0,0,100,0,0,0,0,0,0,0,0,0,0,0,0,0,0,0,0,0,0,0,0,100
407034,3424,504,95,41,9999,0,0,1271,0,0,0,4270,5427,0,0,62,2,2,2,1382,456,2000,1,0,4,72,72,44265,15575,318,781,243,179,1002,0,0,0,0,4,2,0,10,0,0,0,0,0,1680,1760,1680,1760,4128,2208,7947,2291,0,0,0,0,100,43,52,53,57,43,40,41,0,0,77,0,0,0,0,0,0,12668,685,487,0,409,78,138,138,100,0,0,0,0,0,0,0,0,0,0,0,0,0,0,0,0,0,0,0,0,0,100,0,0,0,0,0,0,0,0,0,0,0,0,0,0,0,0,0,0,0,0,100
408034,3424,504,95,41,9999,0,0,1163,0,0,0,4270,4966,0,0,62,2,2,2,1382,456,2000,1,0,4,73,72,44260,15588,331,797,255,176,1003,0,0,0,0,4,2,0,10,0,0,0,0,0,1680,1760,1680,1760,4128,2208,7997,2283,0,0,0,0,100,43,51,52,59,43,37,38,0,0,77,0,0,0,0,0,0,12668,685,487,0,409,78,138,138,100,0,0,0,0,0,0,0,0,0,0,0,0,0,0,0,0,0,0,0,0,0,100,0,0,0,0,0,0,0,0,0,0,0,0,0,0,0,0,0,0,0,0,100
409036,3424,504,95,41,9999,0,0,1168,0,0,0,4222,4931,0,0,62,2,2,2,1382,456,2000,1,0,4,73,72,44250,15572,336,776,273,178,1033,0,0,0,0,4,2,0,10,0,0,0,0,0,1680,1760,1680,1760,4128,2208,8017,2324,0,0,0,0,100,43,55,54,58,39,43,40,0,0,77,0,0,0,0,0,0,12668,685,487,0,409,78,138,138,100,0,0,0,0,0,0,0,0,0,0,0,0,0,0,0,0,0,0,0,0,0,100,0,0,0,0,0,0,0,0,0,0,0,0,0,0,0,0,0,0,0,0,100
410034,3424,504,95,41,9999,0,0,991,0,0,0,4222,4184,0,0,62,2,2,2,1382,456,2000,1,0,4,72,72,44186,15540,325,762,238,115,1014,0,0,0,0,4,2,0,10,0,0,0,0,0,1680,1760,1680,1760,4128,2208,8019,2292,0,0,0,0,100,39,57,59,62,39,38,38,0,0,77,0,0,0,0,0,0,12668,685,487,0,409,78,138,138,100,0,0,0,0,0,0,0,0,0,0,0,0,0,0,0,0,0,0,0,0,0,100,0,0,0,0,0,0,0,0,0,0,0,0,0,0,0,0,0,0,0,0,100
411034,3424,504,95,41,9999,0,0,1398,0,0,0,4222,5902,0,0,62,2,2,2,1382,456,2000,1,0,4,73,72,44343,15526,312,740,283,61,1035,0,0,0,0,4,2,0,10,0,0,0,0,0,1680,1760,1680,1760,4128,2208,8004,2353,0,0,0,0,100,68,69,67,74,68,64,64,0,0,77,0,0,0,0,0,0,12668,685,487,0,409,78,138,138,100,0,0,0,0,0,0,0,0,0,0,0,0,0,0,0,0,0,0,0,0,0,100,0,0,0,0,0,0,0,0,0,0,0,0,0,0,0,0,0,0,0,0,100
412036,3424,504,95,41,9999,0,0,839,0,0,0,4222,3542,0,0,62,2,2,2,1382,456,2000,1,0,4,72,72,44284,15532,320,800,264,55,1040,0,0,0,0,4,2,0,10,0,0,0,0,0,1680,1760,1680,1760,4128,2208,7983,2285,0,0,0,0,100,42,57,53,60,39,42,38,0,0,77,0,0,0,0,0,0,12668,685,487,0,409,78,138,138,100,0,0,0,0,0,0,0,0,0,0,0,0,0,0,0,0,0,0,0,0,0,100,0,0,0,0,0,0,0,0,0,0,0,0,0,0,0,0,0,0,0,0,100
413035,3424,504,95,41,9999,0,0,1193,0,0,0,4222,5036,0,0,62,2,2,2,1382,456,2000,1,0,4,73,72,44302,15576,319,798,259,179,1035,0,0,0,0,4,2,0,10,0,0,0,0,0,1680,1760,1680,1760,4128,2208,8096,2286,0,0,0,0,100,41,56,55,61,41,39,37,0,0,77,0,0,0,0,0,0,12668,685,487,0,409,78,138,138,100,0,0,0,0,0,0,0,0,0,0,0,0,0,0,0,0,0,0,0,0,0,100,0,0,0,0,0,0,0,0,0,0,0,0,0,0,0,0,0,0,0,0,100
414035,3424,504,95,41,9999,0,0,1117,0,0,0,4222,4715,0,0,62,2,2,2,1382,456,2000,1,0,4,73,72,44273,15559,313,765,257,179,1035,0,0,0,0,4,2,0,10,0,0,0,0,0,1680,1760,1680,1760,4128,2208,8078,2279,0,0,0,0,100,46,54,55,60,45,46,43,0,0,77,0,0,0,0,0,0,12668,685,487,0,409,78,138,138,100,0,0,0,0,0,0,0,0,0,0,0,0,0,0,0,0,0,0,0,0,0,100,0,0,0,0,0,0,0,0,0,0,0,0,0,0,0,0,0,0,0,0,100
415035,3424,504,95,41,9999,0,0,949,0,0,0,4222,4006,0,0,62,2,2,2,1382,456,2000,1,0,4,72,72,43959,15488,332,748,266,173,988,0,0,0,0,4,2,0,10,0,0,0,0,0,1680,1760,1680,1760,4128,2208,8025,2312,0,0,0,0,100,40,54,53,58,40,39,38,0,0,77,0,0,0,0,0,0,12668,685,487,0,409,78,138,138,100,0,0,0,0,0,0,0,0,0,0,0,0,0,0,0,0,0,0,0,0,0,100,0,0,0,0,0,0,0,0,0,0,0,0,0,0,0,0,0,0,0,0,100
416035,3424,504,95,41,9999,0,0,848,0,0,0,4222,3580,0,0,62,2,2,2,1382,456,2000,1,0,4,72,72,44194,15574,301,839,243,55,1012,0,0,0,0,4,2,0,10,0,0,0,0,0,1680,1760,1680,1760,4128,2208,8163,2280,0,0,0,0,100,39,51,50,55,39,39,38,0,0,77,0,0,0,0,0,0,12668,685,487,0,409,78,138,138,100,0,0,0,0,0,0,0,0,0,0,0,0,0,0,0,0,0,0,0,0,0,100,0,0,0,0,0,0,0,0,0,0,0,0,0,0,0,0,0,0,0,0,100
417035,3424,504,95,41,9999,0,0,1014,0,0,0,4222,4281,0,0,62,2,2,2,1382,456,2000,1,0,4,73,72,44286,15532,274,867,265,97,1009,0,0,0,0,4,2,0,10,0,0,0,0,0,1680,1760,1680,1760,4128,2208,8095,2287,0,0,0,0,100,47,53,54,58,47,45,44,0,0,77,0,0,0,0,0,0,12668,685,487,0,409,78,138,138,100,0,0,0,0,0,0,0,0,0,0,0,0,0,0,0,0,0,0,0,0,0,100,0,0,0,0,0,0,0,0,0,0,0,0,0,0,0,0,0,0,0,0,100
418035,3424,504,95,41,9999,0,0,987,0,0,0,4222,4167,0,0,62,2,2,2,1382,456,2000,1,0,4,72,72,44226,15619,312,831,249,175,1046,0,0,0,0,4,2,0,10,0,0,0,0,0,1680,1760,1680,1760,4128,2208,8032,2277,0,0,0,0,100,42,53,53,55,42,38,41,0,0,77,0,0,0,0,0,0,12668,685,487,0,409,78,138,138,100,0,0,0,0,0,0,0,0,0,0,0,0,0,0,0,0,0,0,0,0,0,100,0,0,0,0,0,0,0,0,0,0,0,0,0,0,0,0,0,0,0,0,100
419058,3415,504,95,41,9999,0,0,1322,0,0,0,4239,5603,0,0,62,2,2,2,1382,456,2000,1,0,4,73,72,44212,15665,575,802,252,177,998,0,0,0,0,4,2,0,10,0,0,0,0,0,1680,1760,1680,1760,4128,2208,8040,2284,0,0,0,0,100,43,58,57,63,43,42,37,0,0,77,0,0,0,0,0,0,12668,685,488,0,409,78,138,138,100,0,0,0,0,0,0,0,0,0,0,0,0,0,0,0,0,0,0,0,0,0,100,0,0,0,0,0,0,0,0,0,0,0,0,0,0,0,0,0,0,0,0,100
420036,3415,504,95,41,9999,0,0,1371,0,0,0,4239,5811,0,0,62,2,2,2,1382,456,2000,1,0,4,72,72,44379,15654,302,790,247,183,1021,0,0,0,0,4,2,0,10,0,0,0,0,0,1680,1760,1680,1760,4128,2208,8004,2321,0,0,0,0,100,47,55,52,59,47,44,42,0,0,77,0,0,0,0,0,0,12668,685,488,0,409,78,138,138,100,0,0,0,0,0,0,0,0,0,0,0,0,0,0,0,0,0,0,0,0,0,100,0,0,0,0,0,0,0,0,0,0,0,0,0,0,0,0,0,0,0,0,100
421035,3415,504,95,41,9999,0,0,1022,0,0,0,4239,4332,0,0,62,2,2,2,1382,456,2000,1,0,4,72,72,44403,15580,298,816,256,180,1061,0,0,0,0,4,2,0,10,0,0,0,0,0,1680,1760,1680,1760,4128,2208,8009,2290,0,0,0,0,100,43,57,52,59,43,40,38,0,0,77,0,0,0,0,0,0,12668,685,488,0,409,78,138,138,100,0,0,0,0,0,0,0,0,0,0,0,0,0,0,0,0,0,0,0,0,0,100,0,0,0,0,0,0,0,0,0,0,0,0,0,0,0,0,0,0,0,0,100
422036,3415,504,95,41,9999,0,0,1067,0,0,0,4239,4523,0,0,62,2,2,2,1382,456,2000,1,0,4,73,72,44067,15589,312,802,227,182,995,0,0,0,0,4,2,0,10,0,0,0,0,0,1680,1760,1680,1760,4128,2208,8023,2285,0,0,0,0,100,40,60,57,61,37,40,36,0,0,77,0,0,0,0,0,0,12668,685,488,0,409,78,138,138,100,0,0,0,0,0,0,0,0,0,0,0,0,0,0,0,0,0,0,0,0,0,100,0,0,0,0,0,0,0,0,0,0,0,0,0,0,0,0,0,0,0,0,100
423035,3415,504,95,41,9999,0,0,1305,0,0,0,4239,5531,0,0,62,2,2,2,1382,456,2000,1,0,4,72,72,44193,15536,315,799,257,177,1048,0,0,0,0,4,2,0,10,0,0,0,0,0,1680,1760,1680,1760,4128,2208,7980,2281,0,0,0,0,100,45,55,53,58,45,42,44,0,0,77,0,0,0,0,0,0,12668,685,488,0,409,78,138,138,100,0,0,0,0,0,0,0,0,0,0,0,0,0,0,0,0,0,0,0,0,0,100,0,0,0,0,0,0,0,0,0,0,0,0,0,0,0,0,0,0,0,0,100
424035,3415,504,95,41,9999,0,0,992,0,0,0,4239,4205,0,0,62,2,2,2,1382,456,2000,1,0,4,72,72,44272,15530,325,770,247,177,1010,0,0,0,0,4,2,0,10,0,0,0,0,0,1680,1760,1680,1760,4128,2208,7972,2284,0,0,0,0,100,43,58,56,60,43,41,38,0,0,77,0,0,0,0,0,0,12668,685,488,0,409,78,138,138,100,0,0,0,0,0,0,0,0,0,0,0,0,0,0,0,0,0,0,0,0,0,100,0,0,0,0,0,0,0,0,0,0,0,0,0,0,0,0,0,0,0,0,100
425036,3415,504,95,41,9999,0,0,1127,0,0,0,4239,4777,0,0,62,2,2,2,1382,456,2000,1,0,4,73,72,44254,15487,333,751,231,176,1012,0,0,0,0,4,2,0,10,0,0,0,0,0,1680,1760,1680,1760,4128,2208,8001,2312,0,0,0,0,100,45,56,55,61,45,41,41,0,0,77,0,0,0,0,0,0,12668,685,488,0,409,78,138,138,100,0,0,0,0,0,0,0,0,0,0,0,0,0,0,0,0,0,0,0,0,0,100,0,0,0,0,0,0,0,0,0,0,0,0,0,0,0,0,0,0,0,0,100
426035,3415,504,95,41,9999,0,0,1049,0,0,0,4239,4446,0,0,62,2,2,2,1382,456,2000,1,0,4,72,72,44162,15478,328,741,270,177,1014,0,0,0,0,4,2,0,10,0,0,0,0,0,1680,1760,1680,1760,4128,2208,8019,2281,0,0,0,0,100,43,53,51,59,43,42,43,0,0,77,0,0,0,0,0,0,12668,685,488,0,409,78,138,138,100,0,0,0,0,0,0,0,0,0,0,0,0,0,0,0,0,0,0,0,0,0,100,0,0,0,0,0,0,0,0,0,0,0,0,0,0,0,0,0,0,0,0,100
427036,3415,504,95,41,9999,0,0,1138,0,0,0,4239,4823,0,0,62,2,2,2,1382,456,2000,1,0,4,73,72,44193,15569,341,791,265,176,1020,0,0,0,0,4,2,0,10,0,0,0,0,0,1680,1760,1680,1760,4128,2208,8086,2290,0,0,0,0,100,42,53,54,58,41,42,38,0,0,77,0,0,0,0,0,0,12668,685,488,0,409,78,138,138,100,0,0,0,0,0,0,0,0,0,0,0,0,0,0,0,0,0,0,0,0,0,100,0,0,0,0,0,0,0,0,0,0,0,0,0,0,0,0,0,0,0,0,100
428036,3415,504,95,41,9999,0,0,1074,0,0,0,4239,4552,0,0,62,2,2,2,1382,456,2000,1,0,4,73,72,44231,15529,326,783,249,178,1015,0,0,0,0,4,2,0,10,0,0,0,0,0,1680,1760,1680,1760,4128,2208,8011,2283,0,0,0,0,100,41,53,51,60,41,39,36,0,0,77,0,0,0,0,0,0,12668,685,488,0,409,78,138,138,100,0,0,0,0,0,0,0,0,0,0,0,0,0,0,0,0,0,0,0,0,0,100,0,0,0,0,0,0,0,0,0,0,0,0,0,0,0,0,0,0,0,0,100
429036,3415,504,95,41,9999,0,0,1168,0,0,0,4230,4940,0,0,62,2,2,2,1382,456,2000,1,0,4,73,72,44116,15493,327,765,267,178,1027,0,0,0,0,4,2,0,10,0,0,0,0,0,1680,1760,1680,1760,4128,2208,8121,2280,0,0,0,0,100,44,55,54,60,44,43,43,0,0,77,0,0,0,0,0,0,12668,685,488,0,409,78,138,138,100,0,0,0,0,0,0,0,0,0,0,0,0,0,0,0,0,0,0,0,0,0,100,0,0,0,0,0,0,0,0,0,0,0,0,0,0,0,0,0,0,0,0,100
430036,3415,504,95,41,9999,0,0,1170,0,0,0,4230,4949,0,0,62,2,2,2,1382,456,2000,1,0,4,73,72,44274,15643,345,836,290,176,1000,0,0,0,0,4,2,0,10,0,0,0,0,0,1680,1760,1680,1760,4128,2208,8037,2326,0,0,0,0,100,43,55,53,59,43,40,39,0,0,77,0,0,0,0,0,0,12668,685,488,0,409,78,138,138,100,0,0,0,0,0,0,0,0,0,0,0,0,0,0,0,0,0,0,0,0,0,100,0,0,0,0,0,0,0,0,0,0,0,0,0,0,0,0,0,0,0,0,100
431036,3415,504,95,41,9999,0,0,1047,0,0,0,4230,4428,0,0,62,2,2,2,1382,456,2000,1,0,4,73,72,44313,15586,330,818,247,174,1040,0,0,0,0,4,2,0,10,0,0,0,0,0,1680,1760,1680,1760,4128,2208,8033,2305,0,0,0,0,100,43,57,52,59,43,40,40,0,0,77,0,0,0,0,0,0,12668,685,488,0,409,78,138,138,100,0,0,0,0,0,0,0,0,0,0,0,0,0,0,0,0,0,0,0,0,0,100,0,0,0,0,0,0,0,0,0,0,0,0,0,0,0,0,0,0,0,0,100
432036,3415,504,95,41,9999,0,0,1103,0,0,0,4230,4665,0,0,62,2,2,2,1382,456,2000,1,0,4,73,72,44212,15559,307,853,241,178,1028,0,0,0,0,4,2,0,10,0,0,0,0,0,1680,1760,1680,1760,4128,2208,8100,2296,0,0,0,0,100,44,59,56,62,41,44,42,0,0,77,0,0,0,0,0,0,12668,685,488,0,409,78,138,138,100,0,0,0,0,0,0,0,0,0,0,0,0,0,0,0,0,0,0,0,0,0,100,0,0,0,0,0,0,0,0,0,0,0,0,0,0,0,0,0,0,0,0,100
433039,3415,504,95,41,9999,0,0,1480,0,0,0,4230,6260,0,0,62,2,2,2,1382,456,2000,1,0,4,72,72,44303,15630,322,855,238,177,1061,0,0,0,0,4,2,0,10,0,0,0,0,0,1680,1760,1680,1760,4128,2208,8021,2297,0,0,0,0,100,41,56,55,59,41,40,40,0,0,77,0,0,0,0,0,0,12668,685,488,0,409,78,138,138,100,0,0,0,0,0,0,0,0,0,0,0,0,0,0,0,0,0,0,0,0,0,100,0,0,0,0,0,0,0,0,0,0,0,0,0,0,0,0,0,0,0,0,100
434036,3415,504,95,41,9999,0,0,1006,0,0,0,4230,4255,0,0,62,2,2,2,1382,456,2000,1,0,4,72,72,44537,15708,345,941,296,58,1070,0,0,0,0,4,2,0,10,0,0,0,0,0,1680,1760,1680,1760,4128,2208,8044,2301,0,0,0,0,100,46,59,56,63,45,46,44,0,0,77,0,0,0,0,0,0,12668,685,488,0,409,78,138,138,100,0,0,0,0,0,0,0,0,0,0,0,0,0,0,0,0,0,0,0,0,0,100,0,0,0,0,0,0,0,0,0,0,0,0,0,0,0,0,0,0,0,0,100
435036,3415,504,95,41,9999,0,0,1329,0,0,0,4230,5621,0,0,62,2,2,2,1382,456,2000,1,0,4,72,72,44511,15741,307,965,272,56,1106,0,0,0,0,4,2,0,10,0,0,0,0,0,1680,1760,1680,1760,4128,2208,8006,2324,0,0,0,0,100,43,54,53,61,43,42,37,0,0,77,0,0,0,0,0,0,12668,685,488,0,409,78,138,138,100,0,0,0,0,0,0,0,0,0,0,0,0,0,0,0,0,0,0,0,0,0,100,0,0,0,0,0,0,0,0,0,0,0,0,0,0,0,0,0,0,0,0,100
436036,3415,504,95,41,9999,0,0,1395,0,0,0,4230,5900,0,0,62,2,2,2,1382,456,2000,1,0,4,73,72,44484,15726,325,929,249,179,1022,0,0,0,0,4,2,0,10,0,0,0,0,0,1680,1760,1680,1760,4128,2208,8094,2305,0,0,0,0,100,40,53,55,60,40,38,34,0,0,77,0,0,0,0,0,0,12668,685,488,0,409,78,138,138,100,0,0,0,0,0,0,0,0,0,0,0,0,0,0,0,0,0,0,0,0,0,100,0,0,0,0,0,0,0,0,0,0,0,0,0,0,0,0,0,0,0,0,100
437036,3415,504,95,41,9999,0,0,1033,0,0,0,4230,4369,0,0,62,2,2,2,1382,456,2000,1,0,4,72,72,44401,15605,339,843,258,179,1008,0,0,0,0,4,2,0,10,0,0,0,0,0,1680,1760,1680,1760,4128,2208,7986,2299,0,0,0,0,100,49,58,55,62,49,48,47,0,0,77,0,0,0,0,0,0,12668,685,488,0,409,78,138,138,100,0,0,0,0,0,0,0,0,0,0,0,0,0,0,0,0,0,0,0,0,0,100,0,0,0,0,0,0,0,0,0,0,0,0,0,0,0,0,0,0,0,0,100
438036,3415,504,95,41,9999,0,0,1068,0,0,0,4230,4517,0,0,62,2,2,2,1382,456,2000,1,0,4,73,72,44352,15476,321,768,240,177,1022,0,0,0,0,4,2,0,10,0,0,0,0,0,1680,1760,1680,1760,4128,2208,8032,2286,0,0,0,0,100,43,55,54,60,38,43,38,0,0,77,0,0,0,0,0,0,12668,685,488,0,409,78,138,138,100,0,0,0,0,0,0,0,0,0,0,0,0,0,0,0,0,0,0,0,0,0,100,0,0,0,0,0,0,0,0,0,0,0,0,0,0,0,0,0,0,0,0,100
439065,3407,504,95,42,9999,0,0,915,0,0,0,4241,3880,0,0,62,2,2,2,1382,456,2000,1,0,4,73,72,44250,15579,403,817,245,68,1079,0,0,0,0,4,2,0,10,0,0,0,0,0,1680,1760,1680,1760,4128,2208,8104,2284,0,0,0,0,100,42,60,59,63,40,42,35,0,0,77,0,0,0,0,0,0,12668,685,488,0,410,78,138,138,100,0,0,0,0,0,0,0,0,0,0,0,0,0,0,0,0,0,0,0,0,0,100,0,0,0,0,0,0,0,0,0,0,0,0,0,0,0,0,0,0,0,0,100
440037,3407,504,95,42,9999,0,0,1196,0,0,0,4241,5072,0,0,62,2,2,2,1382,456,2000,1,0,4,72,72,44236,15548,323,842,238,179,1033,0,0,0,0,4,2,0,10,0,0,0,0,0,1680,1760,1680,1760,4128,2208,7985,2316,0,0,0,0,100,47,56,56,58,47,46,44,0,0,77,0,0,0,0,0,0,12668,685,488,0,410,78,138,138,100,0,0,0,0,0,0,0,0,0,0,0,0,0,0,0,0,0,0,0,0,0,100,0,0,0,0,0,0,0,0,0,0,0,0,0,0,0,0,0,0,0,0,100
441037,3407,504,95,42,9999,0,0,927,0,0,0,4241,3931,0,0,62,2,2,2,1382,456,2000,1,0,4,73,72,44303,15514,330,805,242,175,1003,0,0,0,0,4,2,0,10,0,0,0,0,0,1680,1760,1680,1760,4128,2208,8004,2280,0,0,0,0,100,40,56,51,61,40,39,40,0,0,77,0,0,0,0,0,0,12668,685,488,0,410,78,138,138,100,0,0,0,0,0,0,0,0,0,0,0,0,0,0,0,0,0,0,0,0,0,100,0,0,0,0,0,0,0,0,0,0,0,0,0,0,0,0,0,0,0,0,100
442037,3407,504,95,42,9999,0,0,1024,0,0,0,4241,4342,0,0,62,2,2,2,1382,456,2000,1,0,4,73,72,44166,15515,315,843,247,178,1007,0,0,0,0,4,2,0,10,0,0,0,0,0,1680,1760,1680,1760,4128,2208,8005,2283,0,0,0,0,100,40,51,52,56,40,40,37,0,0,77,0,0,0,0,0,0,12668,685,488,0,410,78,138,138,100,0,0,0,0,0,0,0,0,0,0,0,0,0,0,0,0,0,0,0,0,0,100,0,0,0,0,0,0,0,0,0,0,0,0,0,0,0,0,0,0,0,0,100
443037,3407,504,95,42,9999,0,0,1098,0,0,0,4241,4656,0,0,62,2,2,2,1382,456,2000,1,0,4,73,72,44185,15468,287,798,225,177,1000,0,0,0,0,4,2,0,10,0,0,0,0,0,1680,1760,1680,1760,4128,2208,8035,2283,0,0,0,0,100,44,56,56,60,44,44,43,0,0,77,0,0,0,0,0,0,12668,685,488,0,410,78,138,138,100,0,0,0,0,0,0,0,0,0,0,0,0,0,0,0,0,0,0,0,0,0,100,0,0,0,0,0,0,0,0,0,0,0,0,0,0,0,0,0,0,0,0,100
444037,3407,504,95,42,9999,0,0,902,0,0,0,4241,3825,0,0,62,2,2,2,1382,456,2000,1,0,4,72,72,44131,15494,335,795,262,179,1001,0,0,0,0,4,2,0,10,0,0,0,0,0,1680,1760,1680,1760,4128,2208,8187,2286,0,0,0,0,100,43,55,56,59,41,43,37,0,0,77,0,0,0,0,0,0,12668,685,488,0,410,78,138,138,100,0,0,0,0,0,0,0,0,0,0,0,0,0,0,0,0,0,0,0,0,0,100,0,0,0,0,0,0,0,0,0,0,0,0,0,0,0,0,0,0,0,0,100
445037,3407,504,95,42,9999,0,0,1298,0,0,0,4241,5504,0,0,62,2,2,2,1382,456,2000,1,0,4,73,72,44088,15399,296,765,244,177,1013,0,0,0,0,4,2,0,10,0,0,0,0,0,1680,1760,1680,1760,4128,2208,7937,2315,0,0,0,0,100,39,56,54,60,37,39,36,0,0,77,0,0,0,0,0,0,12668,685,488,0,410,78,138,138,100,0,0,0,0,0,0,0,0,0,0,0,0,0,0,0,0,0,0,0,0,0,100,0,0,0,0,0,0,0,0,0,0,0,0,0,0,0,0,0,0,0,0,100
446038,3407,504,95,42,9999,0,0,1055,0,0,0,4241,4474,0,0,62,2,2,2,1382,456,2000,1,0,4,72,72,44035,15524,357,790,257,178,1001,0,0,0,0,4,2,0,10,0,0,0,0,0,1680,1760,1680,1760,4128,2208,7957,2286,0,0,0,0,100,46,56,54,59,46,46,42,0,0,77,0,0,0,0,0,0,12668,685,488,0,410,78,138,138,100,0,0,0,0,0,0,0,0,0,0,0,0,0,0,0,0,0,0,0,0,0,100,0,0,0,0,0,0,0,0,0,0,0,0,0,0,0,0,0,0,0,0,100
447038,3407,504,95,42,9999,0,0,1032,0,0,0,4241,4376,0,0,62,2,2,2,1382,456,2000,1,0,4,73,72,44142,15572,308,861,234,178,1003,0,0,0,0,4,2,0,10,0,0,0,0,0,1680,1760,1680,1760,4128,2208,8028,2294,0,0,0,0,100,44,55,52,56,44,40,41,0,0,77,0,0,0,0,0,0,12668,685,488,0,410,78,138,138,100,0,0,0,0,0,0,0,0,0,0,0,0,0,0,0,0,0,0,0,0,0,100,0,0,0,0,0,0,0,0,0,0,0,0,0,0,0,0,0,0,0,0,100
448039,3407,504,95,42,9999,0,0,1268,0,0,0,4241,5377,0,0,62,2,2,2,1382,456,2000,1,0,4,72,72,44166,15531,318,832,238,179,977,0,0,0,0,4,2,0,10,0,0,0,0,0,1680,1760,1680,1760,4128,2208,8035,2299,0,0,0,0,100,40,54,53,58,38,40,37,0,0,77,0,0,0,0,0,0,12668,685,488,0,410,78,138,138,100,0,0,0,0,0,0,0,0,0,0,0,0,0,0,0,0,0,0,0,0,0,100,0,0,0,0,0,0,0,0,0,0,0,0,0,0,0,0,0,0,0,0,100
449039,3407,504,95,42,9999,0,0,947,0,0,0,4226,4002,0,0,62,2,2,2,1382,456,2000,1,0,4,73,72,44181,15473,320,783,243,179,1039,0,0,0,0,4,2,0,10,0,0,0,0,0,1680,1760,1680,1760,4128,2208,8051,2292,0,0,0,0,100,47,56,52,59,47,46,44,0,0,77,0,0,0,0,0,0,12668,685,488,0,410,78,138,138,100,0,0,0,0,0,0,0,0,0,0,0,0,0,0,0,0,0,0,0,0,0,100,0,0,0,0,0,0,0,0,0,0,0,0,0,0,0,0,0,0,0,0,100
450038,3407,504,95,42,9999,0,0,1065,0,0,0,4226,4500,0,0,62,2,2,2,1382,456,2000,1,0,4,73,72,44200,15493,336,790,258,178,1023,0,0,0,0,4,2,0,10,0,0,0,0,0,1680,1760,1680,1760,4128,2208,8126,2330,0,0,0,0,100,40,50,52,57,39,40,40,0,0,77,0,0,0,0,0,0,12668,685,488,0,410,78,138,138,100,0,0,0,0,0,0,0,0,0,0,0,0,0,0,0,0,0,0,0,0,0,100,0,0,0,0,0,0,0,0,0,0,0,0,0,0,0,0,0,0,0,0,100
451039,3407,504,95,42,9999,0,0,1252,0,0,0,4226,5290,0,0,62,2,2,2,1382,456,2000,1,0,4,72,72,44372,15588,331,861,267,179,1011,0,0,0,0,4,2,0,10,0,0,0,0,0,1680,1760,1680,1760,4128,2208,7996,2291,0,0,0,0,100,41,52,51,55,41,40,38,0,0,77,0,0,0,0,0,0,12668,685,488,0,410,78,138,138,100,0,0,0,0,0,0,0,0,0,0,0,0,0,0,0,0,0,0,0,0,0,100,0,0,0,0,0,0,0,0,0,0,0,0,0,0,0,0,0,0,0,0,100
452038,3407,504,95,42,9999,0,0,1262,0,0,0,4226,5333,0,0,62,2,2,2,1382,456,2000,1,0,4,72,72,44345,15547,330,864,297,176,1020,0,0,0,0,4,2,0,10,0,0,0,0,0,1680,1760,1680,1760,4128,2208,8049,2292,0,0,0,0,100,45,52,52,58,45,42,41,0,0,77,0,0,0,0,0,0,12668,685,488,0,410,78,138,138,100,0,0,0,0,0,0,0,0,0,0,0,0,0,0,0,0,0,0,0,0,0,100,0,0,0,0,0,0,0,0,0,0,0,0,0,0,0,0,0,0,0,0,100
453038,3407,504,95,42,9999,0,0,1077,0,0,0,4226,4551,0,0,62,2,2,2,1382,456,2000,1,0,4,72,72,44214,15536,311,850,227,179,1033,0,0,0,0,4,2,0,10,0,0,0,0,0,1680,1760,1680,1760,4128,2208,8046,2295,0,0,0,0,100,41,56,55,60,40,41,39,0,0,77,0,0,0,0,0,0,12668,685,488,0,410,78,138,138,100,0,0,0,0,0,0,0,0,0,0,0,0,0,0,0,0,0,0,0,0,0,100,0,0,0,0,0,0,0,0,0,0,0,0,0,0,0,0,0,0,0,0,100
454038,3407,504,95,42,9999,0,0,975,0,0,0,4226,4120,0,0,62,2,2,2,1382,456,2000,1,0,4,73,72,44231,15491,324,826,221,179,1033,0,0,0,0,4,2,0,10,0,0,0,0,0,1680,1760,1680,1760,4128,2208,8046,2290,0,0,0,0,100,45,57,59,60,45,43,41,0,0,77,0,0,0,0,0,0,12668,685,488,0,410,78,138,138,100,0,0,0,0,0,0,0,0,0,0,0,0,0,0,0,0,0,0,0,0,0,100,0,0,0,0,0,0,0,0,0,0,0,0,0,0,0,0,0,0,0,0,100
455038,3407,504,95,42,9999,0,0,1133,0,0,0,4226,4788,0,0,62,2,2,2,1382,456,2000,1,0,4,72,72,44191,15534,310,830,258,178,1095,0,0,0,0,4,2,0,10,0,0,0,0,0,1680,1760,1680,1760,4128,2208,8114,2324,0,0,0,0,100,45,55,55,59,45,44,43,0,0,77,0,0,0,0,0,0,12668,685,488,0,410,78,138,138,100,0,0,0,0,0,0,0,0,0,0,0,0,0,0,0,0,0,0,0,0,0,100,0,0,0,0,0,0,0,0,0,0,0,0,0,0,0,0,0,0,0,0,100
456038,3407,504,95,42,9999,0,0,1142,0,0,0,4226,4826,0,0,62,2,2,2,1382,456,2000,1,0,4,72,72,44181,15438,318,809,228,179,1023,0,0,0,0,4,2,0,10,0,0,0,0,0,1680,1760,1680,1760,4128,2208,7969,2294,0,0,0,0,100,42,56,53,58,42,42,41,0,0,77,0,0,0,0,0,0,12668,685,488,0,410,78,138,138,100,0,0,0,0,0,0,0,0,0,0,0,0,0,0,0,0,0,0,0,0,0,100,0,0,0,0,0,0,0,0,0,0,0,0,0,0,0,0,0,0,0,0,100
457039,3407,504,95,42,9999,0,0,1081,0,0,0,4226,4568,0,0,62,2,2,2,1382,456,2000,1,0,4,72,72,44136,15466,302,738,230,180,1068,0,0,0,0,4,2,0,10,0,0,0,0,0,1680,1760,1680,1760,4128,2208,8043,2290,0,0,0,0,100,41,53,54,58,39,41,36,0,0,77,0,0,0,0,0,0,12668,685,488,0,410,78,138,138,100,0,0,0,0,0,0,0,0,0,0,0,0,0,0,0,0,0,0,0,0,0,100,0,0,0,0,0,0,0,0,0,0,0,0,0,0,0,0,0,0,0,0,100
458039,3407,504,95,42,9999,0,0,1145,0,0,0,4226,4838,0,0,62,2,2,2,1382,456,2000,1,0,4,73,72,44126,15506,310,839,298,56,1004,1,0,0,0,4,2,0,10,0,0,0,0,0,1680,1760,1680,1760,4128,2208,8047,2289,0,0,0,0,100,42,54,53,57,42,40,40,0,0,77,0,0,0,0,0,0,12668,685,488,0,410,78,138,138,100,0,0,0,0,0,0,0,0,0,0,0,0,0,0,0,0,0,0,0,0,0,100,0,0,0,0,0,0,0,0,0,0,0,0,0,0,0,0,0,0,0,0,100
459065,3405,504,95,42,9999,0,0,929,0,0,0,4215,3915,0,0,62,2,2,2,1382,456,2000,1,0,4,72,72,44200,15673,309,1007,267,65,1006,0,0,0,0,4,2,0,10,0,0,0,0,0,1680,1760,1680,1760,4128,2208,8065,2285,0,0,0,0,100,40,54,54,62,40,37,37,0,0,77,0,0,0,0,0,0,12668,686,487,0,410,77,138,138,100,0,0,0,0,0,0,0,0,0,0,0,0,0,0,0,0,0,0,0,0,0,100,0,0,0,0,0,0,0,0,0,0,0,0,0,0,0,0,0,0,0,0,100
460038,3405,504,95,42,9999,0,0,1248,0,0,0,4215,5260,0,0,62,2,2,2,1382,456,2000,1,0,4,72,72,44362,15607,331,924,266,170,1031,0,0,0,0,4,2,0,10,0,0,0,0,0,1680,1760,1680,1760,4128,2208,8054,2311,0,0,0,0,100,51,55,55,60,51,47,44,0,0,77,0,0,0,0,0,0,12668,686,487,0,410,77,138,138,100,0,0,0,0,0,0,0,0,0,0,0,0,0,0,0,0,0,0,0,0,0,100,0,0,0,0,0,0,0,0,0,0,0,0,0,0,0,0,0,0,0,0,100
461039,3405,504,95,42,9999,0,0,1127,0,0,0,4226,4762,0,0,62,2,2,2,1382,456,2000,1,0,4,73,72,44340,15570,357,838,254,177,1048,0,0,0,0,4,2,0,10,0,0,0,0,0,1680,1760,1680,1760,4128,2208,8073,2273,0,0,0,0,100,41,56,52,59,39,41,41,0,0,77,0,0,0,0,0,0,12668,686,487,0,410,77,138,138,100,0,0,0,0,0,0,0,0,0,0,0,0,0,0,0,0,0,0,0,0,0,100,0,0,0,0,0,0,0,0,0,0,0,0,0,0,0,0,0,0,0,0,100
462039,3405,504,95,42,9999,0,0,1131,0,0,0,4226,4779,0,0,62,2,2,2,1382,456,2000,1,0,4,72,72,44180,15501,316,803,267,180,1030,0,0,0,0,4,2,0,10,0,0,0,0,0,1680,1760,1680,1760,4128,2208,8032,2278,0,0,0,0,100,38,52,48,58,38,35,37,0,0,77,0,0,0,0,0,0,12668,686,487,0,410,77,138,138,100,0,0,0,0,0,0,0,0,0,0,0,0,0,0,0,0,0,0,0,0,0,100,0,0,0,0,0,0,0,0,0,0,0,0,0,0,0,0,0,0,0,0,100
463039,3405,504,95,42,9999,0,0,1171,0,0,0,4226,4948,0,0,62,2,2,2,1382,456,2000,1,0,4,73,72,44253,15579,347,846,240,179,1001,0,0,0,0,4,2,0,10,0,0,0,0,0,1680,1760,1680,1760,4128,2208,7948,2286,0,0,0,0,100,47,57,56,60,47,43,43,0,0,77,0,0,0,0,0,0,12668,686,487,0,410,77,138,138,100,0,0,0,0,0,0,0,0,0,0,0,0,0,0,0,0,0,0,0,0,0,100,0,0,0,0,0,0,0,0,0,0,0,0,0,0,0,0,0,0,0,0,100
464039,3405,504,95,42,9999,0,0,1003,0,0,0,4226,4238,0,0,62,2,2,2,1382,456,2000,1,0,4,72,72,44204,15499,325,858,247,179,1053,0,0,0,0,4,2,0,10,0,0,0,0,0,1680,1760,1680,1760,4128,2208,8109,2292,0,0,0,0,100,40,56,53,60,40,37,36,0,0,77,0,0,0,0,0,0,12668,686,487,0,410,77,138,138,100,0,0,0,0,0,0,0,0,0,0,0,0,0,0,0,0,0,0,0,0,0,100,0,0,0,0,0,0,0,0,0,0,0,0,0,0,0,0,0,0,0,0,100
465039,3405,504,95,42,9999,0,0,1089,0,0,0,4226,4602,0,0,62,2,2,2,1382,456,2000,1,0,4,72,72,44140,15480,315,816,244,176,1037,0,0,0,0,4,2,0,10,0,0,0,0,0,1680,1760,1680,1760,4128,2208,8008,2314,0,0,0,0,100,37,54,50,58,37,35,36,0,0,77,0,0,0,0,0,0,12668,686,487,0,410,77,138,138,100,0,0,0,0,0,0,0,0,0,0,0,0,0,0,0,0,0,0,0,0,0,100,0,0,0,0,0,0,0,0,0,0,0,0,0,0,0,0,0,0,0,0,100
466040,3405,504,95,42,9999,0,0,1268,0,0,0,4226,5358,0,0,62,2,2,2,1382,456,2000,1,0,4,73,72,44191,15570,352,818,283,161,1027,0,0,0,0,4,2,0,10,0,0,0,0,0,1680,1760,1680,1760,4128,2208,7982,2280,0,0,0,0,100,47,59,54,59,47,47,45,0,0,77,0,0,0,0,0,0,12668,686,487,0,410,77,138,138,100,0,0,0,0,0,0,0,0,0,0,0,0,0,0,0,0,0,0,0,0,0,100,0,0,0,0,0,0,0,0,0,0,0,0,0,0,0,0,0,0,0,0,100
467039,3405,504,95,42,9999,0,0,1149,0,0,0,4226,4855,0,0,62,2,2,2,1382,456,2000,1,0,4,72,72,44267,15570,328,843,278,176,1063,0,0,0,0,4,2,0,10,0,0,0,0,0,1680,1760,1680,1760,4128,2208,8190,2286,0,0,0,0,100,40,55,53,60,39,38,40,0,0,77,0,0,0,0,0,0,12668,686,487,0,410,77,138,138,100,0,0,0,0,0,0,0,0,0,0,0,0,0,0,0,0,0,0,0,0,0,100,0,0,0,0,0,0,0,0,0,0,0,0,0,0,0,0,0,0,0,0,100
468039,3405,504,95,42,9999,0,0,943,0,0,0,4226,3985,0,0,62,2,2,2,1382,456,2000,1,0,4,73,72,44189,15501,302,802,254,163,1041,0,0,0,0,4,2,0,10,0,0,0,0,0,1680,1760,1680,1760,4128,2208,8026,2274,0,0,0,0,100,39,56,52,62,39,38,33,0,0,77,0,0,0,0,0,0,12668,686,487,0,410,77,138,138,100,0,0,0,0,0,0,0,0,0,0,0,0,0,0,0,0,0,0,0,0,0,100,0,0,0,0,0,0,0,0,0,0,0,0,0,0,0,0,0,0,0,0,100
469039,3405,504,95,42,9999,0,0,897,0,0,0,4226,3790,0,0,62,2,2,2,1382,456,2000,1,0,4,72,72,44116,15490,332,796,249,176,1049,0,0,0,0,4,2,0,10,0,0,0,0,0,1680,1760,1680,1760,4128,2208,8029,2285,0,0,0,0,100,46,57,56,63,46,45,44,0,0,77,0,0,0,0,0,0,12668,686,487,0,410,77,138,138,100,0,0,0,0,0,0,0,0,0,0,0,0,0,0,0,0,0,0,0,0,0,100,0,0,0,0,0,0,0,0,0,0,0,0,0,0,0,0,0,0,0,0,100
470040,3405,504,95,42,9999,0,0,1067,0,0,0,4212,4494,0,0,62,2,2,2,1382,456,2000,1,0,4,73,72,44158,15432,320,775,259,178,1053,0,0,0,0,4,2,0,10,0,0,0,0,0,1680,1760,1680,1760,4128,2208,8127,2322,0,0,0,0,100,49,59,58,62,49,47,43,0,0,77,0,0,0,0,0,0,12668,686,487,0,410,77,138,138,100,0,0,0,0,0,0,0,0,0,0,0,0,0,0,0,0,0,0,0,0,0,100,0,0,0,0,0,0,0,0,0,0,0,0,0,0,0,0,0,0,0,0,100
471040,3405,504,95,42,9999,0,0,1356,0,0,0,4212,5711,0,0,62,2,2,2,1382,456,2000,1,0,4,73,72,44071,15489,327,739,252,181,1018,0,0,0,0,4,2,0,10,0,0,0,0,0,1680,1760,1680,1760,4128,2208,8083,2283,0,0,0,0,100,54,62,62,69,54,53,51,0,0,77,0,0,0,0,0,0,12668,686,487,0,410,77,138,138,100,0,0,0,0,0,0,0,0,0,0,0,0,0,0,0,0,0,0,0,0,0,100,0,0,0,0,0,0,0,0,0,0,0,0,0,0,0,0,0,0,0,0,100
472040,3405,504,95,42,9999,0,0,1137,0,0,0,4212,4789,0,0,62,2,2,2,1382,456,2000,1,0,4,72,72,44002,15461,300,817,258,90,1019,0,0,0,0,4,2,0,10,0,0,0,0,0,1680,1760,1680,1760,4128,2208,7982,2283,0,0,0,0,100,51,65,64,69,51,48,50,0,0,77,0,0,0,0,0,0,12668,686,487,0,410,77,138,138,100,0,0,0,0,0,0,0,0,0,0,0,0,0,0,0,0,0,0,0,0,0,100,0,0,0,0,0,0,0,0,0,0,0,0,0,0,0,0,0,0,0,0,100
473040,3405,504,95,42,9999,0,0,1240,0,0,0,4212,5222,0,0,62,2,2,2,1382,456,2000,1,0,4,73,72,44191,15432,318,818,247,177,1051,0,0,0,0,4,2,0,10,0,0,0,0,0,1680,1760,1680,1760,4128,2208,7994,2289,0,0,0,0,100,42,57,55,62,42,42,37,0,0,77,0,0,0,0,0,0,12668,686,487,0,410,77,138,138,100,0,0,0,0,0,0,0,0,0,0,0,0,0,0,0,0,0,0,0,0,0,100,0,0,0,0,0,0,0,0,0,0,0,0,0,0,0,0,0,0,0,0,100
474040,3405,504,95,42,9999,0,0,999,0,0,0,4212,4207,0,0,62,2,2,2,1382,456,2000,1,0,4,72,72,44094,15528,319,888,268,179,984,0,0,0,0,4,2,0,10,0,0,0,0,0,1680,1760,1680,1760,4128,2208,8045,2282,0,0,0,0,100,42,57,54,62,39,42,31,0,0,77,0,0,0,0,0,0,12668,686,487,0,410,77,138,138,100,0,0,0,0,0,0,0,0,0,0,0,0,0,0,0,0,0,0,0,0,0,100,0,0,0,0,0,0,0,0,0,0,0,0,0,0,0,0,0,0,0,0,100
475040,3405,504,95,42,9999,0,0,1111,0,0,0,4212,4679,0,0,62,2,2,2,1382,456,2000,1,0,4,72,72,44272,15631,358,935,272,177,1013,0,0,0,0,4,2,0,10,0,0,0,0,0,1680,1760,1680,1760,4128,2208,7934,2315,0,0,0,0,100,46,53,54,57,46,44,42,0,0,77,0,0,0,0,0,0,12668,686,487,0,410,77,138,138,100,0,0,0,0,0,0,0,0,0,0,0,0,0,0,0,0,0,0,0,0,0,100,0,0,0,0,0,0,0,0,0,0,0,0,0,0,0,0,0,0,0,0,100
476040,3405,504,95,42,9999,0,0,1230,0,0,0,4212,5180,0,0,62,2,2,2,1382,456,2000,1,0,4,72,72,44260,15556,335,840,270,180,1023,0,0,0,0,4,2,0,10,0,0,0,0,0,1680,1760,1680,1760,4128,2208,8033,2281,0,0,0,0,100,42,53,55,58,42,41,38,0,0,77,0,0,0,0,0,0,12668,686,487,0,410,77,138,138,100,0,0,0,0,0,0,0,0,0,0,0,0,0,0,0,0,0,0,0,0,0,100,0,0,0,0,0,0,0,0,0,0,0,0,0,0,0,0,0,0,0,0,100
477040,3405,504,95,42,9999,0,0,1187,0,0,0,4212,4999,0,0,62,2,2,2,1382,456,2000,1,0,4,73,72,44107,15396,321,763,254,178,1037,0,0,0,0,4,2,0,10,0,0,0,0,0,1680,1760,1680,1760,4128,2208,8035,2285,0,0,0,0,100,38,52,53,58,37,38,38,0,0,77,0,0,0,0,0,0,12668,686,487,0,410,77,138,138,100,0,0,0,0,0,0,0,0,0,0,0,0,0,0,0,0,0,0,0,0,0,100,0,0,0,0,0,0,0,0,0,0,0,0,0,0,0,0,0,0,0,0,100
478040,3405,504,95,42,9999,0,0,1272,0,0,0,4212,5357,0,0,62,2,2,2,1382,456,2000,1,0,4,72,72,44230,15408,317,827,238,76,1003,0,0,0,0,4,2,0,10,0,0,0,0,0,1680,1760,1680,1760,4128,2208,7890,2281,0,0,0,0,100,47,56,56,61,47,46,44,0,0,77,0,0,0,0,0,0,12668,686,487,0,410,77,138,138,100,0,0,0,0,0,0,0,0,0,0,0,0,0,0,0,0,0,0,0,0,0,100,0,0,0,0,0,0,0,0,0,0,0,0,0,0,0,0,0,0,0,0,100
479062,3401,500,95,42,9999,0,0,1038,0,0,0,4225,4385,0,0,62,2,2,2,1382,456,2000,1,0,4,73,72,44140,15408,317,827,238,76,1003,0,0,0,0,4,2,0,10,0,0,0,0,0,1680,1760,1680,1760,4128,2208,8083,2281,0,0,0,0,100,41,54,52,55,41,38,40,0,0,77,0,0,0,0,0,0,12668,683,484,0,407,76,138,138,100,0,0,0,0,0,0,0,0,0,0,0,0,0,0,0,0,0,0,0,0,0,100,0,0,0,0,0,0,0,0,0,0,0,0,0,0,0,0,0,0,0,0,100
480040,3401,500,95,42,9999,0,0,1227,0,0,0,4225,5184,0,0,62,2,2,2,1382,456,2000,1,0,4,73,72,44277,15446,407,765,245,177,1020,0,0,0,0,4,2,0,10,0,0,0,0,0,1680,1760,1680,1760,4128,2208,8039,2314,0,0,0,0,100,42,53,51,57,42,41,38,0,0,77,0,0,0,0,0,0,12668,683,484,0,407,76,138,138,100,0,0,0,0,0,0,0,0,0,0,0,0,0,0,0,0,0,0,0,0,0,100,0,0,0,0,0,0,0,0,0,0,0,0,0,0,0,0,0,0,0,0,100
481041,3401,500,95,42,9999,0,0,1129,0,0,0,4225,4770,0,0,62,2,2,2,1382,456,2000,1,0,4,72,72,44202,15536,327,847,253,179,1056,0,0,0,0,4,2,0,10,0,0,0,0,0,1680,1760,1680,1760,4128,2208,7961,2281,0,0,0,0,100,46,53,52,58,46,42,42,0,0,77,0,0,0,0,0,0,12668,683,484,0,407,76,138,138,100,0,0,0,0,0,0,0,0,0,0,0,0,0,0,0,0,0,0,0,0,0,100,0,0,0,0,0,0,0,0,0,0,0,0,0,0,0,0,0,0,0,0,100
482041,3401,500,95,42,9999,0,0,1015,0,0,0,4225,4288,0,0,62,2,2,2,1382,456,2000,1,0,4,73,72,43850,15468,352,817,252,177,1022,0,0,0,0,4,2,0,10,0,0,0,0,0,1680,1760,1680,1760,4128,2208,8031,2280,0,0,0,0,100,44,56,52,58,44,38,36,0,0,77,0,0,0,0,0,0,12668,683,484,0,407,76,138,138,100,0,0,0,0,0,0,0,0,0,0,0,0,0,0,0,0,0,0,0,0,0,100,0,0,0,0,0,0,0,0,0,0,0,0,0,0,0,0,0,0,0,0,100
483041,3401,500,95,42,9999,0,0,821,0,0,0,4225,3468,0,0,62,2,2,2,1382,456,2000,1,0,4,73,72,44089,15430,313,802,259,178,1062,0,0,0,0,4,2,0,10,0,0,0,0,0,1680,1760,1680,1760,4128,2208,7996,2283,0,0,0,0,100,41,54,53,58,39,41,38,0,0,77,0,0,0,0,0,0,12668,683,484,0,407,76,138,138,100,0,0,0,0,0,0,0,0,0,0,0,0,0,0,0,0,0,0,0,0,0,100,0,0,0,0,0,0,0,0,0,0,0,0,0,0,0,0,0,0,0,0,100
484041,3401,500,95,42,9999,0,0,1017,0,0,0,4225,4296,0,0,62,2,2,2,1382,456,2000,1,0,4,73,72,44090,15499,330,772,241,178,1038,0,0,0,0,4,2,0,10,0,0,0,0,0,1680,1760,1680,1760,4128,2208,8208,2287,0,0,0,0,100,48,56,55,59,48,45,46,0,0,77,0,0,0,0,0,0,12668,683,484,0,407,76,138,138,100,0,0,0,0,0,0,0,0,0,0,0,0,0,0,0,0,0,0,0,0,0,100,0,0,0,0,0,0,0,0,0,0,0,0,0,0,0,0,0,0,0,0,100
485041,3401,500,95,42,9999,0,0,964,0,0,0,4225,4072,0,0,62,2,2,2,1382,456,2000,1,0,4,73,72,44070,15426,318,769,270,176,1047,0,0,0,0,4,2,0,10,0,0,0,0,0,1680,1760,1680,1760,4128,2208,7996,2321,0,0,0,0,100,39,53,51,61,39,38,38,0,0,77,0,0,0,0,0,0,12668,683,484,0,407,76,138,138,100,0,0,0,0,0,0,0,0,0,0,0,0,0,0,0,0,0,0,0,0,0,100,0,0,0,0,0,0,0,0,0,0,0,0,0,0,0,0,0,0,0,0,100
486041,3401,500,95,42,9999,0,0,1082,0,0,0,4225,4571,0,0,62,2,2,2,1382,456,2000,1,0,4,73,72,44156,15413,333,715,265,176,1077,0,0,0,0,4,2,0,10,0,0,0,0,0,1680,1760,1680,1760,4128,2208,8042,2282,0,0,0,0,100,43,53,53,56,43,41,40,0,0,77,0,0,0,0,0,0,12668,683,484,0,407,76,138,138,100,0,0,0,0,0,0,0,0,0,0,0,0,0,0,0,0,0,0,0,0,0,100,0,0,0,0,0,0,0,0,0,0,0,0,0,0,0,0,0,0,0,0,100
487041,3401,500,95,42,9999,0,0,1041,0,0,0,4225,4398,0,0,62,2,2,2,1382,456,2000,1,0,4,73,72,44103,15456,303,807,243,176,1008,0,0,0,0,4,2,0,10,0,0,0,0,0,1680,1760,1680,1760,4128,2208,8096,2289,0,0,0,0,100,41,55,51,58,41,38,37,0,0,77,0,0,0,0,0,0,12668,683,484,0,407,76,138,138,100,0,0,0,0,0,0,0,0,0,0,0,0,0,0,0,0,0,0,0,0,0,100,0,0,0,0,0,0,0,0,0,0,0,0,0,0,0,0,0,0,0,0,100
488041,3401,500,95,42,9999,0,0,1034,0,0,0,4225,4368,0,0,62,2,2,2,1382,456,2000,1,0,4,72,72,44193,15470,322,824,262,174,1029,0,0,0,0,4,2,0,10,0,0,0,0,0,1680,1760,1680,1760,4128,2208,8001,2284,0,0,0,0,100,41,55,53,60,41,35,35,0,0,77,0,0,0,0,0,0,12668,683,484,0,407,76,138,138,100,0,0,0,0,0,0,0,0,0,0,0,0,0,0,0,0,0,0,0,0,0,100,0,0,0,0,0,0,0,0,0,0,0,0,0,0,0,0,0,0,0,0,100
489041,3401,500,95,42,9999,0,0,1102,0,0,0,4199,4627,0,0,62,2,2,2,1382,456,2000,1,0,4,73,72,44104,15417,311,786,257,178,1058,0,0,0,0,4,2,0,10,0,0,0,0,0,1680,1760,1680,1760,4128,2208,8019,2284,0,0,0,0,100,48,60,55,61,46,48,46,0,0,77,0,0,0,0,0,0,12668,683,484,0,407,76,138,138,100,0,0,0,0,0,0,0,0,0,0,0,0,0,0,0,0,0,0,0,0,0,100,0,0,0,0,0,0,0,0,0,0,0,0,0,0,0,0,0,0,0,0,100
490041,3401,500,95,42,9999,0,0,953,0,0,0,4199,4001,0,0,62,2,2,2,1382,456,2000,1,0,4,72,72,44095,15506,307,859,281,60,1055,1,0,0,0,4,2,0,10,0,0,0,0,0,1680,1760,1680,1760,4128,2208,7950,2321,0,0,0,0,100,44,57,56,62,44,39,40,0,0,77,0,0,0,0,0,0,12668,683,484,0,407,76,138,138,100,0,0,0,0,0,0,0,0,0,0,0,0,0,0,0,0,0,0,0,0,0,100,0,0,0,0,0,0,0,0,0,0,0,0,0,0,0,0,0,0,0,0,100
491041,3401,500,95,42,9999,0,0,1281,0,0,0,4199,5378,0,0,62,2,2,2,1382,456,2000,1,0,4,73,72,44070,15420,304,855,234,165,1006,0,0,0,0,4,2,0,10,0,0,0,0,0,1680,1760,1680,1760,4128,2208,8080,2286,0,0,0,0,100,38,57,51,61,37,38,37,0,0,77,0,0,0,0,0,0,12668,683,484,0,407,76,138,138,100,0,0,0,0,0,0,0,0,0,0,0,0,0,0,0,0,0,0,0,0,0,100,0,0,0,0,0,0,0,0,0,0,0,0,0,0,0,0,0,0,0,0,100
492041,3401,500,95,42,9999,0,0,1003,0,0,0,4199,4211,0,0,62,2,2,2,1382,456,2000,1,0,4,72,72,44291,15558,357,822,265,175,1039,0,0,0,0,4,2,0,10,0,0,0,0,0,1680,1760,1680,1760,4128,2208,7947,2283,0,0,0,0,100,44,57,55,60,43,44,42,0,0,77,0,0,0,0,0,0,12668,683,484,0,407,76,138,138,100,0,0,0,0,0,0,0,0,0,0,0,0,0,0,0,0,0,0,0,0,0,100,0,0,0,0,0,0,0,0,0,0,0,0,0,0,0,0,0,0,0,0,100
493041,3401,500,95,42,9999,0,0,1257,0,0,0,4199,5278,0,0,62,2,2,2,1382,456,2000,1,0,4,72,72,44294,15594,302,941,279,75,1072,1,0,0,0,4,2,0,10,0,0,0,0,0,1680,1760,1680,1760,4128,2208,7975,2281,0,0,0,0,100,40,53,51,56,38,40,40,0,0,77,0,0,0,0,0,0,12668,683,484,0,407,76,138,138,100,0,0,0,0,0,0,0,0,0,0,0,0,0,0,0,0,0,0,0,0,0,100,0,0,0,0,0,0,0,0,0,0,0,0,0,0,0,0,0,0,0,0,100
494041,3401,500,95,42,9999,0,0,1456,0,0,0,4199,6113,0,0,62,2,2,2,1382,456,2000,1,0,4,72,72,44055,15524,289,859,246,58,985,0,0,0,0,4,2,0,10,0,0,0,0,0,1680,1760,1680,1760,4128,2208,8083,2281,0,0,0,0,100,41,53,53,61,41,38,39,0,0,77,0,0,0,0,0,0,12668,683,484,0,407,76,138,138,100,0,0,0,0,0,0,0,0,0,0,0,0,0,0,0,0,0,0,0,0,0,100,0,0,0,0,0,0,0,0,0,0,0,0,0,0,0,0,0,0,0,0,100
495042,3401,500,95,42,9999,0,0,986,0,0,0,4199,4140,0,0,62,2,2,2,1382,456,2000,1,0,4,73,72,44102,15463,323,808,247,179,1022,0,0,0,0,4,2,0,10,0,0,0,0,0,1680,1760,1680,1760,4128,2208,8040,2312,0,0,0,0,100,47,53,53,59,47,46,45,0,0,77,0,0,0,0,0,0,12668,683,484,0,407,76,138,138,100,0,0,0,0,0,0,0,0,0,0,0,0,0,0,0,0,0,0,0,0,0,100,0,0,0,0,0,0,0,0,0,0,0,0,0,0,0,0,0,0,0,0,100
496042,3401,500,95,42,9999,0,0,1159,0,0,0,4199,4866,0,0,62,2,2,2,1382,456,2000,1,0,4,72,72,44091,15435,301,777,237,179,1008,0,0,0,0,4,2,0,10,0,0,0,0,0,1680,1760,1680,1760,4128,2208,8021,2283,0,0,0,0,100,43,54,52,57,40,43,42,0,0,77,0,0,0,0,0,0,12668,683,484,0,407,76,138,138,100,0,0,0,0,0,0,0,0,0,0,0,0,0,0,0,0,0,0,0,0,0,100,0,0,0,0,0,0,0,0,0,0,0,0,0,0,0,0,0,0,0,0,100
497042,3401,500,95,42,9999,0,0,1144,0,0,0,4199,4803,0,0,62,2,2,2,1382,456,2000,1,0,4,73,72,44030,15377,314,740,269,178,1012,0,0,0,0,4,2,0,10,0,0,0,0,0,1680,1760,1680,1760,4128,2208,8122,2290,0,0,0,0,100,40,49,51,55,40,39,36,0,0,77,0,0,0,0,0,0,12668,683,484,0,407,76,138,138,100,0,0,0,0,0,0,0,0,0,0,0,0,0,0,0,0,0,0,0,0,0,100,0,0,0,0,0,0,0,0,0,0,0,0,0,0,0,0,0,0,0,0,100
498042,3401,500,95,42,9999,0,0,848,0,0,0,4199,3560,0,0,62,2,2,2,1382,456,2000,1,0,4,73,72,44131,15454,329,755,239,178,1005,0,0,0,0,4,2,0,10,0,0,0,0,0,1680,1760,1680,1760,4128,2208,8172,2279,0,0,0,0,100,45,52,52,56,45,44,43,0,0,77,0,0,0,0,0,0,12668,683,484,0,407,76,138,138,100,0,0,0,0,0,0,0,0,0,0,0,0,0,0,0,0,0,0,0,0,0,100,0,0,0,0,0,0,0,0,0,0,0,0,0,0,0,0,0,0,0,0,100
499064,3399,499,95,42,9999,0,0,1015,0,0,0,4227,4290,0,0,62,2,2,2,1382,456,2000,1,0,4,73,72,44113,15458,293,824,275,179,1084,0,0,0,0,4,2,0,10,0,0,0,0,0,1680,1760,1680,1760,4128,2208,8022,2280,0,0,0,0,100,41,53,53,57,41,41,37,0,0,77,0,0,0,0,0,0,12668,682,483,0,407,75,138,138,100,0,0,0,0,0,0,0,0,0,0,0,0,0,0,0,0,0,0,0,0,0,100,0,0,0,0,0,0,0,0,0,0,0,0,0,0,0,0,0,0,0,0,100
500042,3399,499,95,42,9999,0,0,1000,0,0,0,4227,4227,0,0,62,2,2,2,1382,456,2000,1,0,4,72,72,44063,15412,308,807,253,177,1017,0,0,0,0,4,2,0,10,0,0,0,0,0,1680,1760,1680,1760,4128,2208,7956,2315,0,0,0,0,100,39,47,48,56,39,37,36,0,0,77,0,0,0,0,0,0,12668,682,483,0,407,75,138,138,100,0,0,0,0,0,0,0,0,0,0,0,0,0,0,0,0,0,0,0,0,0,100,0,0,0,0,0,0,0,0,0,0,0,0,0,0,0,0,0,0,0,0,100
501042,3399,499,95,42,9999,0,0,796,0,0,0,4227,3364,0,0,62,2,2,2,1382,456,2000,1,0,4,72,72,44237,15403,329,765,232,178,1058,0,0,0,0,4,2,0,10,0,0,0,0,0,1680,1760,1680,1760,4128,2208,7930,2281,0,0,0,0,100,45,53,51,57,45,42,43,0,0,77,0,0,0,0,0,0,12668,682,483,0,407,75,138,138,100,0,0,0,0,0,0,0,0,0,0,0,0,0,0,0,0,0,0,0,0,0,100,0,0,0,0,0,0,0,0,0,0,0,0,0,0,0,0,0,0,0,0,100
502042,3399,499,95,42,9999,0,0,913,0,0,0,4227,3859,0,0,62,2,2,2,1382,456,2000,1,0,4,73,72,44263,15586,325,890,285,71,1040,0,0,0,0,4,2,0,10,0,0,0,0,0,1680,1760,1680,1760,4128,2208,8019,2283,0,0,0,0,100,44,51,53,56,44,43,42,0,0,77,0,0,0,0,0,0,12668,682,483,0,407,75,138,138,100,0,0,0,0,0,0,0,0,0,0,0,0,0,0,0,0,0,0,0,0,0,100,0,0,0,0,0,0,0,0,0,0,0,0,0,0,0,0,0,0,0,0,100
503043,3399,499,95,42,9999,0,0,931,0,0,0,4227,3935,0,0,62,2,2,2,1382,456,2000,1,0,4,73,72,44123,15539,326,859,258,179,1010,0,0,0,0,4,2,0,10,0,0,0,0,0,1680,1760,1680,1760,4128,2208,7976,2281,0,0,0,0,100,39,51,50,57,39,38,35,0,0,77,0,0,0,0,0,0,12668,682,483,0,407,75,138,138,100,0,0,0,0,0,0,0,0,0,0,0,0,0,0,0,0,0,0,0,0,0,100,0,0,0,0,0,0,0,0,0,0,0,0,0,0,0,0,0,0,0,0,100
504042,3399,499,95,42,9999,0,0,1092,0,0,0,4227,4615,0,0,62,2,2,2,1382,456,2000,1,0,4,73,72,44123,15490,311,912,256,66,1021,0,0,0,0,4,2,0,10,0,0,0,0,0,1680,1760,1680,1760,4128,2208,8152,2290,0,0,0,0,100,46,54,54,62,46,43,42,0,0,77,0,0,0,0,0,0,12668,682,483,0,407,75,138,138,100,0,0,0,0,0,0,0,0,0,0,0,0,0,0,0,0,0,0,0,0,0,100,0,0,0,0,0,0,0,0,0,0,0,0,0,0,0,0,0,0,0,0,100
505042,3399,499,95,42,9999,0,0,802,0,0,0,4227,3390,0,0,62,2,2,2,1382,456,2000,1,0,4,72,72,44152,15519,304,902,267,106,1026,0,0,0,0,4,2,0,10,0,0,0,0,0,1680,1760,1680,1760,4128,2208,7943,2320,0,0,0,0,100,42,53,55,60,41,42,40,0,0,77,0,0,0,0,0,0,12668,682,483,0,407,75,138,138,100,0,0,0,0,0,0,0,0,0,0,0,0,0,0,0,0,0,0,0,0,0,100,0,0,0,0,0,0,0,0,0,0,0,0,0,0,0,0,0,0,0,0,100
506042,3399,499,95,42,9999,0,0,1160,0,0,0,4227,4903,0,0,62,2,2,2,1382,456,2000,1,0,4,72,72,44210,15503,331,825,253,179,1044,0,0,0,0,4,2,0,10,0,0,0,0,0,1680,1760,1680,1760,4128,2208,8010,2281,0,0,0,0,100,44,59,56,63,44,40,39,0,0,77,0,0,0,0,0,0,12668,682,483,0,407,75,138,138,100,0,0,0,0,0,0,0,0,0,0,0,0,0,0,0,0,0,0,0,0,0,100,0,0,0,0,0,0,0,0,0,0,0,0,0,0,0,0,0,0,0,0,100
507042,3399,499,95,42,9999,0,0,1445,0,0,0,4227,6108,0,0,62,2,3,2,1382,456,2000,1,0,4,72,72,44021,15491,332,824,243,178,1013,0,0,0,0,4,2,0,10,0,0,0,0,0,1680,1760,1680,1760,4128,2208,8068,2298,0,0,0,0,100,63,79,78,82,62,63,59,0,0,77,0,0,0,0,0,0,12668,682,483,0,407,75,138,138,100,0,0,0,0,0,0,0,0,0,0,0,0,0,0,0,0,0,0,0,0,0,100,0,0,0,0,0,0,0,0,0,0,0,0,0,0,0,0,0,0,0,0,100
508043,3399,499,95,42,9999,0,0,1045,0,0,0,4227,4417,0,0,62,2,3,2,1382,456,2000,1,0,4,73,72,44158,15461,326,771,264,178,1028,0,0,0,0,4,2,0,10,0,0,0,0,0,1680,1760,1680,1760,4128,2208,7988,2287,0,0,0,0,100,64,77,80,80,64,62,59,0,0,77,0,0,0,0,0,0,12668,682,483,0,407,75,138,138,100,0,0,0,0,0,0,0,0,0,0,0,0,0,0,0,0,0,0,0,0,0,100,0,0,0,0,0,0,0,0,0,0,0,0,0,0,0,0,0,0,0,0,100
509043,3399,499,95,43,9999,0,0,1255,0,0,0,4204,5276,0,0,62,2,2,2,1382,456,2000,1,0,4,73,72,44293,15408,328,791,266,178,1036,0,0,0,0,4,2,0,10,0,0,0,0,0,1680,1760,1680,1760,4128,2208,8101,2285,0,0,0,0,100,64,77,80,80,64,62,59,0,0,77,0,0,0,0,0,0,12668,682,483,0,407,75,138,138,100,0,0,0,0,0,0,0,0,0,0,0,0,0,0,0,0,0,0,0,0,0,100,0,0,0,0,0,0,0,0,0,0,0,0,0,0,0,0,0,0,0,0,100
510043,3399,499,95,43,9999,0,0,1308,0,0,0,4204,5498,0,0,62,2,2,2,1382,456,2000,1,0,4,72,72,44305,15546,336,865,308,181,1059,0,0,0,0,4,2,0,10,0,0,0,0,0,1680,1760,1680,1760,4128,2208,7921,2322,0,0,0,0,100,54,64,63,70,53,54,52,0,0,77,0,0,0,0,0,0,12668,682,483,0,407,75,138,138,100,0,0,0,0,0,0,0,0,0,0,0,0,0,0,0,0,0,0,0,0,0,100,0,0,0,0,0,0,0,0,0,0,0,0,0,0,0,0,0,0,0,0,100
511043,3399,499,95,43,9999,0,0,808,0,0,0,4204,3396,0,0,62,2,2,2,1382,456,2000,1,0,4,72,72,43960,15511,326,849,266,178,1009,0,0,0,0,4,2,0,10,0,0,0,0,0,1680,1760,1680,1760,4128,2208,7957,2284,0,0,0,0,100,56,63,63,68,55,56,52,0,0,77,0,0,0,0,0,0,12668,682,483,0,407,75,138,138,100,0,0,0,0,0,0,0,0,0,0,0,0,0,0,0,0,0,0,0,0,0,100,0,0,0,0,0,0,0,0,0,0,0,0,0,0,0,0,0,0,0,0,100
512043,3399,499,95,43,9999,0,0,940,0,0,0,4204,3951,0,0,62,2,2,2,1382,456,2000,1,0,4,73,72,44292,15476,342,807,275,176,1005,0,0,0,0,4,2,0,10,0,0,0,0,0,1680,1760,1680,1760,4128,2208,8037,2283,0,0,0,0,100,51,62,59,65,51,50,50,0,0,77,0,0,0,0,0,0,12668,682,483,0,407,75,138,138,100,0,0,0,0,0,0,0,0,0,0,0,0,0,0,0,0,0,0,0,0,0,100,0,0,0,0,0,0,0,0,0,0,0,0,0,0,0,0,0,0,0,0,100
513044,3399,499,95,43,9999,0,0,951,0,0,0,4204,3998,0,0,62,2,2,2,1382,456,2000,1,0,4,72,72,44278,15574,328,822,264,179,994,0,0,0,0,4,2,0,10,0,0,0,0,0,1680,1760,1680,1760,4128,2208,7963,2286,0,0,0,0,100,42,54,51,58,42,40,36,0,0,77,0,0,0,0,0,0,12668,682,483,0,407,75,138,138,100,0,0,0,0,0,0,0,0,0,0,0,0,0,0,0,0,0,0,0,0,0,100,0,0,0,0,0,0,0,0,0,0,0,0,0,0,0,0,0,0,0,0,100
514043,3399,499,95,43,9999,0,0,1226,0,0,0,4204,5154,0,0,62,2,2,2,1382,456,2000,1,0,4,72,72,44145,15453,323,832,282,180,1003,0,0,0,0,4,2,0,10,0,0,0,0,0,1680,1760,1680,1760,4128,2208,7997,2290,0,0,0,0,100,42,54,58,63,42,40,40,0,0,77,0,0,0,0,0,0,12668,682,483,0,407,75,138,138,100,0,0,0,0,0,0,0,0,0,0,0,0,0,0,0,0,0,0,0,0,0,100,0,0,0,0,0,0,0,0,0,0,0,0,0,0,0,0,0,0,0,0,100
515043,3399,499,95,43,9999,0,0,988,0,0,0,4204,4153,0,0,62,2,2,2,1382,456,2000,1,0,4,73,72,44139,15466,322,840,276,180,1082,0,0,0,0,4,2,0,10,0,0,0,0,0,1680,1760,1680,1760,4128,2208,7927,2317,0,0,0,0,100,44,55,52,59,44,44,39,0,0,77,0,0,0,0,0,0,12668,682,483,0,407,75,138,138,100,0,0,0,0,0,0,0,0,0,0,0,0,0,0,0,0,0,0,0,0,0,100,0,0,0,0,0,0,0,0,0,0,0,0,0,0,0,0,0,0,0,0,100
516043,3399,499,95,43,9999,0,0,953,0,0,0,4204,4006,0,0,62,2,2,2,1382,456,2000,1,0,4,73,72,44139,15517,316,881,246,63,1011,0,0,0,0,4,2,0,10,0,0,0,0,0,1680,1760,1680,1760,4128,2208,7992,2288,0,0,0,0,100,45,52,52,58,44,44,45,0,0,77,0,0,0,0,0,0,12668,682,483,0,407,75,138,138,100,0,0,0,0,0,0,0,0,0,0,0,0,0,0,0,0,0,0,0,0,0,100,0,0,0,0,0,0,0,0,0,0,0,0,0,0,0,0,0,0,0,0,100
517043,3399,499,95,43,9999,0,0,914,0,0,0,4204,3842,0,0,62,2,2,2,1382,456,2000,1,0,4,72,72,44184,15517,317,846,271,178,1016,0,0,0,0,4,2,0,10,0,0,0,0,0,1680,1760,1680,1760,4128,2208,7957,2285,0,0,0,0,100,43,53,50,60,43,41,37,0,0,77,0,0,0,0,0,0,12668,682,483,0,407,75,138,138,100,0,0,0,0,0,0,0,0,0,0,0,0,0,0,0,0,0,0,0,0,0,100,0,0,0,0,0,0,0,0,0,0,0,0,0,0,0,0,0,0,0,0,100
518043,3399,499,95,43,9999,0,0,960,0,0,0,4204,4035,0,0,62,2,2,2,1382,456,2000,1,0,4,72,72,44101,15442,313,831,266,180,1010,0,0,0,0,4,2,0,10,0,0,0,0,0,1680,1760,1680,1760,4128,2208,8115,2283,0,0,0,0,100,41,54,56,59,39,41,35,0,0,77,0,0,0,0,0,0,12668,682,483,0,407,75,138,138,100,0,0,0,0,0,0,0,0,0,0,0,0,0,0,0,0,0,0,0,0,0,100,0,0,0,0,0,0,0,0,0,0,0,0,0,0,0,0,0,0,0,0,100
519065,3385,495,95,43,9999,0,0,1135,0,0,0,4204,4771,0,0,62,2,2,2,1382,456,2000,1,0,4,72,72,44156,15461,524,777,261,178,1016,0,0,0,0,4,2,0,10,0,0,0,0,0,1680,1760,1680,1760,4128,2208,7959,2283,0,0,0,0,100,46,55,48,58,46,44,43,0,0,77,0,0,0,0,0,0,12668,677,479,0,408,71,138,138,100,0,0,0,0,0,0,0,0,0,0,0,0,0,0,0,0,0,0,0,0,0,100,0,0,0,0,0,0,0,0,0,0,0,0,0,0,0,0,0,0,0,0,100
520043,3385,495,95,43,9999,0,0,1102,0,0,0,4204,4632,0,0,62,2,2,2,1382,456,2000,1,0,4,73,72,44138,15459,323,857,271,178,993,0,0,0,0,4,2,0,10,0,0,0,0,0,1680,1760,1680,1760,4128,2208,7925,2316,0,0,0,0,100,41,53,49,55,41,39,37,0,0,77,0,0,0,0,0,0,12668,677,479,0,408,71,138,138,100,0,0,0,0,0,0,0,0,0,0,0,0,0,0,0,0,0,0,0,0,0,100,0,0,0,0,0,0,0,0,0,0,0,0,0,0,0,0,0,0,0,0,100
521043,3385,495,95,43,9999,0,0,1131,0,0,0,4204,4754,0,0,62,2,2,2,1382,456,2000,1,0,4,73,72,44035,15418,336,818,244,167,1000,0,0,0,0,4,2,0,10,0,0,0,0,0,1680,1760,1680,1760,4128,2208,8141,2290,0,0,0,0,100,44,56,54,62,44,41,40,0,0,77,0,0,0,0,0,0,12668,677,479,0,408,71,138,138,100,0,0,0,0,0,0,0,0,0,0,0,0,0,0,0,0,0,0,0,0,0,100,0,0,0,0,0,0,0,0,0,0,0,0,0,0,0,0,0,0,0,0,100
522044,3385,495,95,43,9999,0,0,1129,0,0,0,4204,4746,0,0,62,2,2,2,1382,456,2000,1,0,4,73,72,44001,15409,332,775,262,166,998,0,0,0,0,4,2,0,10,0,0,0,0,0,1680,1760,1680,1760,4128,2208,7949,2294,0,0,0,0,100,47,54,52,59,43,47,44,0,0,77,0,0,0,0,0,0,12668,677,479,0,408,71,138,138,100,0,0,0,0,0,0,0,0,0,0,0,0,0,0,0,0,0,0,0,0,0,100,0,0,0,0,0,0,0,0,0,0,0,0,0,0,0,0,0,0,0,0,100
523045,3385,495,95,43,9999,0,0,852,0,0,0,4204,3581,0,0,62,2,2,2,1382,456,2000,1,0,4,73,72,44069,15428,311,820,265,179,1015,0,0,0,0,4,2,0,10,0,0,0,0,0,1680,1760,1680,1760,4128,2208,7981,2284,0,0,0,0,100,41,52,54,56,41,38,39,0,0,77,0,0,0,0,0,0,12668,677,479,0,408,71,138,138,100,0,0,0,0,0,0,0,0,0,0,0,0,0,0,0,0,0,0,0,0,0,100,0,0,0,0,0,0,0,0,0,0,0,0,0,0,0,0,0,0,0,0,100
524043,3385,495,95,43,9999,0,0,1025,0,0,0,4204,4309,0,0,62,2,2,2,1382,456,2000,1,0,4,72,72,44236,15577,320,873,313,56,1021,0,0,0,0,4,2,0,10,0,0,0,0,0,1680,1760,1680,1760,4128,2208,8208,2288,0,0,0,0,100,40,56,55,60,38,38,40,0,0,77,0,0,0,0,0,0,12668,677,479,0,408,71,138,138,100,0,0,0,0,0,0,0,0,0,0,0,0,0,0,0,0,0,0,0,0,0,100,0,0,0,0,0,0,0,0,0,0,0,0,0,0,0,0,0,0,0,0,100
525044,3385,495,94,43,9999,0,0,1049,0,0,0,4237,4444,0,0,62,2,2,2,1382,456,2000,1,0,4,72,72,44085,15517,326,827,299,178,1008,0,0,0,0,4,2,0,10,0,0,0,0,0,1680,1760,1680,1760,4128,2208,7882,2313,0,0,0,0,100,46,53,51,59,46,41,40,0,0,77,0,0,0,0,0,0,12668,677,479,0,408,71,138,138,100,0,0,0,0,0,0,0,0,0,0,0,0,0,0,0,0,0,0,0,0,0,100,0,0,0,0,0,0,0,0,0,0,0,0,0,0,0,0,0,0,0,0,100
526044,3385,495,94,43,9999,0,0,785,0,0,0,4237,3326,0,0,62,2,2,2,1382,456,2000,1,0,4,73,72,44070,15465,313,812,273,181,1017,0,0,0,0,4,2,0,10,0,0,0,0,0,1680,1760,1680,1760,4128,2208,8004,2288,0,0,0,0,100,42,55,54,59,42,38,39,0,0,77,0,0,0,0,0,0,12668,677,479,0,408,71,138,138,100,0,0,0,0,0,0,0,0,0,0,0,0,0,0,0,0,0,0,0,0,0,100,0,0,0,0,0,0,0,0,0,0,0,0,0,0,0,0,0,0,0,0,100
527044,3385,495,94,43,9999,0,0,785,0,0,0,4237,3326,0,0,62,2,2,2,1382,456,2000,1,0,4,72,72,44178,15406,364,775,253,176,1013,0,0,0,0,4,2,0,10,0,0,0,0,0,1680,1760,1680,1760,4128,2208,8032,2288,0,0,0,0,100,41,55,55,61,38,41,39,0,0,77,0,0,0,0,0,0,12668,677,479,0,408,71,138,138,100,0,0,0,0,0,0,0,0,0,0,0,0,0,0,0,0,0,0,0,0,0,100,0,0,0,0,0,0,0,0,0,0,0,0,0,0,0,0,0,0,0,0,100
528044,3385,495,94,43,9999,0,0,832,0,0,0,4237,3525,0,0,62,2,2,2,1382,456,2000,1,0,4,73,72,44295,15476,358,814,293,178,1029,0,0,0,0,4,2,0,10,0,0,0,0,0,1680,1760,1680,1760,4128,2208,7970,2286,0,0,0,0,100,43,55,54,58,43,42,42,0,0,77,0,0,0,0,0,0,12668,677,479,0,408,71,138,138,100,0,0,0,0,0,0,0,0,0,0,0,0,0,0,0,0,0,0,0,0,0,100,0,0,0,0,0,0,0,0,0,0,0,0,0,0,0,0,0,0,0,0,100
529044,3385,495,94,43,9999,0,0,1240,0,0,0,4221,5234,0,0,62,2,2,2,1382,456,2000,1,0,4,73,72,44071,15617,316,865,270,177,1045,0,0,0,0,4,2,0,10,0,0,0,0,0,1680,1760,1680,1760,4128,2208,8055,2284,0,0,0,0,100,44,54,52,57,43,44,38,0,0,77,0,0,0,0,0,0,12668,677,479,0,408,71,138,138,100,0,0,0,0,0,0,0,0,0,0,0,0,0,0,0,0,0,0,0,0,0,100,0,0,0,0,0,0,0,0,0,0,0,0,0,0,0,0,0,0,0,0,100
530044,3385,495,94,43,9999,0,0,1060,0,0,0,4221,4474,0,0,62,2,2,2,1382,456,2000,1,0,4,73,72,44265,15490,301,827,269,179,996,0,0,0,0,4,2,0,10,0,0,0,0,0,1680,1760,1680,1760,4128,2208,7994,2321,0,0,0,0,100,40,53,50,61,40,38,36,0,0,77,0,0,0,0,0,0,12668,677,479,0,408,71,138,138,100,0,0,0,0,0,0,0,0,0,0,0,0,0,0,0,0,0,0,0,0,0,100,0,0,0,0,0,0,0,0,0,0,0,0,0,0,0,0,0,0,0,0,100
531044,3385,495,94,43,9999,0,0,959,0,0,0,4221,4047,0,0,62,2,2,2,1382,456,2000,1,0,4,72,72,44124,15417,331,788,284,176,998,0,0,0,0,4,2,0,10,0,0,0,0,0,1680,1760,1680,1760,4128,2208,8049,2290,0,0,0,0,100,63,68,71,72,63,59,60,0,0,77,0,0,0,0,0,0,12668,677,479,0,408,71,138,138,100,0,0,0,0,0,0,0,0,0,0,0,0,0,0,0,0,0,0,0,0,0,100,0,0,0,0,0,0,0,0,0,0,0,0,0,0,0,0,0,0,0,0,100
532044,3385,495,94,43,9999,0,0,942,0,0,0,4221,3976,0,0,62,2,2,2,1382,456,2000,1,0,4,72,72,44078,15402,303,820,252,178,1008,0,0,0,0,4,2,0,10,0,0,0,0,0,1680,1760,1680,1760,4128,2208,8019,2281,0,0,0,0,100,43,55,52,59,43,42,39,0,0,77,0,0,0,0,0,0,12668,677,479,0,408,71,138,138,100,0,0,0,0,0,0,0,0,0,0,0,0,0,0,0,0,0,0,0,0,0,100,0,0,0,0,0,0,0,0,0,0,0,0,0,0,0,0,0,0,0,0,100
533044,3385,495,94,43,9999,0,0,1386,0,0,0,4221,5850,0,0,62,2,2,2,1382,456,2000,1,0,4,73,72,44136,15390,328,750,252,179,1005,0,0,0,0,4,2,0,10,0,0,0,0,0,1680,1760,1680,1760,4128,2208,7959,2288,0,0,0,0,100,41,54,55,60,41,39,38,0,0,77,0,0,0,0,0,0,12668,677,479,0,408,71,138,138,100,0,0,0,0,0,0,0,0,0,0,0,0,0,0,0,0,0,0,0,0,0,100,0,0,0,0,0,0,0,0,0,0,0,0,0,0,0,0,0,0,0,0,100
534044,3385,495,94,43,9999,0,0,1217,0,0,0,4221,5136,0,0,62,2,2,2,1382,456,2000,1,0,4,72,72,44125,15427,306,749,277,168,1020,0,0,0,0,4,2,0,10,0,0,0,0,0,1680,1760,1680,1760,4128,2208,8039,2284,0,0,0,0,100,47,59,58,60,47,43,44,0,0,77,0,0,0,0,0,0,12668,677,479,0,408,71,138,138,100,0,0,0,0,0,0,0,0,0,0,0,0,0,0,0,0,0,0,0,0,0,100,0,0,0,0,0,0,0,0,0,0,0,0,0,0,0,0,0,0,0,0,100
535044,3385,495,94,43,9999,0,0,1492,0,0,0,4221,6297,0,0,62,2,2,2,1382,456,2000,1,0,4,73,72,44140,15429,328,808,253,75,1018,0,0,0,0,4,2,0,10,0,0,0,0,0,1680,1760,1680,1760,4128,2208,8159,2323,0,0,0,0,100,42,55,54,59,41,42,39,0,0,77,0,0,0,0,0,0,12668,677,479,0,408,71,138,138,100,0,0,0,0,0,0,0,0,0,0,0,0,0,0,0,0,0,0,0,0,0,100,0,0,0,0,0,0,0,0,0,0,0,0,0,0,0,0,0,0,0,0,100
536044,3385,495,94,43,9999,0,0,1608,0,0,0,4221,6787,0,0,63,2,2,3,1382,456,2000,1,0,4,73,72,44140,15789,689,888,391,59,1046,1,0,2,0,6,4,0,10,0,0,0,0,0,1680,1760,1680,1760,4128,2208,7781,3901,336,0,0,0,100,44,60,60,67,44,34,40,0,0,84,0,0,0,0,0,0,12668,677,479,0,408,71,138,138,100,2,1,0,0,0,0,0,0,0,0,0,0,0,0,0,0,0,0,0,0,0,100,0,0,0,0,0,0,0,0,0,0,0,0,0,0,0,0,0,0,0,336,100
537044,3385,495,94,43,9999,0,0,1507,0,0,0,4221,6361,0,0,63,2,2,3,1382,456,2000,1,0,4,73,72,46927,16950,324,1600,312,56,1005,0,0,0,0,6,4,0,10,0,0,0,0,0,1680,1760,1680,1760,4128,2208,7881,3785,347,0,0,0,100,43,73,75,79,43,43,42,0,0,88,0,0,0,0,0,0,12668,677,479,0,408,71,138,138,100,0,0,0,0,0,0,0,0,0,0,0,0,0,0,0,0,0,0,0,0,0,100,0,0,0,0,0,0,0,0,0,0,0,0,0,0,0,0,0,0,0,347,100
538044,3385,495,94,43,9999,0,0,1202,0,0,0,4221,5073,0,0,63,2,2,3,1382,456,2000,1,0,4,72,72,47255,16799,290,1330,312,56,1007,0,0,0,0,6,4,0,10,0,0,0,0,0,1680,1760,1680,1760,4128,2208,8179,3791,347,0,0,0,100,41,74,74,77,41,38,36,0,0,89,0,0,0,0,0,0,12668,677,479,0,408,71,138,138,100,0,0,0,0,0,0,0,0,0,0,0,0,0,0,0,0,0,0,0,0,0,100,0,0,0,0,0,0,0,0,0,0,0,0,0,0,0,0,0,0,0,347,100
540053,3394,495,94,43,9999,0,0,1522,0,0,0,4202,6395,0,0,63,2,2,3,1382,456,2000,1,0,4,72,72,46762,16409,292,947,307,59,1001,0,0,1,0,6,4,0,10,0,0,0,0,0,1680,1760,1680,1760,4128,2208,7765,3842,346,0,0,0,100,42,71,72,76,41,42,39,0,0,89,0,0,0,0,0,0,12668,678,479,0,408,71,138,138,100,1,1,0,0,0,0,0,0,0,0,0,0,0,0,0,0,0,0,0,0,0,100,0,0,0,0,0,0,0,0,0,0,0,0,0,0,0,0,0,0,0,346,100
541045,3394,495,94,43,9999,0,0,1236,0,0,0,4202,5193,0,0,63,2,2,3,1382,492,2000,1,0,4,72,72,46688,16496,296,959,288,55,1055,0,0,0,0,6,4,0,10,0,0,0,0,0,1680,1760,1680,1760,4128,2208,8063,3789,346,0,0,0,100,42,74,73,79,42,41,41,0,0,89,0,0,0,0,0,0,12668,678,479,0,408,71,138,138,100,0,0,0,0,0,0,0,0,0,0,0,0,0,0,0,0,0,0,0,0,0,100,0,0,0,0,0,0,0,0,0,0,0,0,0,0,0,0,0,0,0,346,100
542045,3394,495,94,43,9999,0,0,1351,0,0,0,4199,5672,0,0,63,2,2,3,1382,492,2000,1,0,4,71,72,46586,16375,286,908,270,58,1017,0,0,1,0,6,4,0,10,0,0,0,0,0,1680,1760,1680,1760,4128,2208,7643,3782,346,0,0,0,100,47,74,74,79,44,47,42,0,0,89,0,0,0,0,0,0,12668,678,479,0,408,71,138,138,100,1,1,0,0,0,0,0,0,0,0,0,0,0,0,0,0,0,0,0,0,0,100,0,0,0,0,0,0,0,0,0,0,0,0,0,0,0,0,0,0,0,346,100
543045,3394,495,94,43,9999,0,0,1757,0,0,0,4199,7377,0,0,63,2,2,3,1382,492,2000,1,0,4,73,72,46809,16356,279,887,264,56,1060,0,0,1,0,6,4,0,10,0,0,0,0,0,1680,1760,1680,1760,4128,2208,7800,3778,346,0,0,0,100,43,72,72,74,43,40,40,0,0,89,0,0,0,0,0,0,12668,678,479,0,408,71,138,138,100,1,1,0,0,0,0,0,0,0,0,0,0,0,0,0,0,0,0,0,0,0,100,0,0,0,0,0,0,0,0,0,0,0,0,0,0,0,0,0,0,0,346,100
544045,3394,495,94,43,9999,0,0,1526,0,0,0,4199,6407,0,0,63,2,2,3,1382,492,2000,1,0,4,72,72,46865,16415,273,929,258,63,1018,0,0,0,0,6,4,0,10,0,0,0,0,0,1680,1760,1680,1760,4128,2208,7798,3781,346,0,0,0,100,40,79,77,81,39,40,39,0,0,89,0,0,0,0,0,0,12668,678,479,0,408,71,138,138,100,0,0,0,0,0,0,0,0,0,0,0,0,0,63,12,0,50,0,0,0,0,100,0,0,0,0,0,0,0,0,0,0,0,0,0,0,0,0,0,0,0,346,100
545045,3394,495,94,43,9999,0,0,1215,0,0,0,4199,5101,0,0,63,2,2,3,1382,492,2000,1,0,4,72,72,46808,16324,300,869,286,54,1001,0,0,1,0,6,4,0,10,0,0,0,0,0,1680,1760,1680,1760,4128,2208,7756,3779,345,0,0,0,100,47,74,74,76,47,46,43,0,0,89,0,0,0,0,0,0,12668,678,479,0,408,71,138,138,100,1,1,0,0,0,0,0,0,0,0,0,0,0,0,0,0,0,0,0,0,0,100,0,0,0,0,0,0,0,0,0,0,0,0,0,0,0,0,0,0,0,345,100
546045,3394,495,94,43,9999,0,0,1370,0,0,0,4199,5752,0,0,63,2,2,3,1382,492,2000,1,0,4,73,72,46690,16425,296,948,310,53,1016,0,0,0,0,6,4,0,10,0,0,0,0,0,1680,1760,1680,1760,4128,2208,7947,3788,345,0,0,0,100,42,72,71,76,42,41,39,0,0,89,0,0,0,0,0,0,12668,678,479,0,408,71,138,138,100,0,0,0,0,0,0,0,0,0,0,0,0,0,0,0,0,0,0,0,0,0,100,0,0,0,0,0,0,0,0,0,0,0,0,0,0,0,0,0,0,0,345,100
547045,3394,495,94,43,9999,0,0,1646,0,0,0,4199,6911,0,0,63,2,2,3,1382,492,2000,1,0,4,71,72,46874,16482,269,955,327,59,1017,0,0,1,0,6,4,0,10,0,0,0,0,0,1680,1760,1680,1760,4128,2208,7683,3781,345,0,0,0,100,39,72,71,77,39,39,37,0,0,90,0,0,0,0,0,0,12668,678,479,0,408,71,138,138,100,1,1,0,0,0,0,0,0,0,0,0,0,0,0,0,0,0,0,0,0,0,100,0,0,0,0,0,0,0,0,0,0,0,0,0,0,0,0,0,0,0,345,100
548045,3394,495,94,43,9999,0,0,1372,0,0,0,4199,5761,0,0,63,2,2,3,1382,492,2000,1,0,4,73,72,46781,16382,313,982,301,56,1049,0,0,0,0,6,4,0,10,0,0,0,0,0,1680,1760,1680,1760,4128,2208,7777,3786,346,0,0,0,100,44,72,72,75,44,44,44,0,0,89,0,0,0,0,0,0,12668,678,479,0,408,71,138,138,100,0,0,0,0,0,0,0,0,0,0,0,0,0,0,0,0,0,0,0,0,0,100,0,0,0,0,0,0,0,0,0,0,0,0,0,0,0,0,0,0,0,346,100
549045,3394,495,94,43,9999,0,0,1255,0,0,0,4196,5265,0,0,63,2,2,3,1382,492,2000,1,0,4,72,72,46838,16410,315,1019,284,58,1020,0,0,0,0,6,4,0,10,0,0,0,0,0,1680,1760,1680,1760,4128,2208,7744,3786,345,0,0,0,100,42,71,71,76,42,42,41,0,0,90,0,0,0,0,0,0,12668,678,479,0,408,71,138,138,100,0,0,0,0,0,0,0,0,0,0,0,0,0,0,0,0,0,0,0,0,0,100,0,0,0,0,0,0,0,0,0,0,0,0,0,0,0,0,0,0,0,345,100
550045,3394,495,94,43,9999,0,0,1551,0,0,0,4196,6507,0,0,63,2,2,3,1382,492,2000,1,0,4,73,72,46874,16625,281,1093,327,57,1021,0,0,0,0,6,4,0,10,0,0,0,0,0,1680,1760,1680,1760,4128,2208,7730,3780,346,0,0,0,100,41,71,74,76,41,37,39,0,0,90,0,0,0,0,0,0,12668,678,479,0,408,71,138,138,100,0,0,0,0,0,0,0,0,0,0,0,0,0,0,0,0,0,0,0,0,0,100,0,0,0,0,0,0,0,0,0,0,0,0,0,0,0,0,0,0,0,346,100
551046,3394,495,94,43,9999,0,0,1472,0,0,0,4196,6176,0,0,63,2,2,3,1382,492,2000,1,0,4,73,72,46926,16528,265,1012,332,70,1013,0,0,0,0,6,4,0,10,0,0,0,0,0,1680,1760,1680,1760,4128,2208,7848,3838,345,0,0,0,100,48,74,73,77,48,44,43,0,0,90,0,0,0,0,0,0,12668,678,479,0,408,71,138,138,100,0,0,0,0,0,0,0,0,0,0,0,0,0,0,0,0,0,0,0,0,0,100,0,0,0,0,0,0,0,0,0,0,0,0,0,0,0,0,0,0,0,345,100
552046,3394,495,94,43,9999,0,0,1279,0,0,0,4196,5366,0,0,63,2,2,3,1382,492,2000,1,0,4,73,72,46894,16501,266,962,337,516,984,0,0,0,0,6,4,0,10,0,0,0,0,0,1680,1760,1680,1760,4128,2208,7935,3674,345,0,0,0,100,43,72,71,77,43,43,40,0,0,89,0,0,0,0,0,0,12668,678,479,0,408,71,138,138,100,0,0,0,0,0,0,0,0,0,0,0,0,0,0,0,0,0,0,0,0,0,100,0,0,0,0,0,0,0,0,0,0,0,0,0,0,0,0,0,0,0,345,100
553046,3394,495,94,43,9999,0,0,1602,0,0,0,4196,6721,0,0,63,2,2,3,1382,492,2000,1,0,4,72,72,46815,16414,285,905,306,97,994,0,0,1,0,6,4,0,10,0,0,0,0,0,1680,1760,1680,1760,4128,2208,7687,3789,347,0,0,0,100,40,72,70,78,40,38,37,0,0,90,0,0,0,0,0,0,12668,678,479,0,408,71,138,138,100,1,1,0,0,0,0,0,0,0,0,0,0,0,0,0,0,0,0,0,0,0,100,0,0,0,0,0,0,0,0,0,0,0,0,0,0,0,0,0,0,0,347,100
554050,3394,495,94,43,9999,0,0,1472,0,0,0,4196,6176,0,0,63,2,2,3,1382,492,2000,1,0,4,72,72,46826,16490,296,1005,320,71,1007,0,0,1,0,6,4,0,10,0,0,0,0,0,1680,1760,1680,1760,4128,2208,7845,3789,347,0,0,0,100,47,77,77,81,47,45,44,0,0,90,0,0,0,0,0,0,12668,678,479,0,408,71,138,138,100,1,1,0,0,0,0,0,0,0,0,0,0,0,0,0,0,0,0,0,0,0,100,0,0,0,0,0,0,0,0,0,0,0,0,0,0,0,0,0,0,0,347,100
555046,3394,495,94,43,9999,0,0,1706,0,0,0,4196,7158,0,0,63,2,2,3,1382,492,2000,1,0,4,72,72,47062,16494,265,999,287,528,1010,0,0,0,0,6,4,0,10,0,0,0,0,0,1680,1760,1680,1760,4128,2208,7689,3848,345,0,0,0,100,39,69,69,75,39,39,37,0,0,90,0,0,0,0,0,0,12668,678,479,0,408,71,138,138,100,0,0,0,0,0,0,0,0,0,0,0,0,0,0,0,0,0,0,0,0,0,100,0,0,0,0,0,0,0,0,0,0,0,0,0,0,0,0,0,0,0,345,100
556046,3394,495,94,43,9999,0,0,1184,0,0,0,4196,4968,0,0,63,2,2,3,1382,492,2000,1,0,4,73,72,46613,16432,267,929,283,96,1031,0,0,0,0,6,4,0,10,0,0,0,0,0,1680,1760,1680,1760,4128,2208,7742,3790,345,0,0,0,100,42,72,72,75,42,40,41,0,0,90,0,0,0,0,0,0,12668,678,479,0,408,71,138,138,100,0,0,0,0,0,0,0,0,0,0,0,0,0,0,0,0,0,0,0,0,0,100,0,0,0,0,0,0,0,0,0,0,0,0,0,0,0,0,0,0,0,345,100
557046,3394,495,94,43,9999,0,0,1557,0,0,0,4196,6533,0,0,63,2,2,3,1382,492,2000,1,0,4,73,72,46942,16382,307,894,282,62,1011,0,0,0,0,6,4,0,10,0,0,0,0,0,1680,1760,1680,1760,4128,2208,7784,3787,344,0,0,0,100,44,72,72,77,44,42,41,0,0,90,0,0,0,0,0,0,12668,678,479,0,408,71,138,138,100,0,0,0,0,0,0,0,0,0,0,0,0,0,70,4,999,50,0,0,0,0,100,0,0,0,0,0,0,0,0,0,0,0,0,0,0,0,0,0,0,0,344,100
558046,3394,495,94,43,9999,0,0,1625,0,0,0,4196,6818,0,0,63,2,2,3,1382,492,2000,1,0,4,73,72,46603,16403,285,869,278,84,1046,0,0,0,0,6,4,0,10,0,0,0,0,0,1680,1760,1680,1760,4128,2208,7763,3793,345,0,0,0,100,39,72,70,76,38,39,37,0,0,89,0,0,0,0,0,0,12668,678,479,0,408,71,138,138,100,0,0,0,0,0,0,0,0,0,0,0,0,0,69,17,161,50,6,0,0,0,100,0,0,0,0,0,0,0,0,0,0,0,0,0,0,0,0,0,0,0,345,100
559071,3392,495,94,43,9999,0,0,1567,0,0,0,4186,6559,0,0,63,2,2,3,1382,492,2000,1,0,4,71,72,46932,16478,387,927,317,70,1024,0,0,1,0,6,4,0,10,0,0,0,0,0,1680,1760,1680,1760,4128,2208,7774,3787,345,0,0,0,100,47,73,72,77,47,47,43,0,0,90,0,0,0,0,0,0,12668,678,479,0,408,71,138,138,100,1,1,0,0,0,0,0,0,0,0,0,0,0,0,0,0,0,0,0,0,0,100,0,0,0,0,0,0,0,0,0,0,0,0,0,0,0,0,0,0,0,345,100
560046,3392,495,94,43,9999,0,0,1414,0,0,0,4200,5938,0,0,63,2,2,3,1382,492,2000,1,0,4,72,72,46928,16391,270,924,299,54,1029,0,0,0,0,6,4,0,10,0,0,0,0,0,1680,1760,1680,1760,4128,2208,7762,3842,346,0,0,0,100,43,72,71,75,42,43,41,0,0,90,0,0,0,0,0,0,12668,678,479,0,408,71,138,138,100,0,0,0,0,0,0,0,0,0,0,0,0,0,65,11,41,50,24,0,0,0,100,0,0,0,0,0,0,0,0,0,0,0,0,0,0,0,0,0,0,0,346,100
561046,3392,495,94,42,9999,0,0,1428,0,0,0,4200,5997,0,0,63,2,2,3,1382,492,2000,1,0,4,73,72,46371,16346,283,898,272,54,1034,0,0,0,0,6,4,0,10,0,0,0,0,0,1680,1760,1680,1760,4128,2208,7772,3798,346,0,0,0,100,40,70,71,76,40,38,39,0,0,90,0,0,0,0,0,0,12668,678,479,0,408,71,138,138,100,0,0,0,0,0,0,0,0,0,0,0,0,0,0,0,0,0,0,0,0,0,100,0,0,0,0,0,0,0,0,0,0,0,0,0,0,0,0,0,0,0,346,100
562047,3392,495,94,42,9999,0,0,1345,0,0,0,4200,5649,0,0,63,2,2,3,1382,492,2000,1,0,4,73,72,46545,16527,256,944,352,58,993,0,0,0,0,6,4,0,10,0,0,0,0,0,1680,1760,1680,1760,4128,2208,7831,3787,345,0,0,0,100,48,73,71,76,48,45,46,0,0,90,0,0,0,0,0,0,12668,678,479,0,408,71,138,138,100,0,0,0,0,0,0,0,0,0,0,0,0,0,0,0,0,0,0,0,0,0,100,0,0,0,0,0,0,0,0,0,0,0,0,0,0,0,0,0,0,0,345,100
563046,3392,495,94,42,9999,0,0,1455,0,0,0,4200,6111,0,0,63,2,2,3,1382,492,2000,1,0,4,73,72,46806,16532,284,957,355,59,1012,1,0,1,0,6,4,0,10,0,0,0,0,0,1680,1760,1680,1760,4128,2208,7763,3790,345,0,0,0,100,42,73,72,75,42,42,41,0,0,89,0,0,0,0,0,0,12668,678,479,0,408,71,138,138,100,1,1,0,0,0,0,0,0,0,0,0,0,0,76,22,999,50,0,0,0,0,100,0,0,0,0,0,0,0,0,0,0,0,0,0,0,0,0,0,0,0,345,100
564052,3392,495,94,42,9999,0,0,1257,0,0,0,4200,5279,0,0,63,2,2,3,1382,492,2000,1,0,4,71,72,46761,16470,278,1073,279,55,1043,0,0,0,0,6,4,0,10,0,0,0,0,0,1680,1760,1680,1760,4128,2208,7684,3792,345,0,0,0,100,41,74,74,80,39,41,39,0,0,90,0,0,0,0,0,0,12668,678,479,0,408,71,138,138,100,0,0,0,0,0,0,0,0,0,0,0,0,0,0,0,0,0,0,0,0,0,100,0,0,0,0,0,0,0,0,0,0,0,0,0,0,0,0,0,0,0,345,100
565047,3392,495,94,42,9999,0,0,1582,0,0,0,4200,6644,0,0,63,2,2,3,1382,492,2000,1,0,4,73,72,46676,16441,291,1020,281,78,1013,0,0,0,0,6,4,0,10,0,0,0,0,0,1680,1760,1680,1760,4128,2208,8048,3684,350,0,0,0,100,45,72,71,78,45,44,45,0,0,90,0,0,0,0,0,0,12668,678,479,0,408,71,138,138,100,0,0,0,0,0,0,0,0,0,0,0,0,0,81,1,122,48,11,0,0,0,100,0,0,0,0,0,0,0,0,0,0,0,0,0,0,0,0,0,0,0,350,100
566047,3392,495,94,42,9999,0,0,1274,0,0,0,4200,5350,0,0,63,2,2,3,1382,492,2000,1,0,4,72,72,46925,16425,316,972,294,57,1065,0,0,0,0,6,4,0,10,0,0,0,0,0,1680,1760,1680,1760,4128,2208,7684,3846,346,0,0,0,100,44,71,72,75,44,42,38,0,0,90,0,0,0,0,0,0,12668,678,479,0,408,71,138,138,100,0,0,0,0,0,0,0,0,0,0,0,0,0,0,0,0,0,0,0,0,0,100,0,0,0,0,0,0,0,0,0,0,0,0,0,0,0,0,0,0,0,346,100