Time Stamp,available_memory_MB,app_pss_MB,battery_level_percentage,battery_temperature_celcius,battery_current_now_milliamps,power_count_neg,power_count_pos,power_current,power_current_neg,power_current_pos,power_level_state,power_voltage,power_wattage,power_wattage_neg,power_wattage_pos,iad_millimeter,shader_hitches,cpu_level,gpu_level,cpu_frequency_MHz,gpu_frequency_MHz,mem_frequency_MHz,minimum_vsyncs,extra_latency_mode,phase_sync_mode,average_frame_rate,display_refresh_rate,average_prediction_microseconds,icfl_mean_microseconds,icfl_stdev_microseconds,slice_headroom_mean_microseconds,slice_headroom_stdev_microseconds,slice_gpu_start_delay_min_microseconds,slice_gpu_start_delay_max_microseconds,screen_tear_count,early_frame_count,stale_frame_count,direct_render_frame_count,total_layer_count,merged_layer_count,maximum_rotational_speed_degrees_per_second,eye_texture_scale_factor,foveation_mode,foveation_level,dynamic_foveation_enabled,eye_tracked_foveation_latency_milliseconds,symmetric_fov,eye_buffer_width,eye_buffer_height,swap_chain_width,swap_chain_height,front_buffer_width,front_buffer_height,app_gpu_time_microseconds,timewarp_gpu_time_microseconds,guardian_gpu_time_microseconds,local_dimming_enabled,cabc_enabled,temporal_dimming_enabled,temporal_dimming_gain,cpu_utilization_percentage,cpu_utilization_percentage_core0,cpu_utilization_percentage_core1,cpu_utilization_percentage_core2,cpu_utilization_percentage_core3,cpu_utilization_percentage_core4,cpu_utilization_percentage_core5,cpu_utilization_percentage_core6,cpu_utilization_percentage_core7,gpu_utilization_percentage,spacewarp_motion_vector_type,spacewarped_frames_per_second,extrapolation_factor_mean,extrapolation_factor_rms,data_extrapolation_factor_mean,data_extrapolation_factor_rms,app_vss_MB,app_rss_MB,app_uss_MB,app_dalvik_pss_MB,app_private_dirty_MB,app_private_clean_MB,app_gpu_physical_MB,app_gpu_virtual_MB,app_gpu_allocated_percentage,stale_frames_consecutive,max_repeated_frames,skipped_frames,face_tracking_overall_latency_milliseconds,face_tracking_processing_latency_milliseconds,face_tracking_frame_to_frame_latency_milliseconds,face_tracking_frames_dropped,face_tracking_frames_per_second,eye_tracking_overall_latency_milliseconds,eye_tracking_processing_latency_milliseconds,eye_tracking_frame_to_frame_latency_milliseconds,eye_tracking_frames_dropped,eye_tracking_frames_per_second,hand_tracking_overall_latency_milliseconds,hand_tracking_processing_latency_milliseconds,hand_tracking_frame_to_frame_latency_milliseconds,hand_tracking_frames_dropped,hand_tracking_frames_per_second,dynres_recommendation_percentage,dynres_recommendation_width,dynres_recommendation_height,app_frame_throttle,avg_vertices_per_frame,avg_fill_percentage,avg_inst_per_frag,avg_inst_per_vert,avg_frag_inst_per_pixel,avg_vert_inst_per_pixel,avg_textures_per_frag,percent_time_shading_frags,percent_time_shading_verts,percent_time_compute,percent_vertex_fetch_stall,percent_texture_fetch_stall,percent_texture_l1_miss,percent_texture_l2_miss,percent_texture_nearest_filtered,percent_texture_linear_filtered,percent_texture_anisotropic_filtered,vrshell_average_frame_rate,vrshell_gpu_time_microseconds,vrshell_and_guardian_gpu_time_microseconds,render_scale
1000,2445,893,89,45,9999,0,0,945,0,0,0,4144,3916,0,0,63,2,3,3,2361,545,2000,1,0,4,69,72,53126,15539,337,2124,438,65,1794,0,47,7,0,2,0,0,10,0,0,0,0,0,1680,1760,1680,1760,4128,2208,8477,990,0,0,0,0,100,36,63,62,61,35,36,33,0,0,66,0,0,0,0,0,0,13384,1053,877,0,816,61,227,227,100,5,1,0,0,0,0,0,0,0,0,0,0,0,0,0,0,0,0,0,0,0,100,0,0,0,0,0,0,0,0,0,0,0,0,0,0,0,0,0,0,0,0,100
1999,2445,893,89,45,9999,0,0,801,0,0,0,4144,3319,0,0,63,2,2,4,2361,545,2000,1,0,4,71,72,42535,15029,310,1648,460,66,1389,0,2,6,0,2,0,0,10,0,0,0,0,0,1680,1760,1680,1760,4128,2208,7751,909,0,0,0,0,100,33,61,58,56,33,24,26,0,0,66,0,0,0,0,0,0,13384,1053,877,0,816,61,227,227,100,5,1,0,0,0,0,0,0,0,0,0,0,0,0,0,0,0,0,0,0,0,100,0,0,0,0,0,0,0,0,0,0,0,0,0,0,0,0,0,0,0,0,100
3000,2445,893,89,45,9999,0,0,565,0,0,0,4144,2341,0,0,63,2,2,3,2361,545,2000,1,0,4,72,72,45230,14929,331,1475,265,69,791,0,17,3,0,2,0,0,10,0,0,0,0,0,1680,1760,1680,1760,4128,2208,7403,986,0,0,0,0,100,35,64,64,66,35,32,31,0,0,66,0,0,0,0,0,0,13384,1053,877,0,816,61,227,227,100,2,1,0,0,0,0,0,0,0,0,0,0,0,0,0,0,0,0,0,0,0,100,0,0,0,0,0,0,0,0,0,0,0,0,0,0,0,0,0,0,0,0,100
4000,2445,893,89,45,9999,0,0,485,0,0,0,4144,2009,0,0,63,2,2,2,2361,545,2000,1,0,4,72,72,43717,14828,339,1145,287,69,1296,0,1,5,0,2,0,0,10,0,0,0,0,0,1680,1760,1680,1760,4128,2208,7985,1037,0,0,0,0,100,30,47,49,48,30,30,28,0,0,66,0,0,0,0,0,0,13384,1053,877,0,816,61,227,227,100,4,1,0,0,0,0,0,0,0,0,0,0,0,0,0,0,0,0,0,0,0,100,0,0,0,0,0,0,0,0,0,0,0,0,0,0,0,0,0,0,0,0,100
5000,2445,893,89,45,9999,0,0,675,0,0,0,4189,2827,0,0,63,2,2,2,2361,545,2000,1,0,4,73,72,42101,14954,464,1261,298,71,1022,0,0,3,0,2,0,0,10,0,0,0,0,0,1680,1760,1680,1760,4128,2208,8552,1007,0,0,0,0,100,30,48,46,46,30,30,27,0,0,69,0,0,0,0,0,0,13384,1053,877,0,816,61,227,227,100,2,1,0,0,0,0,0,0,0,0,0,0,0,0,0,0,0,0,0,0,0,100,0,0,0,0,0,0,0,0,0,0,0,0,0,0,0,0,0,0,0,0,100
6000,2445,893,89,45,9999,0,0,543,0,0,0,4189,2274,0,0,63,2,2,2,2361,545,2000,1,0,4,70,72,51659,15109,342,1413,411,66,1450,0,35,10,0,2,0,0,10,0,0,0,0,0,1680,1760,1680,1760,4128,2208,8783,1016,0,0,0,0,100,31,50,49,48,29,31,28,0,0,72,0,0,0,0,0,0,13384,1053,877,0,816,61,227,227,100,5,1,0,0,0,0,0,0,0,0,0,0,0,0,0,0,0,0,0,0,0,100,0,0,0,0,0,0,0,0,0,0,0,0,0,0,0,0,0,0,0,0,100
7000,2445,893,89,45,9999,0,0,765,0,0,0,4189,3204,0,0,63,2,2,4,2361,545,2000,1,0,4,72,72,46415,15139,429,1457,556,68,2135,1,17,6,0,2,0,0,10,0,0,0,0,0,1680,1760,1680,1760,4128,2208,7910,902,0,0,0,0,100,31,45,45,42,31,31,28,0,0,66,0,0,0,0,0,0,13384,1053,877,0,816,61,227,227,100,5,1,0,0,0,0,0,0,0,0,0,0,0,0,0,0,0,0,0,0,0,100,0,0,0,0,0,0,0,0,0,0,0,0,0,0,0,0,0,0,0,0,100
8001,2445,893,89,45,9999,0,0,451,0,0,0,4189,1889,0,0,63,2,2,3,2361,545,2000,1,0,4,71,72,46106,15357,333,2084,304,66,1246,0,23,2,0,2,0,0,10,0,0,0,0,0,1680,1760,1680,1760,4128,2208,7213,960,0,0,0,0,100,30,47,47,50,30,27,26,0,0,65,0,0,0,0,0,0,13384,1053,877,0,816,61,227,227,100,1,1,0,0,0,0,0,0,0,0,0,0,0,0,0,0,0,0,0,0,0,100,0,0,0,0,0,0,0,0,0,0,0,0,0,0,0,0,0,0,0,0,100
9000,2445,893,89,45,9999,0,0,364,0,0,0,4205,1530,0,0,63,2,2,2,2361,545,2000,1,0,4,71,72,43256,14914,313,1427,340,68,1534,0,1,5,0,2,0,0,10,0,0,0,0,0,1680,1760,1680,1760,4128,2208,5684,1012,0,0,0,0,100,33,51,47,46,30,31,33,0,0,55,0,0,0,0,0,0,13384,1053,877,0,816,61,227,227,100,4,1,0,0,0,0,0,0,0,0,0,0,0,0,0,0,0,0,0,0,0,100,0,0,0,0,0,0,0,0,0,0,0,0,0,0,0,0,0,0,0,0,100
10000,2445,893,89,45,9999,0,0,758,0,0,0,4205,3187,0,0,63,2,2,2,2361,545,2000,1,0,4,72,72,39181,14938,346,1534,209,67,999,0,0,3,0,2,0,0,10,0,0,0,0,0,1680,1760,1680,1760,4128,2208,9579,974,0,0,0,0,100,30,48,45,47,30,28,26,0,0,65,0,0,0,0,0,0,13384,1053,877,0,816,61,227,227,100,2,1,0,0,0,0,0,0,0,0,0,0,0,0,0,0,0,0,0,0,0,100,0,0,0,0,0,0,0,0,0,0,0,0,0,0,0,0,0,0,0,0,100
11000,2445,893,89,45,9999,0,0,587,0,0,0,4205,2468,0,0,63,2,2,3,1382,492,2000,1,0,4,70,72,53355,15107,574,1455,534,67,1962,1,45,12,0,2,0,0,10,0,0,0,0,0,1680,1760,1680,1760,4128,2208,8569,987,0,0,0,0,100,30,47,43,43,30,29,27,0,0,71,0,0,0,0,0,0,13384,1053,877,0,816,61,227,227,100,6,1,0,0,0,0,0,0,0,0,0,0,0,0,0,0,0,0,0,0,0,100,0,0,0,0,0,0,0,0,0,0,0,0,0,0,0,0,0,0,0,0,100
12000,2445,893,89,45,9999,0,0,869,0,0,0,4205,3654,0,0,63,2,2,2,1382,492,2000,1,0,4,71,72,45511,15009,306,1297,262,69,1319,0,1,5,0,2,0,0,10,0,0,0,0,0,1680,1760,1680,1760,4128,2208,8128,980,0,0,0,0,100,32,46,48,47,30,32,29,0,0,70,0,0,0,0,0,0,13384,1053,877,0,816,61,227,227,100,5,1,0,0,0,0,0,0,0,0,0,0,0,0,0,0,0,0,0,0,0,100,0,0,0,0,0,0,0,0,0,0,0,0,0,0,0,0,0,0,0,0,100
13001,2445,893,89,45,9999,0,0,826,0,0,0,4205,3473,0,0,63,2,2,3,1382,492,2000,1,0,4,72,72,43622,14780,297,1260,293,67,967,0,0,3,0,2,0,0,10,0,0,0,0,0,1680,1760,1680,1760,4128,2208,13017,958,0,0,0,0,100,30,53,51,52,30,28,28,0,0,71,0,0,0,0,0,0,13384,1053,877,0,816,61,227,227,100,2,1,0,0,0,0,0,0,0,0,0,0,0,0,0,0,0,0,0,0,0,100,0,0,0,0,0,0,0,0,0,0,0,0,0,0,0,0,0,0,0,0,100
14000,2445,893,89,45,9999,0,0,679,0,0,0,4205,2855,0,0,63,2,2,4,1382,492,2000,1,0,4,70,72,52445,15048,493,1517,598,67,1864,1,45,11,0,2,0,0,10,0,0,0,0,0,1680,1760,1680,1760,4128,2208,7633,889,0,0,0,0,100,33,54,50,53,33,33,30,0,0,71,0,0,0,0,0,0,13384,1053,877,0,816,61,227,227,100,6,1,0,0,0,0,0,0,0,0,0,0,0,0,0,0,0,0,0,0,0,100,0,0,0,0,0,0,0,0,0,0,0,0,0,0,0,0,0,0,0,0,100
15001,2445,893,89,45,9999,0,0,800,0,0,0,4205,3364,0,0,63,2,2,3,1382,492,2000,1,0,4,71,72,44146,15326,341,1751,295,73,1273,0,2,4,0,2,0,0,10,0,0,0,0,0,1680,1760,1680,1760,4128,2208,9276,897,0,0,0,0,100,32,48,47,47,32,29,30,0,0,71,0,0,0,0,0,0,13384,1053,877,0,816,61,227,227,100,4,1,0,0,0,0,0,0,0,0,0,0,0,0,0,0,0,0,0,0,0,100,0,0,0,0,0,0,0,0,0,0,0,0,0,0,0,0,0,0,0,0,100
16001,2445,893,89,45,9999,0,0,568,0,0,0,4205,2388,0,0,63,2,2,2,1382,492,2000,1,0,4,71,72,48755,15110,296,1497,425,67,1606,1,22,10,0,2,0,0,10,0,0,0,0,0,1680,1760,1680,1760,4128,2208,8490,959,0,0,0,0,100,29,48,44,45,29,29,27,0,0,71,0,0,0,0,0,0,13384,1053,877,0,816,61,227,227,100,5,1,0,0,0,0,0,0,0,0,0,0,0,0,0,0,0,0,0,0,0,100,0,0,0,0,0,0,0,0,0,0,0,0,0,0,0,0,0,0,0,0,100
17001,2445,893,89,45,9999,0,0,447,0,0,0,4205,1879,0,0,63,2,2,3,1382,492,2000,1,0,4,71,72,44131,15186,341,1496,364,77,1990,0,2,6,0,2,0,0,10,0,0,0,0,0,1680,1760,1680,1760,4128,2208,7836,914,0,0,0,0,100,32,49,46,50,32,27,30,0,0,71,0,0,0,0,0,0,13384,1053,877,0,816,61,227,227,100,5,1,0,0,0,0,0,0,0,0,0,0,0,0,0,0,0,0,0,0,0,100,0,0,0,0,0,0,0,0,0,0,0,0,0,0,0,0,0,0,0,0,100
18001,2445,893,89,45,9999,0,0,461,0,0,0,4205,1938,0,0,63,2,2,2,1382,492,2000,1,0,4,72,72,48605,15393,328,1835,385,67,1449,0,21,3,0,2,0,0,10,0,0,0,0,0,1680,1760,1680,1760,4128,2208,10314,969,0,0,0,0,100,33,49,47,44,28,33,29,0,0,74,0,0,0,0,0,0,13384,1053,877,0,816,61,227,227,100,2,1,0,0,0,0,0,0,0,0,0,0,0,0,0,0,0,0,0,0,0,100,0,0,0,0,0,0,0,0,0,0,0,0,0,0,0,0,0,0,0,0,100
19027,2674,979,89,45,9999,0,0,583,0,0,0,4211,2455,0,0,63,2,2,3,1382,492,2000,1,0,4,72,72,47875,15138,335,1527,342,67,1580,0,24,6,0,2,0,0,10,0,0,0,0,0,1680,1760,1680,1760,4128,2208,7935,912,0,0,0,0,100,34,48,48,47,32,32,34,0,0,69,0,0,0,0,0,0,13641,1140,962,0,901,61,253,253,100,5,1,0,0,0,0,0,0,0,0,0,0,0,0,0,0,0,0,0,0,0,100,0,0,0,0,0,0,0,0,0,0,0,0,0,0,0,0,0,0,0,0,100
20001,2674,979,89,45,9999,0,0,633,0,0,0,4211,2665,0,0,63,2,2,4,1382,492,2000,1,0,4,71,72,42785,15197,336,1528,397,67,1064,0,0,3,0,2,0,0,10,0,0,0,0,0,1680,1760,1680,1760,4128,2208,8284,895,0,0,0,0,100,44,47,45,48,39,36,44,0,0,73,0,0,0,0,0,0,13641,1140,962,0,901,61,253,253,100,2,1,0,0,0,0,0,0,0,0,0,0,0,0,0,0,0,0,0,0,0,100,0,0,0,0,0,0,0,0,0,0,0,0,0,0,0,0,0,0,0,0,100
21001,2674,979,89,45,9999,0,0,500,0,0,0,4211,2105,0,0,63,2,2,3,1382,545,2000,1,0,4,71,72,52893,15564,464,2026,700,67,2284,1,47,9,0,2,0,0,10,0,0,0,0,0,1680,1760,1680,1760,4128,2208,8005,846,0,0,0,0,100,32,49,45,48,32,30,32,0,0,69,0,0,0,0,0,0,13641,1140,962,0,901,61,253,253,100,5,1,0,0,0,0,0,0,0,0,0,0,0,0,0,0,0,0,0,0,0,100,0,0,0,0,0,0,0,0,0,0,0,0,0,0,0,0,0,0,0,0,100
22001,2674,979,89,45,9999,0,0,637,0,0,0,4211,2682,0,0,63,2,2,4,1382,545,2000,1,0,4,72,72,43256,15198,314,1750,342,67,1200,0,2,6,0,2,0,0,10,0,0,0,0,0,1680,1760,1680,1760,4128,2208,8169,888,0,0,0,0,100,29,46,46,47,29,28,27,0,0,69,0,0,0,0,0,0,13641,1140,962,0,901,61,253,253,100,5,1,0,0,0,0,0,0,0,0,0,0,0,0,0,0,0,0,0,0,0,100,0,0,0,0,0,0,0,0,0,0,0,0,0,0,0,0,0,0,0,0,100
23001,2674,979,89,45,9999,0,0,680,0,0,0,4211,2863,0,0,63,2,2,3,1382,545,2000,1,0,4,72,72,47156,14991,281,1547,429,66,1443,0,21,3,0,2,0,0,10,0,0,0,0,0,1680,1760,1680,1760,4128,2208,9316,923,0,0,0,0,100,29,54,51,52,29,27,28,0,0,70,0,0,0,0,0,0,13641,1140,962,0,901,61,253,253,100,2,1,0,0,0,0,0,0,0,0,0,0,0,0,0,0,0,0,0,0,0,100,0,0,0,0,0,0,0,0,0,0,0,0,0,0,0,0,0,0,0,0,100
24002,2674,979,89,45,9999,0,0,566,0,0,0,4211,2383,0,0,63,2,2,4,1382,545,2000,1,0,4,71,72,44949,14878,302,1265,381,66,1280,0,2,6,0,2,0,0,10,0,0,0,0,0,1680,1760,1680,1760,4128,2208,9356,862,0,0,0,0,100,33,49,48,49,31,33,28,0,0,71,0,0,0,0,0,0,13641,1140,962,0,901,61,253,253,100,5,1,0,0,0,0,0,0,0,0,0,0,0,0,0,0,0,0,0,0,0,100,0,0,0,0,0,0,0,0,0,0,0,0,0,0,0,0,0,0,0,0,100
25001,2674,979,89,45,9999,0,0,576,0,0,0,4211,2425,0,0,63,2,2,4,1382,545,2000,1,0,4,72,72,43111,14834,646,1191,321,70,1431,0,0,3,0,2,0,0,10,0,0,0,0,0,1680,1760,1680,1760,4128,2208,9036,870,0,0,0,0,100,29,50,46,49,28,29,29,0,0,73,0,0,0,0,0,0,13641,1140,962,0,901,61,253,253,100,2,1,0,0,0,0,0,0,0,0,0,0,0,0,0,0,0,0,0,0,0,100,0,0,0,0,0,0,0,0,0,0,0,0,0,0,0,0,0,0,0,0,100
26001,2674,979,89,45,9999,0,0,609,0,0,0,4211,2564,0,0,63,2,2,3,1382,545,2000,1,0,4,71,72,44269,15036,396,1285,408,71,1684,1,0,6,0,2,0,0,10,0,0,0,0,0,1680,1760,1680,1760,4128,2208,8042,944,0,0,0,0,100,30,50,47,48,30,28,24,0,0,69,0,0,0,0,0,0,13641,1140,962,0,901,61,253,253,100,4,1,0,0,0,0,0,0,0,0,0,0,0,0,0,0,0,0,0,0,0,100,0,0,0,0,0,0,0,0,0,0,0,0,0,0,0,0,0,0,0,0,100
27002,2674,979,89,45,9999,0,0,666,0,0,0,4211,2804,0,0,63,2,2,3,1382,545,2000,1,0,4,72,72,42275,15101,353,1434,358,72,1548,0,0,6,0,2,0,0,10,0,0,0,0,0,1680,1760,1680,1760,4128,2208,6321,931,0,0,0,0,100,34,52,48,52,34,32,29,0,0,65,0,0,0,0,0,0,13641,1140,962,0,901,61,253,253,100,2,1,0,0,0,0,0,0,0,0,0,0,0,0,0,0,0,0,0,0,0,100,0,0,0,0,0,0,0,0,0,0,0,0,0,0,0,0,0,0,0,0,100
28001,2674,979,89,45,9999,0,0,381,0,0,0,4211,1604,0,0,63,2,2,2,1382,545,2000,1,0,4,71,72,50921,15263,349,1705,296,68,1485,0,46,6,0,2,0,0,10,0,0,0,0,0,1680,1760,1680,1760,4128,2208,6962,964,0,0,0,0,100,30,49,46,51,30,30,28,0,0,62,0,0,0,0,0,0,13641,1140,962,0,901,61,253,253,100,5,1,0,0,0,0,0,0,0,0,0,0,0,0,0,0,0,0,0,0,0,100,0,0,0,0,0,0,0,0,0,0,0,0,0,0,0,0,0,0,0,0,100
29002,2674,979,89,45,9999,0,0,529,0,0,0,4202,2222,0,0,63,2,2,2,1382,545,2000,1,0,4,72,72,42473,15055,312,1639,453,67,2108,1,2,5,0,2,0,0,10,0,0,0,0,0,1680,1760,1680,1760,4128,2208,7864,948,0,0,0,0,100,32,51,47,53,31,32,29,0,0,63,0,0,0,0,0,0,13641,1140,962,0,901,61,253,253,100,4,1,0,0,0,0,0,0,0,0,0,0,0,0,0,0,0,0,0,0,0,100,0,0,0,0,0,0,0,0,0,0,0,0,0,0,0,0,0,0,0,0,100
30002,2674,979,89,45,9999,0,0,517,0,0,0,4202,2172,0,0,63,2,2,2,1382,545,2000,1,0,4,72,72,41276,15052,313,1834,520,67,775,0,0,2,0,2,0,0,10,0,0,0,0,0,1680,1760,1680,1760,4128,2208,8807,948,0,0,0,0,100,34,51,47,48,32,34,30,0,0,64,0,0,0,0,0,0,13641,1140,962,0,901,61,253,253,100,1,1,0,0,0,0,0,0,0,0,0,0,0,0,0,0,0,0,0,0,0,100,0,0,0,0,0,0,0,0,0,0,0,0,0,0,0,0,0,0,0,0,100
31002,2674,979,89,45,9999,0,0,434,0,0,0,4202,1823,0,0,63,2,2,2,1382,456,2000,1,0,4,72,72,46609,14872,332,1403,393,67,1243,0,24,5,0,2,0,0,10,0,0,0,0,0,1680,1760,1680,1760,4128,2208,7437,980,0,0,0,0,100,28,49,46,47,28,28,27,0,0,64,0,0,0,0,0,0,13641,1140,962,0,901,61,253,253,100,5,1,0,0,0,0,0,0,0,0,0,0,0,0,0,0,0,0,0,0,0,100,0,0,0,0,0,0,0,0,0,0,0,0,0,0,0,0,0,0,0,0,100
32002,2674,979,89,45,9999,0,0,451,0,0,0,4202,1895,0,0,63,2,2,2,1382,456,2000,1,0,4,73,72,41534,14868,346,1262,277,69,1037,0,0,4,0,2,0,0,10,0,0,0,0,0,1680,1760,1680,1760,4128,2208,7650,959,0,0,0,0,100,34,48,47,49,30,34,31,0,0,66,0,0,0,0,0,0,13641,1140,962,0,901,61,253,253,100,1,1,0,0,0,0,0,0,0,0,0,0,0,0,0,0,0,0,0,0,0,100,0,0,0,0,0,0,0,0,0,0,0,0,0,0,0,0,0,0,0,0,100
33002,2674,979,89,45,9999,0,0,640,0,0,0,4202,2689,0,0,63,2,2,2,1382,456,2000,1,0,4,71,72,44538,14926,330,1161,284,70,1161,0,1,6,0,2,0,0,10,0,0,0,0,0,1680,1760,1680,1760,4128,2208,8181,969,0,0,0,0,100,31,52,49,51,31,31,29,0,0,66,0,0,0,0,0,0,13641,1140,962,0,901,61,253,253,100,4,1,0,0,0,0,0,0,0,0,0,0,0,0,0,0,0,0,0,0,0,100,0,0,0,0,0,0,0,0,0,0,0,0,0,0,0,0,0,0,0,0,100
34002,2674,979,89,45,9999,0,0,674,0,0,0,4202,2832,0,0,63,2,2,2,1382,456,2000,1,0,4,73,72,48039,14744,309,1240,302,67,1169,0,33,5,0,2,0,0,10,0,0,0,0,0,1680,1760,1680,1760,4128,2208,8647,962,0,0,0,0,100,31,49,45,50,31,29,28,0,0,68,0,0,0,0,0,0,13641,1140,962,0,901,61,253,253,100,5,1,0,0,0,0,0,0,0,0,0,0,0,0,0,0,0,0,0,0,0,100,0,0,0,0,0,0,0,0,0,0,0,0,0,0,0,0,0,0,0,0,100
35002,2674,979,89,45,9999,0,0,310,0,0,0,4202,1302,0,0,63,2,2,2,1382,456,2000,1,0,4,71,72,43535,14711,277,1183,383,67,1457,0,12,3,0,2,0,0,10,0,0,0,0,0,1680,1760,1680,1760,4128,2208,8816,961,0,0,0,0,100,32,49,47,46,31,32,28,0,0,66,0,0,0,0,0,0,13641,1140,962,0,901,61,253,253,100,2,1,0,0,0,0,0,0,0,0,0,0,0,0,0,0,0,0,0,0,0,100,0,0,0,0,0,0,0,0,0,0,0,0,0,0,0,0,0,0,0,0,100
36002,2674,979,89,45,9999,0,0,663,0,0,0,4202,2785,0,0,63,2,2,2,1382,456,2000,1,0,4,71,72,42747,14765,262,1273,418,67,1468,0,1,5,0,2,0,0,10,0,0,0,0,0,1680,1760,1680,1760,4128,2208,7706,958,0,0,0,0,100,33,45,44,45,30,33,29,0,0,66,0,0,0,0,0,0,13641,1140,962,0,901,61,253,253,100,4,1,0,0,0,0,0,0,0,0,0,0,0,0,0,0,0,0,0,0,0,100,0,0,0,0,0,0,0,0,0,0,0,0,0,0,0,0,0,0,0,0,100
37002,2674,979,89,45,9999,0,0,435,0,0,0,4202,1827,0,0,63,2,2,2,1382,456,2000,1,0,4,73,72,41049,14859,296,1473,448,67,1750,1,0,4,0,2,0,0,10,0,0,0,0,0,1680,1760,1680,1760,4128,2208,7956,951,0,0,0,0,100,31,47,45,45,30,29,31,0,0,66,0,0,0,0,0,0,13641,1140,962,0,901,61,253,253,100,1,1,0,0,0,0,0,0,0,0,0,0,0,0,0,0,0,0,0,0,0,100,0,0,0,0,0,0,0,0,0,0,0,0,0,0,0,0,0,0,0,0,100
38002,2674,979,89,45,9999,0,0,704,0,0,0,4202,2958,0,0,63,2,2,2,1382,456,2000,1,0,4,71,72,45506,15610,605,1704,755,70,2435,1,2,7,0,2,0,0,10,0,0,0,0,0,1680,1760,1680,1760,4128,2208,8375,962,0,0,0,0,100,30,46,45,47,29,30,27,0,0,66,0,0,0,0,0,0,13641,1140,962,0,901,61,253,253,100,4,1,0,0,0,0,0,0,0,0,0,0,0,0,0,0,0,0,0,0,0,100,0,0,0,0,0,0,0,0,0,0,0,0,0,0,0,0,0,0,0,0,100
39028,2672,980,89,45,9999,0,0,713,0,0,0,4191,2988,0,0,63,2,2,2,1382,456,2000,1,0,4,72,72,48868,15571,307,1816,456,67,1743,0,30,6,0,2,0,0,10,0,0,0,0,0,1680,1760,1680,1760,4128,2208,7634,945,0,0,0,0,100,31,47,47,46,31,28,27,0,0,67,0,0,0,0,0,0,13641,1142,962,0,884,78,253,253,100,5,1,0,0,0,0,0,0,0,0,0,0,0,0,0,0,0,0,0,0,0,100,0,0,0,0,0,0,0,0,0,0,0,0,0,0,0,0,0,0,0,0,100
40003,2672,980,89,45,9999,0,0,462,0,0,0,4191,1936,0,0,63,2,2,2,1382,456,2000,1,0,4,71,72,45207,15450,320,1681,396,68,1282,0,14,4,0,2,0,0,10,0,0,0,0,0,1680,1760,1680,1760,4128,2208,9096,961,0,0,0,0,100,32,48,48,43,30,32,29,0,0,66,0,0,0,0,0,0,13641,1142,962,0,884,78,253,253,100,4,1,0,0,0,0,0,0,0,0,0,0,0,0,0,0,0,0,0,0,0,100,0,0,0,0,0,0,0,0,0,0,0,0,0,0,0,0,0,0,0,0,100
41003,2672,980,89,45,9999,0,0,417,0,0,0,4191,1747,0,0,63,2,2,2,1382,456,2000,1,0,4,72,72,44393,15361,453,1579,491,69,2175,1,3,5,0,2,0,0,10,0,0,0,0,0,1680,1760,1680,1760,4128,2208,7867,949,0,0,0,0,100,31,48,49,45,29,29,31,0,0,65,0,0,0,0,0,0,13641,1142,962,0,884,78,253,253,100,4,1,0,0,0,0,0,0,0,0,0,0,0,0,0,0,0,0,0,0,0,100,0,0,0,0,0,0,0,0,0,0,0,0,0,0,0,0,0,0,0,0,100
42003,2672,980,89,45,9999,0,0,433,0,0,0,4191,1814,0,0,63,2,2,2,1382,456,2000,1,0,4,73,72,41909,15417,340,1687,493,69,1164,0,0,3,0,2,0,0,10,0,0,0,0,0,1680,1760,1680,1760,4128,2208,6540,955,0,0,0,0,100,32,55,53,51,32,32,29,0,0,63,0,0,0,0,0,0,13641,1142,962,0,884,78,253,253,100,2,1,0,0,0,0,0,0,0,0,0,0,0,0,0,0,0,0,0,0,0,100,0,0,0,0,0,0,0,0,0,0,0,0,0,0,0,0,0,0,0,0,100
43003,2672,980,89,45,9999,0,0,296,0,0,0,4191,1240,0,0,63,2,2,2,1382,456,2000,1,0,4,71,72,49451,15170,329,1526,332,67,1501,1,36,8,0,2,0,0,10,0,0,0,0,0,1680,1760,1680,1760,4128,2208,6283,953,0,0,0,0,100,32,47,51,47,32,31,31,0,0,57,0,0,0,0,0,0,13641,1142,962,0,884,78,253,253,100,5,1,0,0,0,0,0,0,0,0,0,0,0,0,0,0,0,0,0,0,0,100,0,0,0,0,0,0,0,0,0,0,0,0,0,0,0,0,0,0,0,0,100
44005,2672,980,89,45,9999,0,0,471,0,0,0,4191,1973,0,0,63,2,2,2,1382,456,2000,1,0,4,72,72,41434,15133,377,1594,424,67,2374,1,2,5,0,2,0,0,10,0,0,0,0,0,1680,1760,1680,1760,4128,2208,7273,952,0,0,0,0,100,32,41,47,43,32,31,28,0,0,58,0,0,0,0,0,0,13641,1142,962,0,884,78,253,253,100,4,1,0,0,0,0,0,0,0,0,0,0,0,0,0,0,0,0,0,0,0,100,0,0,0,0,0,0,0,0,0,0,0,0,0,0,0,0,0,0,0,0,100
45003,2672,980,89,45,9999,0,0,671,0,0,0,4191,2812,0,0,63,2,2,2,1382,456,2000,1,0,4,72,72,42032,15578,560,2084,362,66,959,0,0,3,0,2,0,0,10,0,0,0,0,0,1680,1760,1680,1760,4128,2208,7669,952,0,0,0,0,100,32,44,48,44,32,32,27,0,0,60,0,0,0,0,0,0,13641,1142,962,0,884,78,253,253,100,2,1,0,0,0,0,0,0,0,0,0,0,0,0,0,0,0,0,0,0,0,100,0,0,0,0,0,0,0,0,0,0,0,0,0,0,0,0,0,0,0,0,100
46003,2672,980,89,45,9999,0,0,118,0,0,0,4191,494,0,0,63,2,2,2,1382,456,2000,1,0,4,72,72,46757,15175,364,1697,403,67,1668,0,24,5,0,2,0,0,10,0,0,0,0,0,1680,1760,1680,1760,4128,2208,7426,970,0,0,0,0,100,29,42,48,42,29,28,29,0,0,61,0,0,0,0,0,0,13641,1142,962,0,884,78,253,253,100,5,1,0,0,0,0,0,0,0,0,0,0,0,0,0,0,0,0,0,0,0,100,0,0,0,0,0,0,0,0,0,0,0,0,0,0,0,0,0,0,0,0,100
47003,2672,980,89,45,9999,0,0,463,0,0,0,4191,1940,0,0,63,2,2,2,1382,456,2000,1,0,4,72,72,40813,15173,341,1667,276,68,1181,0,0,2,0,2,0,0,10,0,0,0,0,0,1680,1760,1680,1760,4128,2208,7730,951,0,0,0,0,100,31,44,46,46,29,31,30,0,0,64,0,0,0,0,0,0,13641,1142,962,0,884,78,253,253,100,1,1,0,0,0,0,0,0,0,0,0,0,0,0,0,0,0,0,0,0,0,100,0,0,0,0,0,0,0,0,0,0,0,0,0,0,0,0,0,0,0,0,100
48003,2672,980,89,45,9999,0,0,470,0,0,0,4191,1969,0,0,63,2,2,2,1382,456,2000,1,0,4,72,72,48259,15330,310,1467,520,67,1807,0,23,8,0,2,0,0,10,0,0,0,0,0,1680,1760,1680,1760,4128,2208,6172,959,0,0,0,0,100,34,45,48,49,30,34,31,0,0,61,0,0,0,0,0,0,13641,1142,962,0,884,78,253,253,100,5,1,0,0,0,0,0,0,0,0,0,0,0,0,0,0,0,0,0,0,0,100,0,0,0,0,0,0,0,0,0,0,0,0,0,0,0,0,0,0,0,0,100
49005,2672,980,89,45,9999,0,0,422,0,0,0,4212,1777,0,0,63,2,2,2,1382,456,2000,1,0,4,72,72,41926,15148,317,1467,389,68,1646,0,1,5,0,2,0,0,10,0,0,0,0,0,1680,1760,1680,1760,4128,2208,6831,953,0,0,0,0,100,32,46,48,45,29,32,28,0,0,60,0,0,0,0,0,0,13641,1142,962,0,884,78,253,253,100,4,1,0,0,0,0,0,0,0,0,0,0,0,0,0,0,0,0,0,0,0,100,0,0,0,0,0,0,0,0,0,0,0,0,0,0,0,0,0,0,0,0,100
50003,2672,980,89,45,9999,0,0,413,0,0,0,4212,1739,0,0,63,2,2,2,1382,456,2000,1,0,4,72,72,41393,15280,300,1562,370,68,988,0,0,3,0,2,0,0,10,0,0,0,0,0,1680,1760,1680,1760,4128,2208,8779,961,0,0,0,0,100,34,47,49,47,34,30,30,0,0,60,0,0,0,0,0,0,13641,1142,962,0,884,78,253,253,100,2,1,0,0,0,0,0,0,0,0,0,0,0,0,0,0,0,0,0,0,0,100,0,0,0,0,0,0,0,0,0,0,0,0,0,0,0,0,0,0,0,0,100
51005,2672,980,89,45,9999,0,0,400,0,0,0,4212,1684,0,0,63,2,2,2,1382,456,2000,1,0,4,72,72,46915,15234,558,1522,400,58,1811,1,20,5,0,2,0,0,10,0,0,0,0,0,1680,1760,1680,1760,4128,2208,7495,939,0,0,0,0,100,33,44,49,47,30,33,29,0,0,62,0,0,0,0,0,0,13641,1142,962,0,884,78,253,253,100,5,1,0,0,0,0,0,0,0,0,0,0,0,0,0,0,0,0,0,0,0,100,0,0,0,0,0,0,0,0,0,0,0,0,0,0,0,0,0,0,0,0,100
52005,2672,980,89,45,9999,0,0,372,0,0,0,4212,1566,0,0,63,2,2,2,1382,456,2000,1,0,4,73,72,41333,15348,320,1659,417,69,766,0,0,2,0,2,0,0,10,0,0,0,0,0,1680,1760,1680,1760,4128,2208,7611,959,0,0,0,0,100,32,46,50,50,32,30,30,0,0,63,0,0,0,0,0,0,13641,1142,962,0,884,78,253,253,100,1,1,0,0,0,0,0,0,0,0,0,0,0,0,0,0,0,0,0,0,0,100,0,0,0,0,0,0,0,0,0,0,0,0,0,0,0,0,0,0,0,0,100
53004,2672,980,89,45,9999,0,0,355,0,0,0,4212,1495,0,0,63,2,2,2,1382,456,2000,1,0,4,71,72,44283,15613,541,1958,712,68,2576,1,1,7,0,2,0,0,10,0,0,0,0,0,1680,1760,1680,1760,4128,2208,6841,948,0,0,0,0,100,31,50,48,48,30,31,31,0,0,61,0,0,0,0,0,0,13641,1142,962,0,884,78,253,253,100,4,1,0,0,0,0,0,0,0,0,0,0,0,0,0,0,0,0,0,0,0,100,0,0,0,0,0,0,0,0,0,0,0,0,0,0,0,0,0,0,0,0,100
54005,2672,980,89,45,9999,0,0,395,0,0,0,4212,1663,0,0,63,2,2,2,1382,456,2000,1,0,4,73,72,41249,15101,354,1734,568,66,1444,0,0,4,0,2,0,0,10,0,0,0,0,0,1680,1760,1680,1760,4128,2208,6527,949,0,0,0,0,100,33,45,53,47,33,31,30,0,0,60,0,0,0,0,0,0,13641,1142,962,0,884,78,253,253,100,4,1,0,0,0,0,0,0,0,0,0,0,0,0,0,0,0,0,0,0,0,100,0,0,0,0,0,0,0,0,0,0,0,0,0,0,0,0,0,0,0,0,100
55004,2672,980,89,45,9999,0,0,508,0,0,0,4212,2139,0,0,63,2,2,2,1382,456,2000,1,0,4,72,72,41263,15059,302,1484,284,67,1061,0,0,3,0,2,0,0,10,0,0,0,0,0,1680,1760,1680,1760,4128,2208,8248,963,0,0,0,0,100,31,47,45,46,29,31,28,0,0,62,0,0,0,0,0,0,13641,1142,962,0,884,78,253,253,100,2,1,0,0,0,0,0,0,0,0,0,0,0,0,0,0,0,0,0,0,0,100,0,0,0,0,0,0,0,0,0,0,0,0,0,0,0,0,0,0,0,0,100
56005,2672,980,89,45,9999,0,0,709,0,0,0,4212,2986,0,0,63,2,2,2,1382,456,2000,1,0,4,73,72,42268,14937,350,1236,366,67,1585,1,0,4,0,2,0,0,10,0,0,0,0,0,1680,1760,1680,1760,4128,2208,8007,967,0,0,0,0,100,31,48,47,45,26,31,28,0,0,64,0,0,0,0,0,0,13641,1142,962,0,884,78,253,253,100,4,1,0,0,0,0,0,0,0,0,0,0,0,0,0,0,0,0,0,0,0,100,0,0,0,0,0,0,0,0,0,0,0,0,0,0,0,0,0,0,0,0,100
57005,2672,980,89,45,9999,0,0,527,0,0,0,4212,2219,0,0,63,2,2,2,1382,456,2000,1,0,4,73,72,41895,15095,320,1506,248,69,1419,0,0,3,0,2,0,0,10,0,0,0,0,0,1680,1760,1680,1760,4128,2208,7938,955,0,0,0,0,100,32,50,50,47,32,32,30,0,0,67,0,0,0,0,0,0,13641,1142,962,0,884,78,253,253,100,2,1,0,0,0,0,0,0,0,0,0,0,0,0,0,0,0,0,0,0,0,100,0,0,0,0,0,0,0,0,0,0,0,0,0,0,0,0,0,0,0,0,100
58005,2672,980,89,45,9999,0,0,318,0,0,0,4212,1339,0,0,63,2,2,2,1382,456,2000,1,0,4,72,72,47890,15019,344,1274,376,68,1650,2,26,8,0,2,0,0,10,0,0,0,0,0,1680,1760,1680,1760,4128,2208,6669,956,0,0,0,0,100,32,50,49,47,31,32,31,0,0,63,0,0,0,0,0,0,13641,1142,962,0,884,78,253,253,100,5,1,0,0,0,0,0,0,0,0,0,0,0,0,0,0,0,0,0,0,0,100,0,0,0,0,0,0,0,0,0,0,0,0,0,0,0,0,0,0,0,0,100
59033,2694,981,89,45,9999,0,0,702,0,0,0,4215,2958,0,0,63,2,2,2,1382,456,2000,1,0,4,73,72,44759,15124,273,1638,399,67,1672,0,4,5,0,2,0,0,10,0,0,0,0,0,1680,1760,1680,1760,4128,2208,7065,952,0,0,0,0,100,43,52,54,52,43,41,39,0,0,62,0,0,0,0,0,0,13641,1143,963,0,885,78,253,253,100,5,1,0,0,0,0,0,0,0,0,0,0,0,0,0,0,0,0,0,0,0,100,0,0,0,0,0,0,0,0,0,0,0,0,0,0,0,0,0,0,0,0,100
60006,2694,981,89,45,9999,0,0,523,0,0,0,4215,2204,0,0,63,2,2,2,1382,456,2000,1,0,4,71,72,43372,15360,361,1714,355,69,1681,1,18,2,0,2,0,0,10,0,0,0,0,0,1680,1760,1680,1760,4128,2208,9987,968,0,0,0,0,100,48,61,58,60,46,48,45,0,0,65,0,0,0,0,0,0,13641,1143,963,0,885,78,253,253,100,1,1,0,0,0,0,0,0,0,0,0,0,0,0,0,0,0,0,0,0,0,100,0,0,0,0,0,0,0,0,0,0,0,0,0,0,0,0,0,0,0,0,100
61005,2694,981,89,45,9999,0,0,342,0,0,0,4215,1441,0,0,63,2,2,3,1382,492,2000,1,0,4,71,72,51240,15195,313,1653,430,67,1780,1,40,6,0,2,0,0,10,0,0,0,0,0,1680,1760,1680,1760,4128,2208,9895,893,0,0,0,0,100,29,52,49,50,29,29,27,0,0,69,0,0,0,0,0,0,13641,1143,963,0,885,78,253,253,100,5,1,0,0,0,0,0,0,0,0,0,0,0,0,0,0,0,0,0,0,0,100,0,0,0,0,0,0,0,0,0,0,0,0,0,0,0,0,0,0,0,0,100
62005,2694,981,89,45,9999,0,0,712,0,0,0,4215,3001,0,0,63,2,2,2,1382,492,2000,1,0,4,72,72,43101,15170,311,1435,315,70,1411,0,0,3,0,2,0,0,10,0,0,0,0,0,1680,1760,1680,1760,4128,2208,8268,952,0,0,0,0,100,31,50,47,48,31,27,29,0,0,71,0,0,0,0,0,0,13641,1143,963,0,885,78,253,253,100,2,1,0,0,0,0,0,0,0,0,0,0,0,0,0,0,0,0,0,0,0,100,0,0,0,0,0,0,0,0,0,0,0,0,0,0,0,0,0,0,0,0,100
63005,2694,981,89,45,9999,0,0,780,0,0,0,4215,3287,0,0,63,2,2,2,1382,492,2000,1,0,4,72,72,48215,14998,307,1394,353,67,1486,0,28,7,0,2,0,0,10,0,0,0,0,0,1680,1760,1680,1760,4128,2208,8128,970,0,0,0,0,100,30,51,55,51,29,30,26,0,0,69,0,0,0,0,0,0,13641,1143,963,0,885,78,253,253,100,5,1,0,0,0,0,0,0,0,0,0,0,0,0,0,0,0,0,0,0,0,100,0,0,0,0,0,0,0,0,0,0,0,0,0,0,0,0,0,0,0,0,100
64005,2694,981,89,45,9999,0,0,907,0,0,0,4215,3823,0,0,63,2,2,4,1382,492,2000,1,0,4,71,72,49774,15059,373,1287,355,68,1702,1,15,7,0,2,0,0,10,0,0,0,0,0,1680,1760,1680,1760,4128,2208,8556,876,0,0,0,0,100,30,43,48,43,30,27,27,0,0,70,0,0,0,0,0,0,13641,1143,963,0,885,78,253,253,100,5,1,0,0,0,0,0,0,0,0,0,0,0,0,0,0,0,0,0,0,0,100,0,0,0,0,0,0,0,0,0,0,0,0,0,0,0,0,0,0,0,0,100
65006,2694,981,89,45,9999,0,0,472,0,0,0,4215,1989,0,0,63,2,2,3,1382,492,2000,1,0,4,71,72,46157,15353,586,1541,453,67,1050,0,30,2,0,2,0,0,10,0,0,0,0,0,1680,1760,1680,1760,4128,2208,9277,910,0,0,0,0,100,33,47,43,48,32,33,30,0,0,73,0,0,0,0,0,0,13641,1143,963,0,885,78,253,253,100,1,1,0,0,0,0,0,0,0,0,0,0,0,0,0,0,0,0,0,0,0,100,0,0,0,0,0,0,0,0,0,0,0,0,0,0,0,0,0,0,0,0,100
66006,2694,981,89,45,9999,0,0,694,0,0,0,4215,2925,0,0,63,2,2,4,1382,492,2000,1,0,4,70,72,48795,15201,321,1329,417,67,1533,0,25,6,0,2,0,0,10,0,0,0,0,0,1680,1760,1680,1760,4128,2208,7191,850,0,0,0,0,100,31,46,47,43,29,30,31,0,0,67,0,0,0,0,0,0,13641,1143,963,0,885,78,253,253,100,5,1,0,0,0,0,0,0,0,0,0,0,0,0,0,0,0,0,0,0,0,100,0,0,0,0,0,0,0,0,0,0,0,0,0,0,0,0,0,0,0,0,100
67006,2694,981,89,45,9999,0,0,418,0,0,0,4215,1761,0,0,63,2,2,4,1382,492,2000,1,0,4,73,72,41212,15024,333,1440,351,68,1185,0,0,2,0,2,0,0,10,0,0,0,0,0,1680,1760,1680,1760,4128,2208,10353,903,0,0,0,0,100,36,45,48,47,32,36,32,0,0,68,0,0,0,0,0,0,13641,1143,963,0,885,78,253,253,100,1,1,0,0,0,0,0,0,0,0,0,0,0,0,0,0,0,0,0,0,0,100,0,0,0,0,0,0,0,0,0,0,0,0,0,0,0,0,0,0,0,0,100
68006,2694,981,89,45,9999,0,0,361,0,0,0,4215,1521,0,0,63,2,2,3,1382,492,2000,1,0,4,70,72,48039,15172,346,1571,451,66,1660,1,24,8,0,2,0,0,10,0,0,0,0,0,1680,1760,1680,1760,4128,2208,6964,880,0,0,0,0,100,30,43,46,44,30,28,27,0,0,64,0,0,0,0,0,0,13641,1143,963,0,885,78,253,253,100,5,1,0,0,0,0,0,0,0,0,0,0,0,0,0,0,0,0,0,0,0,100,0,0,0,0,0,0,0,0,0,0,0,0,0,0,0,0,0,0,0,0,100
69006,2694,981,89,45,9999,0,0,519,0,0,0,4193,2176,0,0,63,2,2,3,1382,492,2000,1,0,4,72,72,43687,15100,380,1513,340,66,1494,1,2,6,0,2,0,0,10,0,0,0,0,0,1680,1760,1680,1760,4128,2208,8738,922,0,0,0,0,100,31,41,45,41,31,30,30,0,0,69,0,0,0,0,0,0,13641,1143,963,0,885,78,253,253,100,5,1,0,0,0,0,0,0,0,0,0,0,0,0,0,0,0,0,0,0,0,100,0,0,0,0,0,0,0,0,0,0,0,0,0,0,0,0,0,0,0,0,100
70007,2694,981,89,45,9999,0,0,440,0,0,0,4193,1844,0,0,63,2,2,2,1382,492,2000,1,0,4,71,72,47791,15309,373,1435,353,67,1828,0,22,4,0,2,0,0,10,0,0,0,0,0,1680,1760,1680,1760,4128,2208,8442,982,0,0,0,0,100,30,44,49,47,30,28,30,0,0,71,0,0,0,0,0,0,13641,1143,963,0,885,78,253,253,100,4,1,0,0,0,0,0,0,0,0,0,0,0,0,0,0,0,0,0,0,0,100,0,0,0,0,0,0,0,0,0,0,0,0,0,0,0,0,0,0,0,0,100
71006,2694,981,89,45,9999,0,0,398,0,0,0,4193,1668,0,0,63,2,2,4,1382,492,2000,1,0,4,70,72,52493,15547,290,1806,552,67,1963,0,46,6,0,2,0,0,10,0,0,0,0,0,1680,1760,1680,1760,4128,2208,7933,853,0,0,0,0,100,31,41,44,44,31,28,28,0,0,66,0,0,0,0,0,0,13641,1143,963,0,885,78,253,253,100,5,1,0,0,0,0,0,0,0,0,0,0,0,0,0,0,0,0,0,0,0,100,0,0,0,0,0,0,0,0,0,0,0,0,0,0,0,0,0,0,0,0,100
72006,2694,981,89,45,9999,0,0,470,0,0,0,4193,1970,0,0,63,2,2,3,1382,492,2000,1,0,4,73,72,40857,15376,356,1909,260,67,1191,0,0,3,0,2,0,0,10,0,0,0,0,0,1680,1760,1680,1760,4128,2208,9437,904,0,0,0,0,100,32,46,45,46,32,31,31,0,0,67,0,0,0,0,0,0,13641,1143,963,0,885,78,253,253,100,2,1,0,0,0,0,0,0,0,0,0,0,0,0,0,0,0,0,0,0,0,100,0,0,0,0,0,0,0,0,0,0,0,0,0,0,0,0,0,0,0,0,100
73006,2694,981,89,45,9999,0,0,296,0,0,0,4193,1241,0,0,63,2,2,3,1382,492,2000,1,0,4,72,72,48721,14951,305,1156,338,67,1305,0,18,9,0,2,0,0,10,0,0,0,0,0,1680,1760,1680,1760,4128,2208,8901,899,0,0,0,0,100,34,48,47,48,34,33,30,0,0,72,0,0,0,0,0,0,13641,1143,963,0,885,78,253,253,100,5,1,0,0,0,0,0,0,0,0,0,0,0,0,0,0,0,0,0,0,0,100,0,0,0,0,0,0,0,0,0,0,0,0,0,0,0,0,0,0,0,0,100
74007,2694,981,89,45,9999,0,0,573,0,0,0,4193,2402,0,0,63,2,2,3,1382,492,2000,1,0,4,71,72,45030,15036,320,1086,376,76,1386,0,3,6,0,2,0,0,10,0,0,0,0,0,1680,1760,1680,1760,4128,2208,8371,916,0,0,0,0,100,31,48,44,48,30,31,31,0,0,71,0,0,0,0,0,0,13641,1143,963,0,885,78,253,253,100,5,1,0,0,0,0,0,0,0,0,0,0,0,0,0,0,0,0,0,0,0,100,0,0,0,0,0,0,0,0,0,0,0,0,0,0,0,0,0,0,0,0,100
75007,2694,981,89,45,9999,0,0,593,0,0,0,4193,2486,0,0,63,2,2,3,1382,492,2000,1,0,4,71,72,48348,15110,344,1279,345,69,1578,0,23,5,0,2,0,0,10,0,0,0,0,0,1680,1760,1680,1760,4128,2208,8185,923,0,0,0,0,100,32,51,46,44,29,29,32,0,0,71,0,0,0,0,0,0,13641,1143,963,0,885,78,253,253,100,4,1,0,0,0,0,0,0,0,0,0,0,0,0,0,0,0,0,0,0,0,100,0,0,0,0,0,0,0,0,0,0,0,0,0,0,0,0,0,0,0,0,100
76007,2694,981,89,45,9999,0,0,485,0,0,0,4193,2033,0,0,63,2,2,4,1382,492,2000,1,0,4,70,72,51864,15087,296,1486,303,66,1227,0,46,6,0,2,0,0,10,0,0,0,0,0,1680,1760,1680,1760,4128,2208,7877,878,0,0,0,0,100,33,46,46,44,32,33,31,0,0,67,0,0,0,0,0,0,13641,1143,963,0,885,78,253,253,100,5,1,0,0,0,0,0,0,0,0,0,0,0,0,0,0,0,0,0,0,0,100,0,0,0,0,0,0,0,0,0,0,0,0,0,0,0,0,0,0,0,0,100
77007,2694,981,89,45,9999,0,0,659,0,0,0,4193,2763,0,0,63,2,2,3,1382,492,2000,1,0,4,72,72,40734,14961,305,1488,238,68,931,0,1,2,0,2,0,0,10,0,0,0,0,0,1680,1760,1680,1760,4128,2208,9441,928,0,0,0,0,100,30,51,45,45,30,30,30,0,0,66,0,0,0,0,0,0,13641,1143,963,0,885,78,253,253,100,1,1,0,0,0,0,0,0,0,0,0,0,0,0,0,0,0,0,0,0,0,100,0,0,0,0,0,0,0,0,0,0,0,0,0,0,0,0,0,0,0,0,100
78007,2694,981,89,45,9999,0,0,529,0,0,0,4193,2218,0,0,63,2,2,2,1382,492,2000,1,0,4,72,72,47868,14919,412,1119,448,67,1569,1,21,8,0,2,0,0,10,0,0,0,0,0,1680,1760,1680,1760,4128,2208,8095,954,0,0,0,0,100,33,48,48,44,33,31,31,0,0,70,0,0,0,0,0,0,13641,1143,963,0,885,78,253,253,100,5,1,0,0,0,0,0,0,0,0,0,0,0,0,0,0,0,0,0,0,0,100,0,0,0,0,0,0,0,0,0,0,0,0,0,0,0,0,0,0,0,0,100
79033,2690,982,89,44,9999,0,0,407,0,0,0,4210,1713,0,0,63,2,2,2,1382,492,2000,1,0,4,72,72,43705,15182,305,1191,502,171,1556,1,0,5,0,2,0,0,10,0,0,0,0,0,1680,1760,1680,1760,4128,2208,8412,950,0,0,0,0,100,31,50,46,48,31,30,30,0,0,71,0,0,0,0,0,0,13641,1145,964,0,886,78,253,253,100,5,1,0,0,0,0,0,0,0,0,0,0,0,0,0,0,0,0,0,0,0,100,0,0,0,0,0,0,0,0,0,0,0,0,0,0,0,0,0,0,0,0,100
80007,2690,982,89,44,9999,0,0,607,0,0,0,4210,2555,0,0,63,2,2,4,1382,492,2000,1,0,4,71,72,49978,15362,315,1536,365,67,1799,0,24,6,0,2,0,0,10,0,0,0,0,0,1680,1760,1680,1760,4128,2208,8017,881,0,0,0,0,100,34,50,44,46,34,30,29,0,0,71,0,0,0,0,0,0,13641,1145,964,0,886,78,253,253,100,6,1,0,0,0,0,0,0,0,0,0,0,0,0,0,0,0,0,0,0,0,100,0,0,0,0,0,0,0,0,0,0,0,0,0,0,0,0,0,0,0,0,100
81007,2690,982,89,44,9999,0,0,640,0,0,0,4210,2694,0,0,63,2,2,3,1382,545,2000,1,0,4,72,72,43327,15129,322,1342,303,75,1121,0,1,4,0,2,0,0,10,0,0,0,0,0,1680,1760,1680,1760,4128,2208,8684,922,0,0,0,0,100,32,48,48,49,31,32,32,0,0,70,0,0,0,0,0,0,13641,1145,964,0,886,78,253,253,100,3,1,0,0,0,0,0,0,0,0,0,0,0,0,0,0,0,0,0,0,0,100,0,0,0,0,0,0,0,0,0,0,0,0,0,0,0,0,0,0,0,0,100
82007,2690,982,89,44,9999,0,0,658,0,0,0,4210,2770,0,0,63,2,2,4,1382,545,2000,1,0,4,72,72,42886,14966,262,1217,378,71,1549,0,0,4,0,2,0,0,10,0,0,0,0,0,1680,1760,1680,1760,4128,2208,9933,885,0,0,0,0,100,34,48,48,47,32,34,33,0,0,71,0,0,0,0,0,0,13641,1145,964,0,886,78,253,253,100,4,1,0,0,0,0,0,0,0,0,0,0,0,0,0,0,0,0,0,0,0,100,0,0,0,0,0,0,0,0,0,0,0,0,0,0,0,0,0,0,0,0,100
83007,2690,982,89,44,9999,0,0,470,0,0,0,4210,1978,0,0,63,2,2,4,1382,545,2000,1,0,4,72,72,43520,15021,289,1369,430,68,1800,0,1,8,0,2,0,0,10,0,0,0,0,0,1680,1760,1680,1760,4128,2208,8681,850,0,0,0,0,100,34,51,51,50,34,31,33,0,0,68,0,0,0,0,0,0,13641,1145,964,0,886,78,253,253,100,4,1,0,0,0,0,0,0,0,0,0,0,0,0,0,0,0,0,0,0,0,100,0,0,0,0,0,0,0,0,0,0,0,0,0,0,0,0,0,0,0,0,100
84007,2690,982,89,44,9999,0,0,473,0,0,0,4210,1991,0,0,63,2,2,3,1382,545,2000,1,0,4,72,72,42292,14923,298,1454,332,67,946,0,3,5,0,2,0,0,10,0,0,0,0,0,1680,1760,1680,1760,4128,2208,8212,906,0,0,0,0,100,37,46,50,48,37,35,37,0,0,68,0,0,0,0,0,0,13641,1145,964,0,886,78,253,253,100,5,1,0,0,0,0,0,0,0,0,0,0,0,0,0,0,0,0,0,0,0,100,0,0,0,0,0,0,0,0,0,0,0,0,0,0,0,0,0,0,0,0,100
85007,2690,982,89,44,9999,0,0,783,0,0,0,4210,3296,0,0,63,2,2,2,1382,545,2000,1,0,4,72,72,48506,15132,386,1202,396,67,1602,1,23,4,0,2,0,0,10,0,0,0,0,0,1680,1760,1680,1760,4128,2208,8756,968,0,0,0,0,100,33,51,48,48,31,33,32,0,0,71,0,0,0,0,0,0,13641,1145,964,0,886,78,253,253,100,4,1,0,0,0,0,0,0,0,0,0,0,0,0,0,0,0,0,0,0,0,100,0,0,0,0,0,0,0,0,0,0,0,0,0,0,0,0,0,0,0,0,100
86007,2690,982,89,44,9999,0,0,456,0,0,0,4210,1919,0,0,63,2,2,3,1382,545,2000,1,0,4,71,72,49782,15304,288,1332,496,68,1410,0,22,6,0,2,0,0,10,0,0,0,0,0,1680,1760,1680,1760,4128,2208,8290,921,0,0,0,0,100,36,49,47,44,36,33,32,0,0,72,0,0,0,0,0,0,13641,1145,964,0,886,78,253,253,100,5,1,0,0,0,0,0,0,0,0,0,0,0,0,0,0,0,0,0,0,0,100,0,0,0,0,0,0,0,0,0,0,0,0,0,0,0,0,0,0,0,0,100
87008,2690,982,89,44,9999,0,0,301,0,0,0,4210,1267,0,0,63,2,2,2,1382,545,2000,1,0,4,72,72,43498,15437,284,1350,495,69,1147,0,3,3,0,2,0,0,10,0,0,0,0,0,1680,1760,1680,1760,4128,2208,9775,957,0,0,0,0,100,35,50,49,46,35,34,31,0,0,72,0,0,0,0,0,0,13641,1145,964,0,886,78,253,253,100,2,1,0,0,0,0,0,0,0,0,0,0,0,0,0,0,0,0,0,0,0,100,0,0,0,0,0,0,0,0,0,0,0,0,0,0,0,0,0,0,0,0,100
88008,2690,982,89,44,9999,0,0,535,0,0,0,4210,2252,0,0,63,2,2,4,1382,545,2000,1,0,4,70,72,51751,15300,259,1402,492,67,1432,0,43,7,0,2,0,0,10,0,0,0,0,0,1680,1760,1680,1760,4128,2208,8366,849,0,0,0,0,100,32,46,47,48,32,32,31,0,0,69,0,0,0,0,0,0,13641,1145,964,0,886,78,253,253,100,5,1,0,0,0,0,0,0,0,0,0,0,0,0,0,0,0,0,0,0,0,100,0,0,0,0,0,0,0,0,0,0,0,0,0,0,0,0,0,0,0,0,100
89008,2690,982,89,44,9999,0,0,663,0,0,0,4203,2786,0,0,63,2,2,3,1382,545,2000,1,0,4,72,72,42517,15138,309,1349,437,70,1661,1,1,7,0,2,0,0,10,0,0,0,0,0,1680,1760,1680,1760,4128,2208,9307,912,0,0,0,0,100,35,47,46,47,35,32,33,0,0,69,0,0,0,0,0,0,13641,1145,964,0,886,78,253,253,100,2,1,0,0,0,0,0,0,0,0,0,0,0,0,0,0,0,0,0,0,0,100,0,0,0,0,0,0,0,0,0,0,0,0,0,0,0,0,0,0,0,0,100
90008,2690,982,89,44,9999,0,0,586,0,0,0,4203,2462,0,0,63,2,2,3,1382,545,2000,1,0,4,72,72,48394,15245,357,1434,417,60,1758,0,22,3,0,2,0,0,10,0,0,0,0,0,1680,1760,1680,1760,4128,2208,8739,905,0,0,0,0,100,37,50,50,49,33,36,37,0,0,71,0,0,0,0,0,0,13641,1145,964,0,886,78,253,253,100,5,1,0,0,0,0,0,0,0,0,0,0,0,0,0,0,0,0,0,0,0,100,0,0,0,0,0,0,0,0,0,0,0,0,0,0,0,0,0,0,0,0,100
91008,2690,982,89,44,9999,0,0,662,0,0,0,4203,2782,0,0,63,2,2,4,1382,492,2000,1,0,4,71,72,49003,15472,693,1453,452,67,1264,0,14,6,0,2,0,0,10,0,0,0,0,0,1680,1760,1680,1760,4128,2208,8647,869,0,0,0,0,100,34,49,50,49,34,34,32,0,0,71,0,0,0,0,0,0,13641,1145,964,0,886,78,253,253,100,5,1,0,0,0,0,0,0,0,0,0,0,0,0,0,0,0,0,0,0,0,100,0,0,0,0,0,0,0,0,0,0,0,0,0,0,0,0,0,0,0,0,100
92008,2690,982,89,44,9999,0,0,453,0,0,0,4203,1903,0,0,63,2,2,3,1382,492,2000,1,0,4,72,72,42347,15122,361,1389,360,66,1266,0,9,3,0,2,0,0,10,0,0,0,0,0,1680,1760,1680,1760,4128,2208,8659,924,0,0,0,0,100,33,49,48,49,33,33,33,0,0,70,0,0,0,0,0,0,13641,1145,964,0,886,78,253,253,100,2,1,0,0,0,0,0,0,0,0,0,0,0,0,0,0,0,0,0,0,0,100,0,0,0,0,0,0,0,0,0,0,0,0,0,0,0,0,0,0,0,0,100
93008,2690,982,89,44,9999,0,0,609,0,0,0,4203,2559,0,0,63,2,2,2,1382,492,2000,1,0,4,71,72,51120,15011,336,1381,463,67,1739,1,44,6,0,2,0,0,10,0,0,0,0,0,1680,1760,1680,1760,4128,2208,9321,940,0,0,0,0,100,36,48,53,51,36,32,33,0,0,69,0,0,0,0,0,0,13641,1145,964,0,886,78,253,253,100,5,1,0,0,0,0,0,0,0,0,0,0,0,0,0,0,0,0,0,0,0,100,0,0,0,0,0,0,0,0,0,0,0,0,0,0,0,0,0,0,0,0,100
94008,2690,982,89,44,9999,0,0,682,0,0,0,4203,2866,0,0,63,2,2,4,1382,492,2000,1,0,4,71,72,44237,15171,295,1369,292,70,1596,0,0,5,0,2,0,0,10,0,0,0,0,0,1680,1760,1680,1760,4128,2208,10944,933,0,0,0,0,100,36,48,53,51,36,32,33,0,0,72,0,0,0,0,0,0,13641,1145,964,0,886,78,253,253,100,4,1,0,0,0,0,0,0,0,0,0,0,0,0,0,0,0,0,0,0,0,100,0,0,0,0,0,0,0,0,0,0,0,0,0,0,0,0,0,0,0,0,100
95008,2690,982,89,44,9999,0,0,729,0,0,0,4203,3063,0,0,63,2,2,4,1382,492,2000,1,0,4,72,72,47935,15286,336,1555,361,67,1478,0,27,7,0,2,0,0,10,0,0,0,0,0,1680,1760,1680,1760,4128,2208,7938,850,0,0,0,0,100,36,48,48,50,36,32,31,0,0,67,0,0,0,0,0,0,13641,1145,964,0,886,78,253,253,100,5,1,0,0,0,0,0,0,0,0,0,0,0,0,0,0,0,0,0,0,0,100,0,0,0,0,0,0,0,0,0,0,0,0,0,0,0,0,0,0,0,0,100
96008,2690,982,89,44,9999,0,0,408,0,0,0,4203,1714,0,0,63,2,2,4,1382,492,2000,1,0,4,71,72,45271,14946,348,1212,383,68,1305,0,3,6,0,2,0,0,10,0,0,0,0,0,1680,1760,1680,1760,4128,2208,8133,878,0,0,0,0,100,37,46,50,50,32,36,37,0,0,71,0,0,0,0,0,0,13641,1145,964,0,886,78,253,253,100,5,1,0,0,0,0,0,0,0,0,0,0,0,0,0,0,0,0,0,0,0,100,0,0,0,0,0,0,0,0,0,0,0,0,0,0,0,0,0,0,0,0,100
97008,2690,982,89,44,9999,0,0,399,0,0,0,4203,1676,0,0,63,2,2,3,1382,492,2000,1,0,4,72,72,42066,15041,298,1329,288,70,1480,0,0,2,0,2,0,0,10,0,0,0,0,0,1680,1760,1680,1760,4128,2208,8878,918,0,0,0,0,100,36,51,51,51,36,33,34,0,0,69,0,0,0,0,0,0,13641,1145,964,0,886,78,253,253,100,1,1,0,0,0,0,0,0,0,0,0,0,0,0,0,0,0,0,0,0,0,100,0,0,0,0,0,0,0,0,0,0,0,0,0,0,0,0,0,0,0,0,100
98008,2690,982,89,44,9999,0,0,304,0,0,0,4203,1277,0,0,63,2,2,4,1382,492,2000,1,0,4,70,72,48556,14947,280,1239,383,66,1481,0,22,6,0,2,0,0,10,0,0,0,0,0,1680,1760,1680,1760,4128,2208,8736,869,0,0,0,0,100,35,49,50,51,35,33,33,0,0,70,0,0,0,0,0,0,13641,1145,964,0,886,78,253,253,100,5,1,0,0,0,0,0,0,0,0,0,0,0,0,0,0,0,0,0,0,0,100,0,0,0,0,0,0,0,0,0,0,0,0,0,0,0,0,0,0,0,0,100
99037,2686,983,89,44,9999,0,0,358,0,0,0,4214,1508,0,0,63,2,2,4,1382,492,2000,1,0,4,72,72,42704,14898,283,1311,265,69,1022,0,0,2,0,2,0,0,10,0,0,0,0,0,1680,1760,1680,1760,4128,2208,10458,904,0,0,0,0,100,34,47,51,52,33,33,34,0,0,72,0,0,0,0,0,0,13641,1146,965,0,886,78,253,253,100,1,1,0,0,0,0,0,0,0,0,0,0,0,0,0,0,0,0,0,0,0,100,0,0,0,0,0,0,0,0,0,0,0,0,0,0,0,0,0,0,0,0,100
100008,2686,983,89,44,9999,0,0,568,0,0,0,4214,2393,0,0,63,2,2,4,1382,492,2000,1,0,4,72,72,47829,15160,331,1508,423,67,1580,1,22,9,0,2,0,0,10,0,0,0,0,0,1680,1760,1680,1760,4128,2208,8475,874,0,0,0,0,100,37,47,49,48,37,33,35,0,0,70,0,0,0,0,0,0,13641,1146,965,0,886,78,253,253,100,5,1,0,0,0,0,0,0,0,0,0,0,0,0,0,0,0,0,0,0,0,100,0,0,0,0,0,0,0,0,0,0,0,0,0,0,0,0,0,0,0,0,100
101008,2686,983,89,44,9999,0,0,500,0,0,0,4214,2107,0,0,63,2,2,4,1382,492,2000,1,0,4,72,72,46785,15014,297,1305,304,67,1321,0,2,6,0,2,0,0,10,0,0,0,0,0,1680,1760,1680,1760,4128,2208,7649,863,0,0,0,0,100,37,45,47,47,33,37,32,0,0,71,0,0,0,0,0,0,13641,1146,965,0,886,78,253,253,100,5,1,0,0,0,0,0,0,0,0,0,0,0,0,0,0,0,0,0,0,0,100,0,0,0,0,0,0,0,0,0,0,0,0,0,0,0,0,0,0,0,0,100
102008,2686,983,89,44,9999,0,0,646,0,0,0,4214,2722,0,0,63,2,2,3,1382,492,2000,1,0,4,71,72,42397,14859,295,1325,309,67,1176,0,17,2,0,2,0,0,10,0,0,0,0,0,1680,1760,1680,1760,4128,2208,8056,923,0,0,0,0,100,33,44,51,48,33,33,32,0,0,66,0,0,0,0,0,0,13641,1146,965,0,886,78,253,253,100,1,1,0,0,0,0,0,0,0,0,0,0,0,0,0,0,0,0,0,0,0,100,0,0,0,0,0,0,0,0,0,0,0,0,0,0,0,0,0,0,0,0,100
103008,2686,983,89,44,9999,0,0,700,0,0,0,4214,2949,0,0,63,2,2,4,1382,492,2000,1,0,4,71,72,47503,14894,355,1268,408,67,1648,1,22,6,0,2,0,0,10,0,0,0,0,0,1680,1760,1680,1760,4128,2208,7500,871,0,0,0,0,100,36,51,53,53,36,36,36,0,0,66,0,0,0,0,0,0,13641,1146,965,0,886,78,253,253,100,6,1,0,0,0,0,0,0,0,0,0,0,0,0,0,0,0,0,0,0,0,100,0,0,0,0,0,0,0,0,0,0,0,0,0,0,0,0,0,0,0,0,100
104009,2686,983,89,44,9999,0,0,441,0,0,0,4214,1858,0,0,63,2,2,4,1382,492,2000,1,0,4,72,72,42565,14968,302,1388,305,69,1116,0,0,2,0,2,0,0,10,0,0,0,0,0,1680,1760,1680,1760,4128,2208,11419,896,0,0,0,0,100,35,50,51,49,35,34,33,0,0,73,0,0,0,0,0,0,13641,1146,965,0,886,78,253,253,100,1,1,0,0,0,0,0,0,0,0,0,0,0,0,0,0,0,0,0,0,0,100,0,0,0,0,0,0,0,0,0,0,0,0,0,0,0,0,0,0,0,0,100
105009,2686,983,89,44,9999,0,0,624,0,0,0,4214,2629,0,0,63,2,2,4,1382,492,2000,1,0,4,71,72,49714,15050,315,1272,420,67,1527,0,27,10,0,2,0,0,10,0,0,0,0,0,1680,1760,1680,1760,4128,2208,9300,849,0,0,0,0,100,33,50,52,51,31,33,33,0,0,74,0,0,0,0,0,0,13641,1146,965,0,886,78,253,253,100,5,1,0,0,0,0,0,0,0,0,0,0,0,0,0,0,0,0,0,0,0,100,0,0,0,0,0,0,0,0,0,0,0,0,0,0,0,0,0,0,0,0,100
106009,2686,983,89,44,9999,0,0,443,0,0,0,4214,1866,0,0,63,2,2,4,1382,492,2000,1,0,4,72,72,45038,15118,310,1284,313,165,1171,0,0,5,0,2,0,0,10,0,0,0,0,0,1680,1760,1680,1760,4128,2208,8776,852,0,0,0,0,100,35,48,49,50,35,32,33,0,0,75,0,0,0,0,0,0,13641,1146,965,0,886,78,253,253,100,5,1,0,0,0,0,0,0,0,0,0,0,0,0,0,0,0,0,0,0,0,100,0,0,0,0,0,0,0,0,0,0,0,0,0,0,0,0,0,0,0,0,100
107009,2686,983,89,44,9999,0,0,546,0,0,0,4214,2300,0,0,63,2,2,3,1382,492,2000,1,0,4,72,72,43186,14961,295,1208,302,71,1475,0,0,3,0,2,0,0,10,0,0,0,0,0,1680,1760,1680,1760,4128,2208,8587,896,0,0,0,0,100,33,49,53,50,33,31,33,0,0,72,0,0,0,0,0,0,13641,1146,965,0,886,78,253,253,100,2,1,0,0,0,0,0,0,0,0,0,0,0,0,0,0,0,0,0,0,0,100,0,0,0,0,0,0,0,0,0,0,0,0,0,0,0,0,0,0,0,0,100
108009,2686,983,89,44,9999,0,0,566,0,0,0,4214,2385,0,0,63,2,2,4,1382,492,2000,1,0,4,70,72,49095,14959,265,1278,380,67,1492,0,24,6,0,2,0,0,10,0,0,0,0,0,1680,1760,1680,1760,4128,2208,7923,873,0,0,0,0,100,34,47,48,46,34,32,29,0,0,69,0,0,0,0,0,0,13641,1146,965,0,886,78,253,253,100,5,1,0,0,0,0,0,0,0,0,0,0,0,0,0,0,0,0,0,0,0,100,0,0,0,0,0,0,0,0,0,0,0,0,0,0,0,0,0,0,0,0,100
109009,2686,983,89,44,9999,0,0,370,0,0,0,4207,1556,0,0,63,2,2,3,1382,492,2000,1,0,4,73,72,41439,14947,288,1440,309,68,1137,0,0,2,0,2,0,0,10,0,0,0,0,0,1680,1760,1680,1760,4128,2208,8267,931,0,0,0,0,100,31,45,45,50,30,29,31,0,0,69,0,0,0,0,0,0,13641,1146,965,0,886,78,253,253,100,1,1,0,0,0,0,0,0,0,0,0,0,0,0,0,0,0,0,0,0,0,100,0,0,0,0,0,0,0,0,0,0,0,0,0,0,0,0,0,0,0,0,100
110009,2686,983,89,44,9999,0,0,609,0,0,0,4200,2557,0,0,63,2,2,4,1382,492,2000,1,0,4,70,72,47546,14837,372,1196,356,67,1281,0,23,9,0,2,0,0,10,0,0,0,0,0,1680,1760,1680,1760,4128,2208,7906,861,0,0,0,0,100,35,48,50,46,35,31,31,0,0,67,0,0,0,0,0,0,13641,1146,965,0,886,78,253,253,100,5,1,0,0,0,0,0,0,0,0,0,0,0,0,0,0,0,0,0,0,0,100,0,0,0,0,0,0,0,0,0,0,0,0,0,0,0,0,0,0,0,0,100
111009,2686,983,89,44,9999,0,0,444,0,0,0,4200,1864,0,0,63,2,2,4,1382,492,2000,1,0,4,71,72,44017,14793,307,1112,335,69,1637,1,2,6,0,2,0,0,10,0,0,0,0,0,1680,1760,1680,1760,4128,2208,8130,881,0,0,0,0,100,32,47,51,48,28,32,30,0,0,70,0,0,0,0,0,0,13641,1146,965,0,886,78,253,253,100,5,1,0,0,0,0,0,0,0,0,0,0,0,0,0,0,0,0,0,0,0,100,0,0,0,0,0,0,0,0,0,0,0,0,0,0,0,0,0,0,0,0,100
112009,2686,983,89,44,9999,0,0,485,0,0,0,4200,2037,0,0,63,2,2,3,1382,492,2000,1,0,4,72,72,45825,15113,334,1462,404,66,1302,0,15,2,0,2,0,0,10,0,0,0,0,0,1680,1760,1680,1760,4128,2208,8241,884,0,0,0,0,100,30,43,47,43,30,28,29,0,0,69,0,0,0,0,0,0,13641,1146,965,0,886,78,253,253,100,1,1,0,0,0,0,0,0,0,0,0,0,0,0,0,0,0,0,0,0,0,100,0,0,0,0,0,0,0,0,0,0,0,0,0,0,0,0,0,0,0,0,100
113010,2686,983,89,44,9999,0,0,621,0,0,0,4200,2608,0,0,63,2,2,4,1382,492,2000,1,0,4,71,72,50798,15274,369,1406,454,68,1595,0,26,6,0,2,0,0,10,0,0,0,0,0,1680,1760,1680,1760,4128,2208,10102,864,0,0,0,0,100,34,49,50,50,34,28,30,0,0,76,0,0,0,0,0,0,13641,1146,965,0,886,78,253,253,100,5,1,0,0,0,0,0,0,0,0,0,0,0,0,0,0,0,0,0,0,0,100,0,0,0,0,0,0,0,0,0,0,0,0,0,0,0,0,0,0,0,0,100
114010,2686,983,89,44,9999,0,0,618,0,0,0,4200,2595,0,0,63,2,2,4,1382,492,2000,1,0,4,71,72,47169,15302,336,1122,260,170,1264,0,0,6,0,2,0,0,10,0,0,0,0,0,1680,1760,1680,1760,4128,2208,10175,846,0,0,0,0,100,28,45,43,48,28,28,27,0,0,81,0,0,0,0,0,0,13641,1146,965,0,886,78,253,253,100,6,1,0,0,0,0,0,0,0,0,0,0,0,0,0,0,0,0,0,0,0,100,0,0,0,0,0,0,0,0,0,0,0,0,0,0,0,0,0,0,0,0,100
115009,2686,983,89,44,9999,0,0,633,0,0,0,4200,2658,0,0,63,2,2,4,1382,492,2000,1,0,4,72,72,45790,15120,337,1066,246,165,1202,0,0,9,0,2,0,0,10,0,0,0,0,0,1680,1760,1680,1760,4128,2208,10106,863,0,0,0,0,100,29,46,48,45,29,29,28,0,0,79,0,0,0,0,0,0,13641,1146,965,0,886,78,253,253,100,6,1,0,0,0,0,0,0,0,0,0,0,0,0,0,0,0,0,0,0,0,100,0,0,0,0,0,0,0,0,0,0,0,0,0,0,0,0,0,0,0,0,100
116010,2686,983,89,44,9999,0,0,459,0,0,0,4200,1927,0,0,63,2,2,4,1382,492,2000,1,0,4,72,72,45790,15020,314,1156,375,68,1131,0,2,5,0,2,0,0,10,0,0,0,0,0,1680,1760,1680,1760,4128,2208,8875,848,0,0,0,0,100,28,45,48,47,26,28,24,0,0,76,0,0,0,0,0,0,13641,1146,965,0,886,78,253,253,100,5,1,0,0,0,0,0,0,0,0,0,0,0,0,0,0,0,0,0,0,0,100,0,0,0,0,0,0,0,0,0,0,0,0,0,0,0,0,0,0,0,0,100
117010,2686,983,89,44,9999,0,0,303,0,0,0,4200,1272,0,0,63,2,2,3,1382,492,2000,1,0,4,72,72,44320,14864,340,1267,270,67,955,0,20,3,0,2,0,0,10,0,0,0,0,0,1680,1760,1680,1760,4128,2208,6000,868,0,0,0,0,100,29,49,43,44,29,28,26,0,0,64,0,0,0,0,0,0,13641,1146,965,0,886,78,253,253,100,2,1,0,0,0,0,0,0,0,0,0,0,0,0,0,0,0,0,0,0,0,100,0,0,0,0,0,0,0,0,0,0,0,0,0,0,0,0,0,0,0,0,100
118010,2686,983,89,44,9999,0,0,450,0,0,0,4200,1890,0,0,63,2,2,3,1382,492,2000,1,0,4,71,72,44320,14928,516,1306,451,61,2013,2,0,3,0,2,0,0,10,0,0,0,0,0,1680,1760,1680,1760,4128,2208,6383,920,0,0,0,0,100,31,42,47,46,31,27,27,0,0,60,0,0,0,0,0,0,13641,1146,965,0,886,78,253,253,100,3,1,0,0,0,0,0,0,0,0,0,0,0,0,0,0,0,0,0,0,0,100,0,0,0,0,0,0,0,0,0,0,0,0,0,0,0,0,0,0,0,0,100
119035,2678,984,89,43,9999,0,0,675,0,0,0,4196,2832,0,0,63,2,2,2,1382,492,2000,1,0,4,73,72,40718,15487,335,1703,394,67,1030,0,0,4,0,2,0,0,10,0,0,0,0,0,1680,1760,1680,1760,4128,2208,7937,969,0,0,0,0,100,29,46,46,45,29,29,27,0,0,63,0,0,0,0,0,0,13641,1148,965,0,887,78,253,253,100,4,1,0,0,0,0,0,0,0,0,0,0,0,0,0,0,0,0,0,0,0,100,0,0,0,0,0,0,0,0,0,0,0,0,0,0,0,0,0,0,0,0,100
120010,2678,984,89,43,9999,0,0,450,0,0,0,4196,1888,0,0,63,2,3,2,1382,492,2000,1,0,4,73,72,42247,15138,271,1467,397,67,1680,0,4,9,0,2,0,0,10,0,0,0,0,0,1680,1760,1680,1760,4128,2208,8237,944,0,0,0,0,100,57,58,58,58,57,49,51,0,0,64,0,0,0,0,0,0,13641,1148,965,0,887,78,253,253,100,4,1,0,0,0,0,0,0,0,0,0,0,0,0,0,0,0,0,0,0,0,100,0,0,0,0,0,0,0,0,0,0,0,0,0,0,0,0,0,0,0,0,100
121010,2678,984,89,43,9999,0,0,676,0,0,0,4196,2836,0,0,63,2,2,3,1382,456,2000,1,0,4,72,72,44464,14990,327,1460,433,67,1801,1,2,6,0,2,0,0,10,0,0,0,0,0,1680,1760,1680,1760,4128,2208,9227,952,0,0,0,0,100,29,45,48,43,29,29,27,0,0,66,0,0,0,0,0,0,13641,1148,965,0,887,78,253,253,100,5,1,0,0,0,0,0,0,0,0,0,0,0,0,0,0,0,0,0,0,0,100,0,0,0,0,0,0,0,0,0,0,0,0,0,0,0,0,0,0,0,0,100
122010,2678,984,89,43,9999,0,0,776,0,0,0,4196,3256,0,0,63,2,2,4,1382,456,2000,1,0,4,72,72,43974,15385,294,1568,390,67,1571,1,23,4,0,2,0,0,10,0,0,0,0,0,1680,1760,1680,1760,4128,2208,9338,855,0,0,0,0,100,28,42,44,43,28,26,26,0,0,71,0,0,0,0,0,0,13641,1148,965,0,887,78,253,253,100,4,1,0,0,0,0,0,0,0,0,0,0,0,0,0,0,0,0,0,0,0,100,0,0,0,0,0,0,0,0,0,0,0,0,0,0,0,0,0,0,0,0,100
123010,2678,984,89,43,9999,0,0,815,0,0,0,4196,3419,0,0,63,2,2,4,1382,456,2000,1,0,4,71,72,47567,15509,335,1520,450,74,2155,1,1,5,0,2,0,0,10,0,0,0,0,0,1680,1760,1680,1760,4128,2208,8439,873,0,0,0,0,100,30,50,45,44,30,26,27,0,0,70,0,0,0,0,0,0,13641,1148,965,0,887,78,253,253,100,4,1,0,0,0,0,0,0,0,0,0,0,0,0,0,0,0,0,0,0,0,100,0,0,0,0,0,0,0,0,0,0,0,0,0,0,0,0,0,0,0,0,100
124011,2678,984,89,43,9999,0,0,525,0,0,0,4196,2202,0,0,63,2,2,4,1382,456,2000,1,0,4,71,72,44965,15704,309,1521,595,164,1261,0,0,4,0,2,0,0,10,0,0,0,0,0,1680,1760,1680,1760,4128,2208,8452,878,0,0,0,0,100,27,48,49,49,26,27,27,0,0,72,0,0,0,0,0,0,13641,1148,965,0,887,78,253,253,100,4,1,0,0,0,0,0,0,0,0,0,0,0,0,0,0,0,0,0,0,0,100,0,0,0,0,0,0,0,0,0,0,0,0,0,0,0,0,0,0,0,0,100
125011,2678,984,89,43,9999,0,0,439,0,0,0,4210,1848,0,0,63,2,2,3,1382,456,2000,1,0,4,73,72,44381,15287,323,1305,383,70,1263,0,2,8,0,2,0,0,10,0,0,0,0,0,1680,1760,1680,1760,4128,2208,8754,924,0,0,0,0,100,29,49,45,43,29,27,26,0,0,71,0,0,0,0,0,0,13641,1148,965,0,887,78,253,253,100,5,1,0,0,0,0,0,0,0,0,0,0,0,0,0,0,0,0,0,0,0,100,0,0,0,0,0,0,0,0,0,0,0,0,0,0,0,0,0,0,0,0,100
126010,2678,984,89,44,9999,0,0,359,0,0,0,4210,1511,0,0,63,2,2,3,1382,456,2000,1,0,4,72,72,45325,15107,384,1194,513,68,2347,1,3,7,0,2,0,0,10,0,0,0,0,0,1680,1760,1680,1760,4128,2208,11489,928,0,0,0,0,100,33,49,47,47,29,33,28,0,0,72,0,0,0,0,0,0,13641,1148,965,0,887,78,253,253,100,5,1,0,0,0,0,0,0,0,0,0,0,0,0,0,0,0,0,0,0,0,100,0,0,0,0,0,0,0,0,0,0,0,0,0,0,0,0,0,0,0,0,100
127010,2678,984,89,44,9999,0,0,456,0,0,0,4210,1919,0,0,63,2,2,4,1382,456,2000,1,0,4,71,72,48028,15954,368,2450,353,67,1378,0,49,2,0,2,0,0,10,0,0,0,0,0,1680,1760,1680,1760,4128,2208,6858,825,0,0,0,0,100,33,45,46,42,33,28,28,0,0,67,0,0,0,0,0,0,13641,1148,965,0,887,78,253,253,100,1,1,0,0,0,0,0,0,0,0,0,0,0,0,0,0,0,0,0,0,0,100,0,0,0,0,0,0,0,0,0,0,0,0,0,0,0,0,0,0,0,0,100
128011,2678,984,89,44,9999,0,0,643,0,0,0,4210,2707,0,0,63,2,2,4,1382,456,2000,1,0,4,70,72,46873,15163,356,1598,447,66,1453,0,16,5,0,2,0,0,10,0,0,0,0,0,1680,1760,1680,1760,4128,2208,7354,859,0,0,0,0,100,30,48,51,47,28,30,30,0,0,66,0,0,0,0,0,0,13641,1148,965,0,887,78,253,253,100,5,1,0,0,0,0,0,0,0,0,0,0,0,0,0,0,0,0,0,0,0,100,0,0,0,0,0,0,0,0,0,0,0,0,0,0,0,0,0,0,0,0,100
129010,2678,984,89,44,9999,0,0,505,0,0,0,4206,2124,0,0,63,2,2,3,1382,456,2000,1,0,4,72,72,46948,15071,339,1516,204,65,791,0,4,3,0,2,0,0,10,0,0,0,0,0,1680,1760,1680,1760,4128,2208,6209,879,0,0,0,0,100,29,45,49,49,29,28,29,0,0,59,0,0,0,0,0,0,13641,1148,965,0,887,78,253,253,100,2,1,0,0,0,0,0,0,0,0,0,0,0,0,0,0,0,0,0,0,0,100,0,0,0,0,0,0,0,0,0,0,0,0,0,0,0,0,0,0,0,0,100
130011,2678,984,89,44,9999,0,0,469,0,0,0,4206,1972,0,0,63,2,2,2,1382,456,2000,1,0,4,73,72,39856,15172,528,1358,515,67,1836,2,0,6,0,2,0,0,10,0,0,0,0,0,1680,1760,1680,1760,4128,2208,6265,929,0,0,0,0,100,30,48,46,46,30,28,30,0,0,60,0,0,0,0,0,0,13641,1148,965,0,887,78,253,253,100,4,1,0,0,0,0,0,0,0,0,0,0,0,0,0,0,0,0,0,0,0,100,0,0,0,0,0,0,0,0,0,0,0,0,0,0,0,0,0,0,0,0,100
131011,2678,984,89,44,9999,0,0,722,0,0,0,4206,3036,0,0,63,2,2,2,1382,456,2000,1,0,4,73,72,42892,15429,359,1480,444,68,1536,0,1,7,0,2,0,0,10,0,0,0,0,0,1680,1760,1680,1760,4128,2208,10757,959,0,0,0,0,100,30,52,50,50,30,29,29,0,0,64,0,0,0,0,0,0,13641,1148,965,0,887,78,253,253,100,5,1,0,0,0,0,0,0,0,0,0,0,0,0,0,0,0,0,0,0,0,100,0,0,0,0,0,0,0,0,0,0,0,0,0,0,0,0,0,0,0,0,100
132011,2678,984,89,44,9999,0,0,497,0,0,0,4206,2090,0,0,63,2,2,4,1382,456,2000,1,0,4,71,72,44609,15518,354,1821,291,66,1610,0,26,3,0,2,0,0,10,0,0,0,0,0,1680,1760,1680,1760,4128,2208,6866,888,0,0,0,0,100,30,50,48,48,30,28,28,0,0,64,0,0,0,0,0,0,13641,1148,965,0,887,78,253,253,100,2,1,0,0,0,0,0,0,0,0,0,0,0,0,0,0,0,0,0,0,0,100,0,0,0,0,0,0,0,0,0,0,0,0,0,0,0,0,0,0,0,0,100
133011,2678,984,89,44,9999,0,0,468,0,0,0,4206,1968,0,0,63,2,2,3,1382,456,2000,1,0,4,72,72,45670,15058,371,1400,353,66,1161,0,0,3,0,2,0,0,10,0,0,0,0,0,1680,1760,1680,1760,4128,2208,6583,937,0,0,0,0,100,33,55,57,55,30,33,30,0,0,61,0,0,0,0,0,0,13641,1148,965,0,887,78,253,253,100,3,1,0,0,0,0,0,0,0,0,0,0,0,0,0,0,0,0,0,0,0,100,0,0,0,0,0,0,0,0,0,0,0,0,0,0,0,0,0,0,0,0,100
134011,2678,984,89,44,9999,0,0,477,0,0,0,4206,2006,0,0,63,2,2,2,1382,456,2000,1,0,4,72,72,41425,14964,305,1473,454,67,1728,1,0,3,0,2,0,0,10,0,0,0,0,0,1680,1760,1680,1760,4128,2208,7448,953,0,0,0,0,100,33,51,52,52,29,33,30,0,0,62,0,0,0,0,0,0,13641,1148,965,0,887,78,253,253,100,2,1,0,0,0,0,0,0,0,0,0,0,0,0,0,0,0,0,0,0,0,100,0,0,0,0,0,0,0,0,0,0,0,0,0,0,0,0,0,0,0,0,100
135011,2678,984,89,44,9999,0,0,508,0,0,0,4206,2136,0,0,63,2,2,3,1382,456,2000,1,0,4,73,72,40844,15044,331,1378,412,67,1211,0,23,6,0,2,0,0,10,0,0,0,0,0,1680,1760,1680,1760,4128,2208,7927,923,0,0,0,0,100,31,53,50,50,31,29,30,0,0,66,0,0,0,0,0,0,13641,1148,965,0,887,78,253,253,100,5,1,0,0,0,0,0,0,0,0,0,0,0,0,0,0,0,0,0,0,0,100,0,0,0,0,0,0,0,0,0,0,0,0,0,0,0,0,0,0,0,0,100
136011,2678,984,89,44,9999,0,0,646,0,0,0,4206,2717,0,0,63,2,2,2,1382,456,2000,1,0,4,72,72,48118,15485,346,1726,438,69,1670,1,0,7,0,2,0,0,10,0,0,0,0,0,1680,1760,1680,1760,4128,2208,8142,948,0,0,0,0,100,29,53,51,50,29,29,29,0,0,66,0,0,0,0,0,0,13641,1148,965,0,887,78,253,253,100,5,1,0,0,0,0,0,0,0,0,0,0,0,0,0,0,0,0,0,0,0,100,0,0,0,0,0,0,0,0,0,0,0,0,0,0,0,0,0,0,0,0,100
137011,2678,984,89,44,9999,0,0,631,0,0,0,4206,2653,0,0,63,2,2,4,1382,456,2000,1,0,4,71,72,44122,15471,354,1730,352,66,1521,0,26,4,0,2,0,0,10,0,0,0,0,0,1680,1760,1680,1760,4128,2208,8586,842,0,0,0,0,100,30,49,50,48,30,30,28,0,0,67,0,0,0,0,0,0,13641,1148,965,0,887,78,253,253,100,2,1,0,0,0,0,0,0,0,0,0,0,0,0,0,0,0,0,0,0,0,100,0,0,0,0,0,0,0,0,0,0,0,0,0,0,0,0,0,0,0,0,100
138012,2678,984,89,44,9999,0,0,800,0,0,0,4206,3364,0,0,63,2,2,4,1382,456,2000,1,0,4,72,72,46659,15149,317,1323,333,69,1235,0,12,6,0,2,0,0,10,0,0,0,0,0,1680,1760,1680,1760,4128,2208,9216,858,0,0,0,0,100,29,53,51,47,29,29,28,0,0,74,0,0,0,0,0,0,13641,1148,965,0,887,78,253,253,100,5,1,0,0,0,0,0,0,0,0,0,0,0,0,0,0,0,0,0,0,0,100,0,0,0,0,0,0,0,0,0,0,0,0,0,0,0,0,0,0,0,0,100
139039,2678,985,89,44,9999,0,0,631,0,0,0,4191,2644,0,0,63,2,2,4,1382,456,2000,1,0,4,71,72,49605,15164,314,1346,337,69,1480,1,9,4,0,2,0,0,10,0,0,0,0,0,1680,1760,1680,1760,4128,2208,8054,884,0,0,0,0,100,30,51,50,50,29,30,30,0,0,72,0,0,0,0,0,0,13641,1148,966,0,887,78,253,253,100,4,1,0,0,0,0,0,0,0,0,0,0,0,0,0,0,0,0,0,0,0,100,0,0,0,0,0,0,0,0,0,0,0,0,0,0,0,0,0,0,0,0,100
140012,2678,985,89,44,9999,0,0,646,0,0,0,4191,2707,0,0,63,2,2,4,1382,456,2000,1,0,4,73,72,42812,15039,280,1284,348,68,1409,0,0,5,0,2,0,0,10,0,0,0,0,0,1680,1760,1680,1760,4128,2208,7848,874,0,0,0,0,100,32,50,49,51,32,32,32,0,0,69,0,0,0,0,0,0,13641,1148,966,0,887,78,253,253,100,5,1,0,0,0,0,0,0,0,0,0,0,0,0,0,0,0,0,0,0,0,100,0,0,0,0,0,0,0,0,0,0,0,0,0,0,0,0,0,0,0,0,100
141012,2678,985,89,44,9999,0,0,627,0,0,0,4191,2627,0,0,63,2,2,3,1382,545,2000,1,0,4,71,72,44785,14903,370,1405,261,66,957,0,0,5,0,2,0,0,10,0,0,0,0,0,1680,1760,1680,1760,4128,2208,7269,913,0,0,0,0,100,30,52,49,50,30,27,28,0,0,62,0,0,0,0,0,0,13641,1148,966,0,887,78,253,253,100,1,1,0,0,0,0,0,0,0,0,0,0,0,0,0,0,0,0,0,0,0,100,0,0,0,0,0,0,0,0,0,0,0,0,0,0,0,0,0,0,0,0,100
142012,2678,985,89,44,9999,0,0,154,0,0,0,4191,645,0,0,63,2,2,2,1382,545,2000,1,0,4,73,72,41200,15616,536,1513,608,75,2193,2,0,5,0,2,0,0,10,0,0,0,0,0,1680,1760,1680,1760,4128,2208,8718,946,0,0,0,0,100,30,50,48,50,29,30,29,0,0,65,0,0,0,0,0,0,13641,1148,966,0,887,78,253,253,100,4,1,0,0,0,0,0,0,0,0,0,0,0,0,0,0,0,0,0,0,0,100,0,0,0,0,0,0,0,0,0,0,0,0,0,0,0,0,0,0,0,0,100
143012,2678,985,89,44,9999,0,0,499,0,0,0,4191,2091,0,0,63,2,2,2,1382,545,2000,1,0,4,72,72,44838,15616,536,1513,608,75,2193,2,0,5,0,2,0,0,10,0,0,0,0,0,1680,1760,1680,1760,4128,2208,7823,959,0,0,0,0,100,29,52,50,50,27,29,29,0,0,65,0,0,0,0,0,0,13641,1148,966,0,887,78,253,253,100,4,1,0,0,0,0,0,0,0,0,0,0,0,0,0,0,0,0,0,0,0,100,0,0,0,0,0,0,0,0,0,0,0,0,0,0,0,0,0,0,0,0,100
144012,2678,985,89,44,9999,0,0,621,0,0,0,4191,2602,0,0,63,2,2,2,1382,545,2000,1,0,4,71,72,48441,15575,340,1788,363,56,1828,0,18,6,0,2,0,0,10,0,0,0,0,0,1680,1760,1680,1760,4128,2208,7950,961,0,0,0,0,100,31,48,49,47,28,31,28,0,0,67,0,0,0,0,0,0,13641,1148,966,0,887,78,253,253,100,5,1,0,0,0,0,0,0,0,0,0,0,0,0,0,0,0,0,0,0,0,100,0,0,0,0,0,0,0,0,0,0,0,0,0,0,0,0,0,0,0,0,100
145012,2678,985,89,44,9999,0,0,473,0,0,0,4191,1982,0,0,63,2,2,2,1382,545,2000,1,0,4,73,72,42873,15592,392,1694,362,67,1354,0,8,3,0,2,0,0,10,0,0,0,0,0,1680,1760,1680,1760,4128,2208,7278,955,0,0,0,0,100,36,54,53,53,36,32,36,0,0,65,0,0,0,0,0,0,13641,1148,966,0,887,78,253,253,100,2,1,0,0,0,0,0,0,0,0,0,0,0,0,0,0,0,0,0,0,0,100,0,0,0,0,0,0,0,0,0,0,0,0,0,0,0,0,0,0,0,0,100
146012,2678,985,89,44,9999,0,0,535,0,0,0,4191,2242,0,0,63,2,2,2,1382,545,2000,1,0,4,72,72,47868,15647,495,1713,573,69,2288,1,20,5,0,2,0,0,10,0,0,0,0,0,1680,1760,1680,1760,4128,2208,7742,957,0,0,0,0,100,31,53,54,51,31,30,27,0,0,64,0,0,0,0,0,0,13641,1148,966,0,887,78,253,253,100,4,1,0,0,0,0,0,0,0,0,0,0,0,0,0,0,0,0,0,0,0,100,0,0,0,0,0,0,0,0,0,0,0,0,0,0,0,0,0,0,0,0,100
147012,2678,985,89,44,9999,0,0,451,0,0,0,4191,1890,0,0,63,2,2,2,1382,545,2000,1,0,4,72,72,43581,15865,368,2044,539,68,1861,1,0,6,0,2,0,0,10,0,0,0,0,0,1680,1760,1680,1760,4128,2208,9262,941,0,0,0,0,100,31,53,52,50,31,31,29,0,0,69,0,0,0,0,0,0,13641,1148,966,0,887,78,253,253,100,2,1,0,0,0,0,0,0,0,0,0,0,0,0,0,0,0,0,0,0,0,100,0,0,0,0,0,0,0,0,0,0,0,0,0,0,0,0,0,0,0,0,100
148012,2678,985,89,44,9999,0,0,570,0,0,0,4191,2388,0,0,63,2,2,3,1382,545,2000,1,0,4,72,72,44401,15389,291,1569,343,68,1706,0,2,5,0,2,0,0,10,0,0,0,0,0,1680,1760,1680,1760,4128,2208,10468,928,0,0,0,0,100,33,50,50,50,30,33,28,0,0,75,0,0,0,0,0,0,13641,1148,966,0,887,78,253,253,100,5,1,0,0,0,0,0,0,0,0,0,0,0,0,0,0,0,0,0,0,0,100,0,0,0,0,0,0,0,0,0,0,0,0,0,0,0,0,0,0,0,0,100
149013,2678,985,89,43,9999,0,0,854,0,0,0,4203,3589,0,0,63,2,2,4,1382,545,2000,1,0,4,70,72,53560,15353,330,1493,377,68,1828,1,27,7,0,2,0,0,10,0,0,0,0,0,1680,1760,1680,1760,4128,2208,9170,877,0,0,0,0,100,30,45,47,44,30,28,29,0,0,74,0,0,0,0,0,0,13641,1148,966,0,887,78,253,253,100,5,1,0,0,0,0,0,0,0,0,0,0,0,0,0,0,0,0,0,0,0,100,0,0,0,0,0,0,0,0,0,0,0,0,0,0,0,0,0,0,0,0,100
150012,2678,985,89,43,9999,0,0,373,0,0,0,4203,1567,0,0,63,2,2,4,1382,545,2000,1,0,4,73,72,44200,15518,316,1506,460,67,1486,0,21,4,0,2,0,0,10,0,0,0,0,0,1680,1760,1680,1760,4128,2208,8279,871,0,0,0,0,100,29,50,47,47,29,29,26,0,0,73,0,0,0,0,0,0,13641,1148,966,0,887,78,253,253,100,4,1,0,0,0,0,0,0,0,0,0,0,0,0,0,0,0,0,0,0,0,100,0,0,0,0,0,0,0,0,0,0,0,0,0,0,0,0,0,0,0,0,100
151013,2678,985,89,43,9999,0,0,725,0,0,0,4203,3047,0,0,63,2,2,3,1382,545,2000,1,0,4,71,72,48163,15335,494,1385,399,69,1381,0,18,5,0,2,0,0,10,0,0,0,0,0,1680,1760,1680,1760,4128,2208,7667,929,0,0,0,0,100,32,53,54,48,31,32,28,0,0,67,0,0,0,0,0,0,13641,1148,966,0,887,78,253,253,100,5,1,0,0,0,0,0,0,0,0,0,0,0,0,0,0,0,0,0,0,0,100,0,0,0,0,0,0,0,0,0,0,0,0,0,0,0,0,0,0,0,0,100
152013,2678,985,89,43,9999,0,0,726,0,0,0,4203,3051,0,0,63,2,2,4,1382,545,2000,1,0,4,71,72,43231,15229,365,1516,277,70,1389,0,0,3,0,2,0,0,10,0,0,0,0,0,1680,1760,1680,1760,4128,2208,8409,872,0,0,0,0,100,30,53,52,50,30,30,26,0,0,69,0,0,0,0,0,0,13641,1148,966,0,887,78,253,253,100,2,1,0,0,0,0,0,0,0,0,0,0,0,0,0,0,0,0,0,0,0,100,0,0,0,0,0,0,0,0,0,0,0,0,0,0,0,0,0,0,0,0,100
153014,2678,985,89,43,9999,0,0,632,0,0,0,4203,2656,0,0,63,2,2,3,1382,545,2000,1,0,4,72,72,44114,15175,346,1268,351,72,1345,0,2,9,0,2,0,0,10,0,0,0,0,0,1680,1760,1680,1760,4128,2208,9325,912,0,0,0,0,100,30,46,47,48,30,29,30,0,0,69,0,0,0,0,0,0,13641,1148,966,0,887,78,253,253,100,5,1,0,0,0,0,0,0,0,0,0,0,0,0,0,0,0,0,0,0,0,100,0,0,0,0,0,0,0,0,0,0,0,0,0,0,0,0,0,0,0,0,100
154013,2678,985,89,43,9999,0,0,439,0,0,0,4203,1845,0,0,63,2,2,2,1382,545,2000,1,0,4,72,72,44425,15015,330,1228,371,68,2260,1,1,5,0,2,0,0,10,0,0,0,0,0,1680,1760,1680,1760,4128,2208,8249,970,0,0,0,0,100,31,49,41,43,31,31,31,0,0,69,0,0,0,0,0,0,13641,1148,966,0,887,78,253,253,100,4,1,0,0,0,0,0,0,0,0,0,0,0,0,0,0,0,0,0,0,0,100,0,0,0,0,0,0,0,0,0,0,0,0,0,0,0,0,0,0,0,0,100
155013,2678,985,89,43,9999,0,0,635,0,0,0,4203,2668,0,0,63,2,2,2,1382,545,2000,1,0,4,72,72,42811,15727,313,1615,651,164,1209,0,0,2,0,2,0,0,10,0,0,0,0,0,1680,1760,1680,1760,4128,2208,7453,952,0,0,0,0,100,31,46,49,46,31,30,30,0,0,66,0,0,0,0,0,0,13641,1148,966,0,887,78,253,253,100,1,1,0,0,0,0,0,0,0,0,0,0,0,0,0,0,0,0,0,0,0,100,0,0,0,0,0,0,0,0,0,0,0,0,0,0,0,0,0,0,0,0,100
156013,2678,985,89,43,9999,0,0,527,0,0,0,4203,2214,0,0,63,2,2,2,1382,545,2000,1,0,4,71,72,51062,15341,304,1609,396,66,1554,0,45,6,0,2,0,0,10,0,0,0,0,0,1680,1760,1680,1760,4128,2208,6859,967,0,0,0,0,100,29,46,49,44,29,26,28,0,0,64,0,0,0,0,0,0,13641,1148,966,0,887,78,253,253,100,5,1,0,0,0,0,0,0,0,0,0,0,0,0,0,0,0,0,0,0,0,100,0,0,0,0,0,0,0,0,0,0,0,0,0,0,0,0,0,0,0,0,100
157013,2678,985,89,43,9999,0,0,480,0,0,0,4203,2017,0,0,63,2,2,2,1382,545,2000,1,0,4,71,72,43140,15250,358,1533,269,67,1056,0,0,3,0,2,0,0,10,0,0,0,0,0,1680,1760,1680,1760,4128,2208,7179,956,0,0,0,0,100,33,45,45,45,31,33,31,0,0,65,0,0,0,0,0,0,13641,1148,966,0,887,78,253,253,100,2,1,0,0,0,0,0,0,0,0,0,0,0,0,0,0,0,0,0,0,0,100,0,0,0,0,0,0,0,0,0,0,0,0,0,0,0,0,0,0,0,0,100
158013,2678,985,89,43,9999,0,0,694,0,0,0,4203,2916,0,0,63,2,2,2,1382,545,2000,1,0,4,72,72,48257,15531,328,1734,497,67,2021,1,27,10,0,2,0,0,10,0,0,0,0,0,1680,1760,1680,1760,4128,2208,10394,948,0,0,0,0,100,30,47,48,50,28,30,27,0,0,70,0,0,0,0,0,0,13641,1148,966,0,887,78,253,253,100,5,1,0,0,0,0,0,0,0,0,0,0,0,0,0,0,0,0,0,0,0,100,0,0,0,0,0,0,0,0,0,0,0,0,0,0,0,0,0,0,0,0,100
159041,2677,985,89,44,9999,0,0,501,0,0,0,4215,2111,0,0,63,2,2,4,1382,545,2000,1,0,4,71,72,48638,15257,331,1454,301,69,1476,0,2,6,0,2,0,0,10,0,0,0,0,0,1680,1760,1680,1760,4128,2208,8915,881,0,0,0,0,100,28,45,46,42,28,27,28,0,0,70,0,0,0,0,0,0,13641,1149,966,0,888,78,253,253,100,5,1,0,0,0,0,0,0,0,0,0,0,0,0,0,0,0,0,0,0,0,100,0,0,0,0,0,0,0,0,0,0,0,0,0,0,0,0,0,0,0,0,100
160013,2677,985,89,44,9999,0,0,704,0,0,0,4215,2967,0,0,63,2,2,4,1382,545,2000,1,0,4,72,72,43755,15374,323,1353,376,67,1541,0,22,4,0,2,0,0,10,0,0,0,0,0,1680,1760,1680,1760,4128,2208,8937,861,0,0,0,0,100,32,45,46,48,32,31,28,0,0,72,0,0,0,0,0,0,13641,1149,966,0,888,78,253,253,100,4,1,0,0,0,0,0,0,0,0,0,0,0,0,0,0,0,0,0,0,0,100,0,0,0,0,0,0,0,0,0,0,0,0,0,0,0,0,0,0,0,0,100
161013,2677,985,89,44,9999,0,0,525,0,0,0,4215,2212,0,0,63,2,2,3,1382,545,2000,1,0,4,72,72,45256,15335,343,1294,432,69,1733,1,1,5,0,2,0,0,10,0,0,0,0,0,1680,1760,1680,1760,4128,2208,7903,876,0,0,0,0,100,32,46,46,48,31,32,31,0,0,71,0,0,0,0,0,0,13641,1149,966,0,888,78,253,253,100,4,1,0,0,0,0,0,0,0,0,0,0,0,0,0,0,0,0,0,0,0,100,0,0,0,0,0,0,0,0,0,0,0,0,0,0,0,0,0,0,0,0,100
162013,2677,985,89,44,9999,0,0,677,0,0,0,4215,2853,0,0,63,2,2,4,1382,545,2000,1,0,4,71,72,44564,15349,286,1329,479,160,1097,0,0,4,0,2,0,0,10,0,0,0,0,0,1680,1760,1680,1760,4128,2208,8197,873,0,0,0,0,100,31,47,49,48,30,31,31,0,0,71,0,0,0,0,0,0,13641,1149,966,0,888,78,253,253,100,4,1,0,0,0,0,0,0,0,0,0,0,0,0,0,0,0,0,0,0,0,100,0,0,0,0,0,0,0,0,0,0,0,0,0,0,0,0,0,0,0,0,100
163014,2677,985,89,44,9999,0,0,483,0,0,0,4215,2035,0,0,63,2,2,3,1382,545,2000,1,0,4,72,72,44565,15163,352,1219,368,67,1201,0,3,9,0,2,0,0,10,0,0,0,0,0,1680,1760,1680,1760,4128,2208,7916,931,0,0,0,0,100,33,51,53,53,32,32,33,0,0,65,0,0,0,0,0,0,13641,1149,966,0,888,78,253,253,100,5,1,0,0,0,0,0,0,0,0,0,0,0,0,0,0,0,0,0,0,0,100,0,0,0,0,0,0,0,0,0,0,0,0,0,0,0,0,0,0,0,0,100
164014,2677,985,89,44,9999,0,0,385,0,0,0,4215,1622,0,0,63,2,2,2,1382,545,2000,1,0,4,73,72,42372,15194,293,1559,394,68,1594,0,0,4,0,2,0,0,10,0,0,0,0,0,1680,1760,1680,1760,4128,2208,8021,969,0,0,0,0,100,34,49,44,48,34,33,29,0,0,65,0,0,0,0,0,0,13641,1149,966,0,888,78,253,253,100,4,1,0,0,0,0,0,0,0,0,0,0,0,0,0,0,0,0,0,0,0,100,0,0,0,0,0,0,0,0,0,0,0,0,0,0,0,0,0,0,0,0,100
165014,2677,985,89,44,9999,0,0,409,0,0,0,4209,1721,0,0,63,2,2,2,1382,545,2000,1,0,4,72,72,41134,15137,330,1349,317,67,1498,1,0,3,0,2,0,0,10,0,0,0,0,0,1680,1760,1680,1760,4128,2208,7841,969,0,0,0,0,100,30,45,47,46,29,29,30,0,0,66,0,0,0,0,0,0,13641,1149,966,0,888,78,253,253,100,2,1,0,0,0,0,0,0,0,0,0,0,0,0,0,0,0,0,0,0,0,100,0,0,0,0,0,0,0,0,0,0,0,0,0,0,0,0,0,0,0,0,100
166014,2677,985,88,44,9999,0,0,763,0,0,0,4209,3211,0,0,63,2,2,2,1382,545,2000,1,0,4,72,72,47715,15096,325,1406,355,67,1330,0,25,5,0,2,0,0,10,0,0,0,0,0,1680,1760,1680,1760,4128,2208,7559,964,0,0,0,0,100,31,50,47,47,31,30,26,0,0,65,0,0,0,0,0,0,13641,1149,966,0,888,78,253,253,100,5,1,0,0,0,0,0,0,0,0,0,0,0,0,0,0,0,0,0,0,0,100,0,0,0,0,0,0,0,0,0,0,0,0,0,0,0,0,0,0,0,0,100
167014,2677,985,88,44,9999,0,0,585,0,0,0,4209,2462,0,0,63,2,2,2,1382,545,2000,1,0,4,72,72,42785,15351,315,1732,526,67,2021,1,0,3,0,2,0,0,10,0,0,0,0,0,1680,1760,1680,1760,4128,2208,9699,959,0,0,0,0,100,30,46,44,44,29,30,28,0,0,69,0,0,0,0,0,0,13641,1149,966,0,888,78,253,253,100,2,1,0,0,0,0,0,0,0,0,0,0,0,0,0,0,0,0,0,0,0,100,0,0,0,0,0,0,0,0,0,0,0,0,0,0,0,0,0,0,0,0,100
168014,2677,985,88,44,9999,0,0,711,0,0,0,4209,2992,0,0,63,2,2,3,1382,545,2000,1,0,4,71,72,48409,15246,286,1432,469,68,1345,0,20,9,0,2,0,0,10,0,0,0,0,0,1680,1760,1680,1760,4128,2208,9270,911,0,0,0,0,100,35,44,48,45,32,35,32,0,0,73,0,0,0,0,0,0,13641,1149,966,0,888,78,253,253,100,5,1,0,0,0,0,0,0,0,0,0,0,0,0,0,0,0,0,0,0,0,100,0,0,0,0,0,0,0,0,0,0,0,0,0,0,0,0,0,0,0,0,100
169014,2677,985,88,44,9999,0,0,666,0,0,0,4197,2795,0,0,63,2,2,4,1382,545,2000,1,0,4,71,72,48776,15125,281,1213,316,74,1499,0,3,6,0,2,0,0,10,0,0,0,0,0,1680,1760,1680,1760,4128,2208,7630,874,0,0,0,0,100,30,45,44,47,30,29,28,0,0,67,0,0,0,0,0,0,13641,1149,966,0,888,78,253,253,100,5,1,0,0,0,0,0,0,0,0,0,0,0,0,0,0,0,0,0,0,0,100,0,0,0,0,0,0,0,0,0,0,0,0,0,0,0,0,0,0,0,0,100
170014,2677,985,88,44,9999,0,0,312,0,0,0,4197,1309,0,0,63,2,2,3,1382,545,2000,1,0,4,72,72,40589,15242,345,1598,364,67,1276,0,20,2,0,2,0,0,10,0,0,0,0,0,1680,1760,1680,1760,4128,2208,7563,906,0,0,0,0,100,31,47,51,46,31,30,31,0,0,64,0,0,0,0,0,0,13641,1149,966,0,888,78,253,253,100,1,1,0,0,0,0,0,0,0,0,0,0,0,0,0,0,0,0,0,0,0,100,0,0,0,0,0,0,0,0,0,0,0,0,0,0,0,0,0,0,0,0,100
171014,2677,985,88,44,9999,0,0,476,0,0,0,4207,2002,0,0,63,2,2,2,1382,456,2000,1,0,4,73,72,42461,15239,380,1417,343,67,1542,1,0,3,0,2,0,0,10,0,0,0,0,0,1680,1760,1680,1760,4128,2208,7577,954,0,0,0,0,100,31,47,43,43,31,27,28,0,0,62,0,0,0,0,0,0,13641,1149,966,0,888,78,253,253,100,3,1,0,0,0,0,0,0,0,0,0,0,0,0,0,0,0,0,0,0,0,100,0,0,0,0,0,0,0,0,0,0,0,0,0,0,0,0,0,0,0,0,100
172014,2677,985,88,44,9999,0,0,290,0,0,0,4207,1220,0,0,63,2,2,3,1382,456,2000,1,0,4,72,72,42702,15323,325,1514,384,69,1380,0,0,3,0,2,0,0,10,0,0,0,0,0,1680,1760,1680,1760,4128,2208,7395,913,0,0,0,0,100,31,43,50,47,31,31,29,0,0,65,0,0,0,0,0,0,13641,1149,966,0,888,78,253,253,100,2,1,0,0,0,0,0,0,0,0,0,0,0,0,0,0,0,0,0,0,0,100,0,0,0,0,0,0,0,0,0,0,0,0,0,0,0,0,0,0,0,0,100
173014,2677,985,88,44,9999,0,0,499,0,0,0,4207,2099,0,0,63,2,2,2,1382,456,2000,1,0,4,72,72,43188,15318,341,1574,349,58,1659,1,2,8,0,2,0,0,10,0,0,0,0,0,1680,1760,1680,1760,4128,2208,7783,954,0,0,0,0,100,30,46,50,47,30,26,30,0,0,63,0,0,0,0,0,0,13641,1149,966,0,888,78,253,253,100,4,1,0,0,0,0,0,0,0,0,0,0,0,0,0,0,0,0,0,0,0,100,0,0,0,0,0,0,0,0,0,0,0,0,0,0,0,0,0,0,0,0,100
174015,2677,985,88,44,9999,0,0,466,0,0,0,4207,1960,0,0,63,2,2,3,1382,456,2000,1,0,4,72,72,46830,15037,306,1443,371,68,911,0,0,5,0,2,0,0,10,0,0,0,0,0,1680,1760,1680,1760,4128,2208,11161,909,0,0,0,0,100,32,52,44,48,32,30,27,0,0,72,0,0,0,0,0,0,13641,1149,966,0,888,78,253,253,100,5,1,0,0,0,0,0,0,0,0,0,0,0,0,0,0,0,0,0,0,0,100,0,0,0,0,0,0,0,0,0,0,0,0,0,0,0,0,0,0,0,0,100
175015,2677,985,88,44,9999,0,0,485,0,0,0,4207,2040,0,0,63,2,2,4,1382,456,2000,1,0,4,71,72,44579,15236,351,1150,382,67,1466,1,21,5,0,2,0,0,10,0,0,0,0,0,1680,1760,1680,1760,4128,2208,8580,875,0,0,0,0,100,29,50,49,46,29,28,28,0,0,71,0,0,0,0,0,0,13641,1149,966,0,888,78,253,253,100,4,1,0,0,0,0,0,0,0,0,0,0,0,0,0,0,0,0,0,0,0,100,0,0,0,0,0,0,0,0,0,0,0,0,0,0,0,0,0,0,0,0,100
176016,2677,985,88,44,9999,0,0,525,0,0,0,4207,2208,0,0,63,2,2,4,1382,456,2000,1,0,4,72,72,45342,15423,317,1324,473,156,1894,0,1,5,0,2,0,0,10,0,0,0,0,0,1680,1760,1680,1760,4128,2208,9136,857,0,0,0,0,100,30,47,44,46,30,28,28,0,0,73,0,0,0,0,0,0,13641,1149,966,0,888,78,253,253,100,4,1,0,0,0,0,0,0,0,0,0,0,0,0,0,0,0,0,0,0,0,100,0,0,0,0,0,0,0,0,0,0,0,0,0,0,0,0,0,0,0,0,100
177015,2677,985,88,44,9999,0,0,473,0,0,0,4207,1989,0,0,63,2,2,4,1382,456,2000,1,0,4,72,72,44345,15410,273,1309,602,164,1060,0,0,4,0,2,0,0,10,0,0,0,0,0,1680,1760,1680,1760,4128,2208,9304,863,0,0,0,0,100,30,43,50,44,27,30,27,0,0,74,0,0,0,0,0,0,13641,1149,966,0,888,78,253,253,100,4,1,0,0,0,0,0,0,0,0,0,0,0,0,0,0,0,0,0,0,0,100,0,0,0,0,0,0,0,0,0,0,0,0,0,0,0,0,0,0,0,0,100
178015,2677,985,88,44,9999,0,0,540,0,0,0,4207,2271,0,0,63,2,2,3,1382,456,2000,1,0,4,72,72,45223,15182,299,1180,359,71,1436,0,0,8,0,2,0,0,10,0,0,0,0,0,1680,1760,1680,1760,4128,2208,8350,920,0,0,0,0,100,27,46,44,45,27,27,26,0,0,72,0,0,0,0,0,0,13641,1149,966,0,888,78,253,253,100,5,1,0,0,0,0,0,0,0,0,0,0,0,0,0,0,0,0,0,0,0,100,0,0,0,0,0,0,0,0,0,0,0,0,0,0,0,0,0,0,0,0,100
179040,2863,982,88,44,9999,0,0,397,0,0,0,4198,1666,0,0,63,2,2,2,1382,456,2000,1,0,4,72,72,43271,15121,334,1262,336,84,1645,1,0,3,0,2,0,0,10,0,0,0,0,0,1680,1760,1680,1760,4128,2208,7759,940,0,0,0,0,100,37,47,48,47,37,36,32,0,0,66,0,0,0,0,0,0,13641,1146,963,0,888,75,253,253,100,3,1,0,0,0,0,0,0,0,0,0,0,0,0,0,0,0,0,0,0,0,100,0,0,0,0,0,0,0,0,0,0,0,0,0,0,0,0,0,0,0,0,100
180015,2863,982,88,44,9999,0,0,663,0,0,0,4198,2783,0,0,63,2,3,2,1382,456,2000,1,0,4,72,72,40326,15130,269,1458,323,67,1168,0,0,3,0,2,0,0,10,0,0,0,0,0,1680,1760,1680,1760,4128,2208,9028,948,0,0,0,0,100,54,58,61,62,54,49,49,0,0,63,0,0,0,0,0,0,13641,1146,963,0,888,75,253,253,100,2,1,0,0,0,0,0,0,0,0,0,0,0,0,0,0,0,0,0,0,0,100,0,0,0,0,0,0,0,0,0,0,0,0,0,0,0,0,0,0,0,0,100
181015,2863,982,88,44,9999,0,0,743,0,0,0,4198,3119,0,0,63,2,2,2,1382,456,2000,1,0,4,72,72,43926,15298,554,1577,595,67,2546,2,1,5,0,2,0,0,10,0,0,0,0,0,1680,1760,1680,1760,4128,2208,8117,959,0,0,0,0,100,31,47,49,48,31,28,31,0,0,66,0,0,0,0,0,0,13641,1146,963,0,888,75,253,253,100,4,1,0,0,0,0,0,0,0,0,0,0,0,0,0,0,0,0,0,0,0,100,0,0,0,0,0,0,0,0,0,0,0,0,0,0,0,0,0,0,0,0,100
182015,2863,982,88,44,9999,0,0,533,0,0,0,4198,2237,0,0,63,2,2,2,1382,456,2000,1,0,4,72,72,43226,15807,408,2209,397,66,910,0,0,3,0,2,0,0,10,0,0,0,0,0,1680,1760,1680,1760,4128,2208,8770,952,0,0,0,0,100,31,43,50,46,30,31,30,0,0,68,0,0,0,0,0,0,13641,1146,963,0,888,75,253,253,100,2,1,0,0,0,0,0,0,0,0,0,0,0,0,0,0,0,0,0,0,0,100,0,0,0,0,0,0,0,0,0,0,0,0,0,0,0,0,0,0,0,0,100
183016,2863,982,88,44,9999,0,0,465,0,0,0,4198,1952,0,0,63,2,2,3,1382,456,2000,1,0,4,72,72,49176,15320,354,1472,436,68,1357,0,21,9,0,2,0,0,10,0,0,0,0,0,1680,1760,1680,1760,4128,2208,8814,912,0,0,0,0,100,29,43,48,47,28,27,29,0,0,73,0,0,0,0,0,0,13641,1146,963,0,888,75,253,253,100,5,1,0,0,0,0,0,0,0,0,0,0,0,0,0,0,0,0,0,0,0,100,0,0,0,0,0,0,0,0,0,0,0,0,0,0,0,0,0,0,0,0,100
184016,2863,982,88,44,9999,0,0,528,0,0,0,4198,2216,0,0,63,2,2,4,1382,456,2000,1,0,4,71,72,49702,15328,357,1245,378,68,1410,0,1,6,0,2,0,0,10,0,0,0,0,0,1680,1760,1680,1760,4128,2208,8481,855,0,0,0,0,100,30,39,45,41,29,28,30,0,0,73,0,0,0,0,0,0,13641,1146,963,0,888,75,253,253,100,5,1,0,0,0,0,0,0,0,0,0,0,0,0,0,0,0,0,0,0,0,100,0,0,0,0,0,0,0,0,0,0,0,0,0,0,0,0,0,0,0,0,100
185015,2863,982,88,44,9999,0,0,554,0,0,0,4198,2325,0,0,63,2,2,4,1382,456,2000,1,0,4,72,72,43033,15238,319,1335,377,66,1291,0,24,3,0,2,0,0,10,0,0,0,0,0,1680,1760,1680,1760,4128,2208,11742,896,0,0,0,0,100,30,44,41,41,30,30,30,0,0,75,0,0,0,0,0,0,13641,1146,963,0,888,75,253,253,100,2,1,0,0,0,0,0,0,0,0,0,0,0,0,0,0,0,0,0,0,0,100,0,0,0,0,0,0,0,0,0,0,0,0,0,0,0,0,0,0,0,0,100
186015,2863,982,88,44,9999,0,0,441,0,0,0,4198,1851,0,0,63,2,2,4,1382,456,2000,1,0,4,71,72,49449,15179,335,1282,360,67,1365,0,23,6,0,2,0,0,10,0,0,0,0,0,1680,1760,1680,1760,4128,2208,7400,870,0,0,0,0,100,31,45,44,46,30,30,31,0,0,71,0,0,0,0,0,0,13641,1146,963,0,888,75,253,253,100,5,1,0,0,0,0,0,0,0,0,0,0,0,0,0,0,0,0,0,0,0,100,0,0,0,0,0,0,0,0,0,0,0,0,0,0,0,0,0,0,0,0,100
187016,2863,982,88,44,9999,0,0,579,0,0,0,4198,2430,0,0,63,2,2,3,1382,456,2000,1,0,4,72,72,41059,15138,333,1328,369,67,1035,0,0,3,0,2,0,0,10,0,0,0,0,0,1680,1760,1680,1760,4128,2208,6825,913,0,0,0,0,100,31,44,45,41,31,31,31,0,0,63,0,0,0,0,0,0,13641,1146,963,0,888,75,253,253,100,2,1,0,0,0,0,0,0,0,0,0,0,0,0,0,0,0,0,0,0,0,100,0,0,0,0,0,0,0,0,0,0,0,0,0,0,0,0,0,0,0,0,100
188016,2863,982,88,44,9999,0,0,474,0,0,0,4198,1989,0,0,63,2,2,2,1382,456,2000,1,0,4,73,72,41659,14910,294,1237,356,67,1612,1,0,6,0,2,0,0,10,0,0,0,0,0,1680,1760,1680,1760,4128,2208,7344,953,0,0,0,0,100,34,45,47,44,34,30,31,0,0,63,0,0,0,0,0,0,13641,1146,963,0,888,75,253,253,100,3,1,0,0,0,0,0,0,0,0,0,0,0,0,0,0,0,0,0,0,0,100,0,0,0,0,0,0,0,0,0,0,0,0,0,0,0,0,0,0,0,0,100
189016,2863,982,88,43,9999,0,0,570,0,0,0,4209,2399,0,0,63,2,2,2,1382,456,2000,1,0,4,72,72,43645,14891,294,1415,444,67,989,0,2,5,0,2,0,0,10,0,0,0,0,0,1680,1760,1680,1760,4128,2208,7441,944,0,0,0,0,100,33,44,45,46,32,33,33,0,0,66,0,0,0,0,0,0,13641,1146,963,0,888,75,253,253,100,4,1,0,0,0,0,0,0,0,0,0,0,0,0,0,0,0,0,0,0,0,100,0,0,0,0,0,0,0,0,0,0,0,0,0,0,0,0,0,0,0,0,100
190016,2863,982,88,43,9999,0,0,550,0,0,0,4209,2314,0,0,63,2,2,3,1382,456,2000,1,0,4,72,72,43575,15664,436,1629,495,72,1957,1,1,3,0,2,0,0,10,0,0,0,0,0,1680,1760,1680,1760,4128,2208,10944,942,0,0,0,0,100,33,45,48,47,33,32,29,0,0,73,0,0,0,0,0,0,13641,1146,963,0,888,75,253,253,100,2,1,0,0,0,0,0,0,0,0,0,0,0,0,0,0,0,0,0,0,0,100,0,0,0,0,0,0,0,0,0,0,0,0,0,0,0,0,0,0,0,0,100
191016,2863,982,88,43,9999,0,0,492,0,0,0,4209,2070,0,0,63,2,2,4,1382,545,2000,1,0,4,71,72,50096,15542,691,1570,405,67,1699,0,23,6,0,2,0,0,10,0,0,0,0,0,1680,1760,1680,1760,4128,2208,8940,852,0,0,0,0,100,31,43,45,44,30,31,28,0,0,73,0,0,0,0,0,0,13641,1146,963,0,888,75,253,253,100,5,1,0,0,0,0,0,0,0,0,0,0,0,0,0,0,0,0,0,0,0,100,0,0,0,0,0,0,0,0,0,0,0,0,0,0,0,0,0,0,0,0,100
192016,2863,982,88,43,9999,0,0,626,0,0,0,4209,2634,0,0,63,2,2,4,1382,545,2000,1,0,4,72,72,43541,15452,335,1469,356,154,1072,0,0,3,0,2,0,0,10,0,0,0,0,0,1680,1760,1680,1760,4128,2208,7913,831,0,0,0,0,100,37,47,44,46,33,35,37,0,0,72,0,0,0,0,0,0,13641,1146,963,0,888,75,253,253,100,2,1,0,0,0,0,0,0,0,0,0,0,0,0,0,0,0,0,0,0,0,100,0,0,0,0,0,0,0,0,0,0,0,0,0,0,0,0,0,0,0,0,100
193016,2863,982,88,43,9999,0,0,698,0,0,0,4209,2937,0,0,63,2,2,3,1382,545,2000,1,0,4,72,72,47043,15149,335,1316,331,67,1199,0,20,8,0,2,0,0,10,0,0,0,0,0,1680,1760,1680,1760,4128,2208,7762,906,0,0,0,0,100,33,46,48,46,33,30,31,0,0,68,0,0,0,0,0,0,13641,1146,963,0,888,75,253,253,100,5,1,0,0,0,0,0,0,0,0,0,0,0,0,0,0,0,0,0,0,0,100,0,0,0,0,0,0,0,0,0,0,0,0,0,0,0,0,0,0,0,0,100
194016,2863,982,88,43,9999,0,0,548,0,0,0,4209,2306,0,0,63,2,2,4,1382,545,2000,1,0,4,72,72,48118,15062,357,1212,341,72,1297,0,2,6,0,2,0,0,10,0,0,0,0,0,1680,1760,1680,1760,4128,2208,6569,856,0,0,0,0,100,35,47,47,47,35,35,28,0,0,65,0,0,0,0,0,0,13641,1146,963,0,888,75,253,253,100,5,1,0,0,0,0,0,0,0,0,0,0,0,0,0,0,0,0,0,0,0,100,0,0,0,0,0,0,0,0,0,0,0,0,0,0,0,0,0,0,0,0,100
195016,2863,982,88,43,9999,0,0,429,0,0,0,4209,1805,0,0,63,2,2,3,1382,545,2000,1,0,4,72,72,40060,15154,324,1485,282,66,1113,0,22,1,0,2,0,0,10,0,0,0,0,0,1680,1760,1680,1760,4128,2208,7639,910,0,0,0,0,100,34,49,48,48,34,34,31,0,0,61,0,0,0,0,0,0,13641,1146,963,0,888,75,253,253,100,1,1,0,0,0,0,0,0,0,0,0,0,0,0,0,0,0,0,0,0,0,100,0,0,0,0,0,0,0,0,0,0,0,0,0,0,0,0,0,0,0,0,100
196016,2863,982,88,43,9999,0,0,320,0,0,0,4209,1346,0,0,63,2,2,2,1382,545,2000,1,0,4,72,72,42772,14850,324,1157,334,67,1441,1,2,4,0,2,0,0,10,0,0,0,0,0,1680,1760,1680,1760,4128,2208,7716,957,0,0,0,0,100,32,45,47,43,31,32,29,0,0,61,0,0,0,0,0,0,13641,1146,963,0,888,75,253,253,100,3,1,0,0,0,0,0,0,0,0,0,0,0,0,0,0,0,0,0,0,0,100,0,0,0,0,0,0,0,0,0,0,0,0,0,0,0,0,0,0,0,0,100
197016,2863,982,88,43,9999,0,0,241,0,0,0,4209,1014,0,0,63,2,2,2,1382,545,2000,1,0,4,72,72,41308,15001,284,1387,255,67,926,0,0,2,0,2,0,0,10,0,0,0,0,0,1680,1760,1680,1760,4128,2208,7529,941,0,0,0,0,100,34,47,45,44,34,31,32,0,0,63,0,0,0,0,0,0,13641,1146,963,0,888,75,253,253,100,1,1,0,0,0,0,0,0,0,0,0,0,0,0,0,0,0,0,0,0,0,100,0,0,0,0,0,0,0,0,0,0,0,0,0,0,0,0,0,0,0,0,100
198016,2863,982,88,43,9999,0,0,357,0,0,0,4209,1502,0,0,63,2,2,2,1382,545,2000,1,0,4,72,72,43444,14946,337,1194,324,68,1331,0,1,8,0,2,0,0,10,0,0,0,0,0,1680,1760,1680,1760,4128,2208,6465,937,0,0,0,0,100,36,48,48,47,36,34,36,0,0,61,0,0,0,0,0,0,13641,1146,963,0,888,75,253,253,100,4,1,0,0,0,0,0,0,0,0,0,0,0,0,0,0,0,0,0,0,0,100,0,0,0,0,0,0,0,0,0,0,0,0,0,0,0,0,0,0,0,0,100
199044,2855,980,88,43,9999,0,0,480,0,0,0,4192,2012,0,0,63,2,2,2,1382,545,2000,1,0,4,72,72,43208,15125,366,1401,271,68,834,0,1,5,0,2,0,0,10,0,0,0,0,0,1680,1760,1680,1760,4128,2208,8701,943,0,0,0,0,100,32,45,43,47,32,30,30,0,0,65,0,0,0,0,0,0,13641,1143,960,0,888,72,253,253,100,4,1,0,0,0,0,0,0,0,0,0,0,0,0,0,0,0,0,0,0,0,100,0,0,0,0,0,0,0,0,0,0,0,0,0,0,0,0,0,0,0,0,100
200017,2855,980,88,43,9999,0,0,829,0,0,0,4192,3475,0,0,63,2,2,4,1382,545,2000,1,0,4,72,72,44591,15997,616,1795,689,163,2510,3,1,4,0,2,0,0,10,0,0,0,0,0,1680,1760,1680,1760,4128,2208,8621,864,0,0,0,0,100,36,52,46,45,36,35,35,0,0,71,0,0,0,0,0,0,13641,1143,960,0,888,72,253,253,100,4,1,0,0,0,0,0,0,0,0,0,0,0,0,0,0,0,0,0,0,0,100,0,0,0,0,0,0,0,0,0,0,0,0,0,0,0,0,0,0,0,0,100
201016,2855,980,88,43,9999,0,0,583,0,0,0,4192,2443,0,0,63,2,2,3,1382,545,2000,1,0,4,71,72,48597,15680,376,1816,370,68,1526,0,20,5,0,2,0,0,10,0,0,0,0,0,1680,1760,1680,1760,4128,2208,11189,890,0,0,0,0,100,34,50,54,53,34,34,34,0,0,71,0,0,0,0,0,0,13641,1143,960,0,888,72,253,253,100,5,1,0,0,0,0,0,0,0,0,0,0,0,0,0,0,0,0,0,0,0,100,0,0,0,0,0,0,0,0,0,0,0,0,0,0,0,0,0,0,0,0,100
202017,2855,980,88,43,9999,0,0,349,0,0,0,4192,1463,0,0,63,2,2,4,1382,545,2000,1,0,4,71,72,45904,15519,276,1314,441,67,1729,0,1,4,0,2,0,0,10,0,0,0,0,0,1680,1760,1680,1760,4128,2208,7982,866,0,0,0,0,100,32,48,49,46,31,32,32,0,0,76,0,0,0,0,0,0,13641,1143,960,0,888,72,253,253,100,2,1,0,0,0,0,0,0,0,0,0,0,0,0,0,0,0,0,0,0,0,100,0,0,0,0,0,0,0,0,0,0,0,0,0,0,0,0,0,0,0,0,100
203017,2855,980,88,43,9999,0,0,477,0,0,0,4192,1999,0,0,63,2,2,3,1382,545,2000,1,0,4,72,72,49459,15461,261,1526,425,67,1662,0,44,7,0,2,0,0,10,0,0,0,0,0,1680,1760,1680,1760,4128,2208,6355,852,0,0,0,0,100,33,51,47,52,32,33,32,0,0,63,0,0,0,0,0,0,13641,1143,960,0,888,72,253,253,100,5,1,0,0,0,0,0,0,0,0,0,0,0,0,0,0,0,0,0,0,0,100,0,0,0,0,0,0,0,0,0,0,0,0,0,0,0,0,0,0,0,0,100
204017,2855,980,88,43,9999,0,0,774,0,0,0,4192,3244,0,0,63,2,2,3,1382,545,2000,1,0,4,73,72,42130,15122,341,1437,342,67,799,0,0,5,0,2,0,0,10,0,0,0,0,0,1680,1760,1680,1760,4128,2208,7573,910,0,0,0,0,100,39,49,45,48,39,36,33,0,0,64,0,0,0,0,0,0,13641,1143,960,0,888,72,253,253,100,4,1,0,0,0,0,0,0,0,0,0,0,0,0,0,0,0,0,0,0,0,100,0,0,0,0,0,0,0,0,0,0,0,0,0,0,0,0,0,0,0,0,100
205017,2855,980,88,43,9999,0,0,578,0,0,0,4192,2422,0,0,63,2,2,2,1382,545,2000,1,0,4,72,72,42196,15285,353,1197,594,74,1791,1,0,3,0,2,0,0,10,0,0,0,0,0,1680,1760,1680,1760,4128,2208,8081,957,0,0,0,0,100,35,48,48,50,31,35,32,0,0,67,0,0,0,0,0,0,13641,1143,960,0,888,72,253,253,100,2,1,0,0,0,0,0,0,0,0,0,0,0,0,0,0,0,0,0,0,0,100,0,0,0,0,0,0,0,0,0,0,0,0,0,0,0,0,0,0,0,0,100
206017,2855,980,88,43,9999,0,0,503,0,0,0,4192,2108,0,0,63,2,2,3,1382,545,2000,1,0,4,71,72,49073,15308,323,1312,538,67,1740,0,16,6,0,2,0,0,10,0,0,0,0,0,1680,1760,1680,1760,4128,2208,10557,939,0,0,0,0,100,35,46,49,49,35,34,34,0,0,71,0,0,0,0,0,0,13641,1143,960,0,888,72,253,253,100,5,1,0,0,0,0,0,0,0,0,0,0,0,0,0,0,0,0,0,0,0,100,0,0,0,0,0,0,0,0,0,0,0,0,0,0,0,0,0,0,0,0,100
207017,2855,980,88,43,9999,0,0,470,0,0,0,4192,1970,0,0,63,2,2,4,1382,545,2000,1,0,4,71,72,45637,15709,352,1581,372,68,1069,0,6,5,0,2,0,0,10,0,0,0,0,0,1680,1760,1680,1760,4128,2208,11320,882,0,0,0,0,100,34,47,47,49,34,32,34,0,0,75,0,0,0,0,0,0,13641,1143,960,0,888,72,253,253,100,4,1,0,0,0,0,0,0,0,0,0,0,0,0,0,0,0,0,0,0,0,100,0,0,0,0,0,0,0,0,0,0,0,0,0,0,0,0,0,0,0,0,100
208017,2855,980,88,43,9999,0,0,547,0,0,0,4192,2293,0,0,63,2,2,4,1382,545,2000,1,0,4,72,72,49715,15522,302,1468,454,68,1410,0,19,6,0,2,0,0,10,0,0,0,0,0,1680,1760,1680,1760,4128,2208,9297,851,0,0,0,0,100,34,46,46,50,34,34,32,0,0,76,0,0,0,0,0,0,13641,1143,960,0,888,72,253,253,100,5,1,0,0,0,0,0,0,0,0,0,0,0,0,0,0,0,0,0,0,0,100,0,0,0,0,0,0,0,0,0,0,0,0,0,0,0,0,0,0,0,0,100
209017,2855,980,88,43,9999,0,0,707,0,0,0,4186,2959,0,0,63,2,2,4,1382,545,2000,1,0,4,72,72,48372,15312,332,1172,366,166,1298,0,0,5,0,2,0,0,10,0,0,0,0,0,1680,1760,1680,1760,4128,2208,9717,847,0,0,0,0,100,36,47,49,49,36,34,33,0,0,78,0,0,0,0,0,0,13641,1143,960,0,888,72,253,253,100,2,1,0,0,0,0,0,0,0,0,0,0,0,0,0,0,0,0,0,0,0,100,0,0,0,0,0,0,0,0,0,0,0,0,0,0,0,0,0,0,0,0,100
210017,2855,980,88,43,9999,0,0,573,0,0,0,4186,2398,0,0,63,2,2,4,1382,545,2000,1,0,4,70,72,45940,15241,356,1153,343,68,1165,0,19,8,0,2,0,0,10,0,0,0,0,0,1680,1760,1680,1760,4128,2208,10526,856,0,0,0,0,100,38,48,51,46,38,36,31,0,0,79,0,0,0,0,0,0,13641,1143,960,0,888,72,253,253,100,5,1,0,0,0,0,0,0,0,0,0,0,0,0,0,0,0,0,0,0,0,100,0,0,0,0,0,0,0,0,0,0,0,0,0,0,0,0,0,0,0,0,100
211017,2855,980,88,43,9999,0,0,644,0,0,0,4186,2695,0,0,63,2,2,4,1382,545,2000,1,0,4,70,72,47860,15185,322,980,317,70,1236,0,2,6,0,2,0,0,10,0,0,0,0,0,1680,1760,1680,1760,4128,2208,8954,864,0,0,0,0,100,33,44,47,50,33,32,33,0,0,79,0,0,0,0,0,0,13641,1143,960,0,888,72,253,253,100,5,1,0,0,0,0,0,0,0,0,0,0,0,0,0,0,0,0,0,0,0,100,0,0,0,0,0,0,0,0,0,0,0,0,0,0,0,0,0,0,0,0,100
212017,2855,980,88,43,9999,0,0,711,0,0,0,4186,2976,0,0,63,2,2,4,1382,545,2000,1,0,4,72,72,45712,15135,327,988,312,70,1204,0,2,6,0,2,0,0,10,0,0,0,0,0,1680,1760,1680,1760,4128,2208,12053,841,0,0,0,0,100,33,47,51,51,33,31,31,0,0,83,0,0,0,0,0,0,13641,1143,960,0,888,72,253,253,100,6,1,0,0,0,0,0,0,0,0,0,0,0,0,0,0,0,0,0,0,0,100,0,0,0,0,0,0,0,0,0,0,0,0,0,0,0,0,0,0,0,0,100
213018,2855,980,88,43,9999,0,0,867,0,0,0,4186,3629,0,0,63,2,2,4,1382,545,2000,1,0,4,70,72,55908,15172,323,1048,367,67,1253,0,34,6,0,2,0,0,10,0,0,0,0,0,1680,1760,1680,1760,4128,2208,9841,841,0,0,0,0,100,31,52,49,51,31,30,31,0,0,81,0,0,0,0,0,0,13641,1143,960,0,888,72,253,253,100,5,1,0,0,0,0,0,0,0,0,0,0,0,0,0,0,0,0,0,0,0,100,0,0,0,0,0,0,0,0,0,0,0,0,0,0,0,0,0,0,0,0,100
214018,2855,980,88,43,9999,0,0,721,0,0,0,4186,3018,0,0,63,2,2,4,1382,545,2000,1,0,4,71,72,46548,15195,349,1024,267,166,1372,0,0,0,0,2,0,0,10,0,0,0,0,0,1680,1760,1680,1760,4128,2208,10145,838,0,0,0,0,100,33,45,48,50,33,33,32,0,0,82,0,0,0,0,0,0,13641,1143,960,0,888,72,253,253,100,0,0,0,0,0,0,0,0,0,0,0,0,0,0,0,0,0,0,0,0,0,100,0,0,0,0,0,0,0,0,0,0,0,0,0,0,0,0,0,0,0,0,100
215018,2855,980,88,43,9999,0,0,756,0,0,0,4186,3164,0,0,63,2,2,4,1382,545,2000,1,0,4,71,72,47391,15135,339,906,279,67,1246,0,2,12,0,2,0,0,10,0,0,0,0,0,1680,1760,1680,1760,4128,2208,10286,848,0,0,0,0,100,33,50,52,49,33,31,31,0,0,83,0,0,0,0,0,0,13641,1143,960,0,888,72,253,253,100,6,1,0,0,0,0,0,0,0,0,0,0,0,0,0,0,0,0,0,0,0,100,0,0,0,0,0,0,0,0,0,0,0,0,0,0,0,0,0,0,0,0,100
216018,2855,980,88,43,9999,0,0,726,0,0,0,4186,3039,0,0,63,2,2,4,1382,545,2000,1,0,4,70,72,52259,15156,345,869,357,69,1379,0,3,7,0,2,0,0,10,0,0,0,0,0,1680,1760,1680,1760,4128,2208,11013,832,0,0,0,0,100,35,48,50,51,34,35,33,0,0,86,0,0,0,0,0,0,13641,1143,960,0,888,72,253,253,100,5,1,0,0,0,0,0,0,0,0,0,0,0,0,0,0,0,0,0,0,0,100,0,0,0,0,0,0,0,0,0,0,0,0,0,0,0,0,0,0,0,0,100
217018,2855,980,88,43,9999,0,0,818,0,0,0,4186,3424,0,0,63,2,2,4,1382,545,2000,1,0,4,71,72,46941,15323,297,1224,352,66,1292,0,16,4,0,2,0,0,10,0,0,0,0,0,1680,1760,1680,1760,4128,2208,10583,843,0,0,0,0,100,33,48,47,50,33,32,30,0,0,84,0,0,0,0,0,0,13641,1143,960,0,888,72,253,253,100,3,1,0,0,0,0,0,0,0,0,0,0,0,0,0,0,0,0,0,0,0,100,0,0,0,0,0,0,0,0,0,0,0,0,0,0,0,0,0,0,0,0,100
218018,2855,980,88,43,9999,0,0,737,0,0,0,4186,3085,0,0,63,2,2,4,1382,545,2000,1,0,4,70,72,51517,15194,312,1128,369,68,1810,1,14,6,0,2,0,0,10,0,0,0,0,0,1680,1760,1680,1760,4128,2208,11537,830,0,0,0,0,100,32,51,49,49,31,32,31,0,0,83,0,0,0,0,0,0,13641,1143,960,0,888,72,253,253,100,5,1,0,0,0,0,0,0,0,0,0,0,0,0,0,0,0,0,0,0,0,100,0,0,0,0,0,0,0,0,0,0,0,0,0,0,0,0,0,0,0,0,100
219044,2860,978,88,43,9999,0,0,669,0,0,0,4173,2791,0,0,63,2,2,4,1382,545,2000,1,0,4,71,72,47186,15514,326,1187,361,69,1239,0,1,6,0,2,0,0,10,0,0,0,0,0,1680,1760,1680,1760,4128,2208,10535,844,0,0,0,0,100,33,47,51,54,31,33,31,0,0,84,0,0,0,0,0,0,13641,1141,958,0,888,70,253,253,100,5,1,0,0,0,0,0,0,0,0,0,0,0,0,0,0,0,0,0,0,0,100,0,0,0,0,0,0,0,0,0,0,0,0,0,0,0,0,0,0,0,0,100
220018,2860,978,88,43,9999,0,0,788,0,0,0,4173,3288,0,0,63,2,2,4,1382,545,2000,1,0,4,71,72,47959,15418,299,1204,365,68,1248,0,5,12,0,2,0,0,10,0,0,0,0,0,1680,1760,1680,1760,4128,2208,9504,836,0,0,0,0,100,35,50,47,50,35,33,32,0,0,80,0,0,0,0,0,0,13641,1141,958,0,888,70,253,253,100,6,1,0,0,0,0,0,0,0,0,0,0,0,0,0,0,0,0,0,0,0,100,0,0,0,0,0,0,0,0,0,0,0,0,0,0,0,0,0,0,0,0,100
221019,2860,978,88,43,9999,0,0,792,0,0,0,4173,3305,0,0,63,2,2,4,1382,545,2000,1,0,4,71,72,55003,15277,351,1022,281,72,1351,0,4,7,0,2,0,0,10,0,0,0,0,0,1680,1760,1680,1760,4128,2208,11897,839,0,0,0,0,100,31,49,50,50,31,31,28,0,0,87,0,0,0,0,0,0,13641,1141,958,0,888,70,253,253,100,5,1,0,0,0,0,0,0,0,0,0,0,0,0,0,0,0,0,0,0,0,100,0,0,0,0,0,0,0,0,0,0,0,0,0,0,0,0,0,0,0,0,100
222021,2860,978,88,43,9999,0,0,847,0,0,0,4173,3534,0,0,63,2,2,4,1382,545,2000,1,0,4,69,72,52106,15282,329,1052,355,74,1488,0,39,5,0,2,0,0,10,0,0,0,0,0,1680,1760,1680,1760,4128,2208,10699,838,0,0,0,0,100,33,49,56,50,33,33,30,0,0,88,0,0,0,0,0,0,13641,1141,958,0,888,70,253,253,100,4,1,0,0,0,0,0,0,0,0,0,0,0,0,0,0,0,0,0,0,0,100,0,0,0,0,0,0,0,0,0,0,0,0,0,0,0,0,0,0,0,0,100
223018,2860,978,88,43,9999,0,0,497,0,0,0,4173,2073,0,0,63,2,2,4,1382,545,2000,1,0,4,70,72,56122,15293,327,1100,327,68,1471,0,23,7,0,2,0,0,10,0,0,0,0,0,1680,1760,1680,1760,4128,2208,10880,847,0,0,0,0,100,34,47,50,46,34,32,29,0,0,86,0,0,0,0,0,0,13641,1141,958,0,888,70,253,253,100,5,1,0,0,0,0,0,0,0,0,0,0,0,0,0,0,0,0,0,0,0,100,0,0,0,0,0,0,0,0,0,0,0,0,0,0,0,0,0,0,0,0,100
224019,2860,978,88,43,9999,0,0,724,0,0,0,4173,3021,0,0,63,2,2,4,1382,545,2000,1,0,4,70,72,47092,15180,315,1039,299,76,1378,0,14,3,0,2,0,0,10,0,0,0,0,0,1680,1760,1680,1760,4128,2208,11887,845,0,0,0,0,100,32,45,49,48,32,29,27,0,0,83,0,0,0,0,0,0,13641,1141,958,0,888,70,253,253,100,2,1,0,0,0,0,0,0,0,0,0,0,0,0,0,0,0,0,0,0,0,100,0,0,0,0,0,0,0,0,0,0,0,0,0,0,0,0,0,0,0,0,100
225018,2860,978,88,43,9999,0,0,716,0,0,0,4173,2987,0,0,63,2,2,4,1382,545,2000,1,0,4,71,72,48701,15172,310,996,269,66,1292,0,2,6,0,2,0,0,10,0,0,0,0,0,1680,1760,1680,1760,4128,2208,10696,838,0,0,0,0,100,30,45,44,45,30,30,25,0,0,84,0,0,0,0,0,0,13641,1141,958,0,888,70,253,253,100,5,1,0,0,0,0,0,0,0,0,0,0,0,0,0,0,0,0,0,0,0,100,0,0,0,0,0,0,0,0,0,0,0,0,0,0,0,0,0,0,0,0,100
226019,2860,978,88,43,9999,0,0,754,0,0,0,4173,3146,0,0,63,2,2,4,1382,545,2000,1,0,4,71,72,52410,15184,331,851,239,249,1385,0,0,5,0,2,0,0,10,0,0,0,0,0,1680,1760,1680,1760,4128,2208,10518,845,0,0,0,0,100,28,44,47,40,27,28,26,0,0,86,0,0,0,0,0,0,13641,1141,958,0,888,70,253,253,100,5,1,0,0,0,0,0,0,0,0,0,0,0,0,0,0,0,0,0,0,0,100,0,0,0,0,0,0,0,0,0,0,0,0,0,0,0,0,0,0,0,0,100
227020,2860,978,88,43,9999,0,0,823,0,0,0,4173,3434,0,0,63,2,2,4,1382,545,2000,1,0,4,70,72,50462,15313,372,1198,369,70,1360,0,34,12,0,2,0,0,10,0,0,0,0,0,1680,1760,1680,1760,4128,2208,10555,832,0,0,0,0,100,28,49,44,43,28,26,26,0,0,85,0,0,0,0,0,0,13641,1141,958,0,888,70,253,253,100,5,1,0,0,0,0,0,0,0,0,0,0,0,0,0,0,0,0,0,0,0,100,0,0,0,0,0,0,0,0,0,0,0,0,0,0,0,0,0,0,0,0,100
228019,2860,978,88,43,9999,0,0,759,0,0,0,4173,3167,0,0,63,2,2,4,1382,545,2000,1,0,4,70,72,51539,15203,353,925,348,71,1409,0,3,7,0,2,0,0,10,0,0,0,0,0,1680,1760,1680,1760,4128,2208,10915,830,0,0,0,0,100,29,47,48,43,29,29,29,0,0,86,0,0,0,0,0,0,13641,1141,958,0,888,70,253,253,100,5,1,0,0,0,0,0,0,0,0,0,0,0,0,0,0,0,0,0,0,0,100,0,0,0,0,0,0,0,0,0,0,0,0,0,0,0,0,0,0,0,0,100
229019,2860,978,88,43,9999,0,0,503,0,0,0,4183,2104,0,0,63,2,2,4,1382,545,2000,1,0,4,72,72,47782,15353,324,1089,297,67,1347,0,13,5,0,2,0,0,10,0,0,0,0,0,1680,1760,1680,1760,4128,2208,11689,831,0,0,0,0,100,26,49,45,47,25,25,26,0,0,88,0,0,0,0,0,0,13641,1141,958,0,888,70,253,253,100,5,1,0,0,0,0,0,0,0,0,0,0,0,0,0,0,0,0,0,0,0,100,0,0,0,0,0,0,0,0,0,0,0,0,0,0,0,0,0,0,0,0,100
230019,2860,978,88,43,9999,0,0,745,0,0,0,4175,3110,0,0,63,2,2,4,1382,545,2000,1,0,4,69,72,53668,15340,682,1109,355,68,1340,0,25,7,0,2,0,0,10,0,0,0,0,0,1680,1760,1680,1760,4128,2208,10840,839,0,0,0,0,100,30,44,49,43,30,26,25,0,0,85,0,0,0,0,0,0,13641,1141,958,0,888,70,253,253,100,5,1,0,0,0,0,0,0,0,0,0,0,0,0,0,0,0,0,0,0,0,100,0,0,0,0,0,0,0,0,0,0,0,0,0,0,0,0,0,0,0,0,100
231019,2860,978,88,43,9999,0,0,594,0,0,0,4175,2479,0,0,63,2,2,4,1382,545,2000,1,0,4,71,72,50546,15348,331,939,286,67,1364,0,2,4,0,2,0,0,10,0,0,0,0,0,1680,1760,1680,1760,4128,2208,13191,846,0,0,0,0,100,30,43,43,40,27,30,26,0,0,87,0,0,0,0,0,0,13641,1141,958,0,888,70,253,253,100,2,1,0,0,0,0,0,0,0,0,0,0,0,0,0,0,0,0,0,0,0,100,0,0,0,0,0,0,0,0,0,0,0,0,0,0,0,0,0,0,0,0,100
232019,2860,978,88,43,9999,0,0,626,0,0,0,4175,2613,0,0,63,2,2,4,1382,545,2000,1,0,4,70,72,52520,15296,327,1192,343,68,1324,0,36,8,0,2,0,0,10,0,0,0,0,0,1680,1760,1680,1760,4128,2208,10308,839,0,0,0,0,100,31,48,45,49,29,31,25,0,0,84,0,0,0,0,0,0,13641,1141,958,0,888,70,253,253,100,5,1,0,0,0,0,0,0,0,0,0,0,0,0,0,0,0,0,0,0,0,100,0,0,0,0,0,0,0,0,0,0,0,0,0,0,0,0,0,0,0,0,100
233019,2860,978,88,43,9999,0,0,292,0,0,0,4175,1219,0,0,63,2,2,4,1382,545,2000,1,0,4,70,72,50391,15246,332,1105,285,75,1435,0,2,6,0,2,0,0,10,0,0,0,0,0,1680,1760,1680,1760,4128,2208,10124,850,0,0,0,0,100,29,45,46,42,27,29,26,0,0,81,0,0,0,0,0,0,13641,1141,958,0,888,70,253,253,100,5,1,0,0,0,0,0,0,0,0,0,0,0,0,0,0,0,0,0,0,0,100,0,0,0,0,0,0,0,0,0,0,0,0,0,0,0,0,0,0,0,0,100
234020,2860,978,88,43,9999,0,0,494,0,0,0,4175,2062,0,0,63,2,2,4,1382,545,2000,1,0,4,72,72,44865,15217,345,1132,380,67,1472,1,18,5,0,2,0,0,10,0,0,0,0,0,1680,1760,1680,1760,4128,2208,10453,843,0,0,0,0,100,32,47,50,47,32,31,31,0,0,81,0,0,0,0,0,0,13641,1141,958,0,888,70,253,253,100,4,1,0,0,0,0,0,0,0,0,0,0,0,0,0,0,0,0,0,0,0,100,0,0,0,0,0,0,0,0,0,0,0,0,0,0,0,0,0,0,0,0,100
235019,2860,978,88,43,9999,0,0,462,0,0,0,4175,1928,0,0,63,2,2,4,1382,545,2000,1,0,4,72,72,44865,15299,330,1036,366,67,1423,0,12,7,0,2,0,0,10,0,0,0,0,0,1680,1760,1680,1760,4128,2208,12025,839,0,0,0,0,100,31,47,45,46,31,29,28,0,0,86,0,0,0,0,0,0,13641,1141,958,0,888,70,253,253,100,5,1,0,0,0,0,0,0,0,0,0,0,0,0,0,0,0,0,0,0,0,100,0,0,0,0,0,0,0,0,0,0,0,0,0,0,0,0,0,0,0,0,100
236019,2860,978,88,43,9999,0,0,777,0,0,0,4175,3243,0,0,63,2,2,4,1382,545,2000,1,0,4,69,72,53294,15337,360,1050,269,159,1272,0,5,5,0,2,0,0,10,0,0,0,0,0,1680,1760,1680,1760,4128,2208,10514,839,0,0,0,0,100,29,51,49,49,29,28,26,0,0,84,0,0,0,0,0,0,13641,1141,958,0,888,70,253,253,100,5,1,0,0,0,0,0,0,0,0,0,0,0,0,0,0,0,0,0,0,0,100,0,0,0,0,0,0,0,0,0,0,0,0,0,0,0,0,0,0,0,0,100
237019,2860,978,88,43,9999,0,0,474,0,0,0,4175,1978,0,0,63,2,2,4,1382,545,2000,1,0,4,72,72,48062,15189,326,1099,356,65,1274,0,33,6,0,2,0,0,10,0,0,0,0,0,1680,1760,1680,1760,4128,2208,10935,837,0,0,0,0,100,27,48,49,44,26,27,23,0,0,82,0,0,0,0,0,0,13641,1141,958,0,888,70,253,253,100,5,1,0,0,0,0,0,0,0,0,0,0,0,0,0,0,0,0,0,0,0,100,0,0,0,0,0,0,0,0,0,0,0,0,0,0,0,0,0,0,0,0,100
238019,2860,978,88,43,9999,0,0,702,0,0,0,4175,2930,0,0,63,2,2,4,1382,545,2000,1,0,4,71,72,54327,15114,331,987,325,147,1544,0,0,6,0,2,0,0,10,0,0,0,0,0,1680,1760,1680,1760,4128,2208,9514,844,0,0,0,0,100,27,48,49,44,26,27,23,0,0,80,0,0,0,0,0,0,13641,1141,958,0,888,70,253,253,100,1,1,0,0,0,0,0,0,0,0,0,0,0,0,0,0,0,0,0,0,0,100,0,0,0,0,0,0,0,0,0,0,0,0,0,0,0,0,0,0,0,0,100
239044,2868,977,88,43,9999,0,0,544,0,0,0,4192,2280,0,0,63,2,2,4,1382,545,2000,1,0,4,71,72,47517,15467,322,1473,398,67,1591,0,3,6,0,2,0,0,10,0,0,0,0,0,1680,1760,1680,1760,4128,2208,8903,855,0,0,0,0,100,30,46,47,39,30,26,28,0,0,76,0,0,0,0,0,0,13642,1140,958,0,889,68,254,254,100,5,1,0,0,0,0,0,0,0,0,0,0,0,0,0,0,0,0,0,0,0,100,0,0,0,0,0,0,0,0,0,0,0,0,0,0,0,0,0,0,0,0,100
240019,2868,977,88,43,9999,0,0,704,0,0,0,4192,2951,0,0,63,2,3,4,1382,545,2000,1,0,4,72,72,44299,15454,319,1468,467,66,1666,0,31,7,0,2,0,0,10,0,0,0,0,0,1680,1760,1680,1760,4128,2208,9088,848,0,0,0,0,100,55,61,59,61,55,48,47,0,0,77,0,0,0,0,0,0,13642,1140,958,0,889,68,254,254,100,5,1,0,0,0,0,0,0,0,0,0,0,0,0,0,0,0,0,0,0,0,100,0,0,0,0,0,0,0,0,0,0,0,0,0,0,0,0,0,0,0,0,100
241020,2868,977,88,43,9999,0,0,428,0,0,0,4192,1794,0,0,63,2,2,4,1651,545,2000,1,0,4,70,72,53942,15395,341,1379,382,66,1402,0,17,4,0,2,0,0,10,0,0,0,0,0,1680,1760,1680,1760,4128,2208,11416,841,0,0,0,0,100,34,50,46,45,34,33,31,0,0,80,0,0,0,0,0,0,13642,1140,958,0,889,68,254,254,100,4,1,0,0,0,0,0,0,0,0,0,0,0,0,0,0,0,0,0,0,0,100,0,0,0,0,0,0,0,0,0,0,0,0,0,0,0,0,0,0,0,0,100
242020,2868,977,88,43,9999,0,0,511,0,0,0,4192,2142,0,0,63,2,2,4,1651,545,2000,1,0,4,71,72,46070,15313,338,1304,332,69,1409,0,27,6,0,2,0,0,10,0,0,0,0,0,1680,1760,1680,1760,4128,2208,10120,841,0,0,0,0,100,29,49,49,44,29,27,26,0,0,77,0,0,0,0,0,0,13642,1140,958,0,889,68,254,254,100,5,1,0,0,0,0,0,0,0,0,0,0,0,0,0,0,0,0,0,0,0,100,0,0,0,0,0,0,0,0,0,0,0,0,0,0,0,0,0,0,0,0,100
243020,2868,977,88,43,9999,0,0,650,0,0,0,4192,2724,0,0,63,2,2,4,1651,545,2000,1,0,4,72,72,49317,15212,314,1179,329,162,1385,0,0,4,0,2,0,0,10,0,0,0,0,0,1680,1760,1680,1760,4128,2208,10595,848,0,0,0,0,100,30,50,47,44,30,27,28,0,0,77,0,0,0,0,0,0,13642,1140,958,0,889,68,254,254,100,4,1,0,0,0,0,0,0,0,0,0,0,0,0,0,0,0,0,0,0,0,100,0,0,0,0,0,0,0,0,0,0,0,0,0,0,0,0,0,0,0,0,100
244020,2868,977,88,43,9999,0,0,680,0,0,0,4192,2850,0,0,63,2,2,4,1651,545,2000,1,0,4,71,72,46597,15275,339,1257,347,71,1461,0,2,10,0,2,0,0,10,0,0,0,0,0,1680,1760,1680,1760,4128,2208,8666,864,0,0,0,0,100,27,46,41,40,27,25,25,0,0,74,0,0,0,0,0,0,13642,1140,958,0,889,68,254,254,100,5,1,0,0,0,0,0,0,0,0,0,0,0,0,0,0,0,0,0,0,0,100,0,0,0,0,0,0,0,0,0,0,0,0,0,0,0,0,0,0,0,0,100
245020,2868,977,88,43,9999,0,0,773,0,0,0,4192,3240,0,0,63,2,2,4,1651,545,2000,1,0,4,72,72,43785,15375,407,1436,559,68,2005,2,21,7,0,2,0,0,10,0,0,0,0,0,1680,1760,1680,1760,4128,2208,10346,827,0,0,0,0,100,28,47,48,46,26,28,28,0,0,77,0,0,0,0,0,0,13642,1140,958,0,889,68,254,254,100,5,1,0,0,0,0,0,0,0,0,0,0,0,0,0,0,0,0,0,0,0,100,0,0,0,0,0,0,0,0,0,0,0,0,0,0,0,0,0,0,0,0,100
246021,2868,977,88,43,9999,0,0,656,0,0,0,4177,2740,0,0,63,2,2,4,1651,545,2000,1,0,4,70,72,54651,15881,355,1855,446,67,1320,0,28,6,0,2,0,0,10,0,0,0,0,0,1680,1760,1680,1760,4128,2208,11287,833,0,0,0,0,100,31,51,51,50,30,31,26,0,0,81,0,0,0,0,0,0,13642,1140,958,0,889,68,254,254,100,6,1,0,0,0,0,0,0,0,0,0,0,0,0,0,0,0,0,0,0,0,100,0,0,0,0,0,0,0,0,0,0,0,0,0,0,0,0,0,0,0,0,100
247020,2868,977,88,43,9999,0,0,744,0,0,0,4177,3107,0,0,63,2,2,4,1651,545,2000,1,0,4,71,72,47073,15593,321,1224,285,163,1462,0,34,9,0,2,0,0,10,0,0,0,0,0,1680,1760,1680,1760,4128,2208,10499,841,0,0,0,0,100,31,53,46,43,31,27,25,0,0,89,0,0,0,0,0,0,13642,1140,958,0,889,68,254,254,100,7,2,0,0,0,0,0,0,0,0,0,0,0,0,0,0,0,0,0,0,0,100,0,0,0,0,0,0,0,0,0,0,0,0,0,0,0,0,0,0,0,0,100
248020,2868,977,88,43,9999,0,0,548,0,0,0,4177,2288,0,0,63,2,2,4,1651,545,2000,1,0,4,71,72,779,15404,339,1310,335,68,1353,0,54,0,0,2,0,0,10,0,0,0,0,0,1680,1760,1680,1760,4128,2208,11986,838,0,0,0,0,100,26,47,48,47,26,24,26,0,0,86,0,0,0,0,0,0,13642,1140,958,0,889,68,254,254,100,0,0,0,0,0,0,0,0,0,0,0,0,0,0,0,0,0,0,0,0,0,100,0,0,0,0,0,0,0,0,0,0,0,0,0,0,0,0,0,0,0,0,100
249020,2868,977,88,43,9999,0,0,822,0,0,0,4200,3452,0,0,63,2,2,4,1651,545,2000,1,0,4,69,72,54178,15268,342,1108,320,69,1398,0,3,11,0,2,0,0,10,0,0,0,0,0,1680,1760,1680,1760,4128,2208,10417,830,0,0,0,0,100,28,48,48,43,27,28,25,0,0,84,0,0,0,0,0,0,13642,1140,958,0,889,68,254,254,100,5,1,0,0,0,0,0,0,0,0,0,0,0,0,0,0,0,0,0,0,0,100,0,0,0,0,0,0,0,0,0,0,0,0,0,0,0,0,0,0,0,0,100
250020,2868,977,88,43,9999,0,0,575,0,0,0,4200,2415,0,0,63,2,2,4,1651,545,2000,1,0,4,71,72,47158,15193,358,1040,278,68,1206,0,1,6,0,2,0,0,10,0,0,0,0,0,1680,1760,1680,1760,4128,2208,9811,841,0,0,0,0,100,28,46,50,50,27,28,28,0,0,82,0,0,0,0,0,0,13642,1140,958,0,889,68,254,254,100,5,1,0,0,0,0,0,0,0,0,0,0,0,0,0,0,0,0,0,0,0,100,0,0,0,0,0,0,0,0,0,0,0,0,0,0,0,0,0,0,0,0,100
251021,2868,977,88,43,9999,0,0,607,0,0,0,4200,2549,0,0,63,2,2,4,1382,545,2000,1,0,4,70,72,53177,15198,354,1143,386,68,1277,0,33,4,0,2,0,0,10,0,0,0,0,0,1680,1760,1680,1760,4128,2208,9039,878,0,0,0,0,100,30,49,49,46,30,28,24,0,0,79,0,0,0,0,0,0,13642,1140,958,0,889,68,254,254,100,4,1,0,0,0,0,0,0,0,0,0,0,0,0,0,0,0,0,0,0,0,100,0,0,0,0,0,0,0,0,0,0,0,0,0,0,0,0,0,0,0,0,100
252020,2868,977,88,43,9999,0,0,781,0,0,0,4200,3280,0,0,63,2,2,4,1382,545,2000,1,0,4,72,72,44833,15086,340,1042,330,67,1076,0,3,6,0,2,0,0,10,0,0,0,0,0,1680,1760,1680,1760,4128,2208,10687,840,0,0,0,0,100,29,50,48,47,29,27,28,0,0,79,0,0,0,0,0,0,13642,1140,958,0,889,68,254,254,100,5,1,0,0,0,0,0,0,0,0,0,0,0,0,0,0,0,0,0,0,0,100,0,0,0,0,0,0,0,0,0,0,0,0,0,0,0,0,0,0,0,0,100
253021,2868,977,88,43,9999,0,0,862,0,0,0,4200,3620,0,0,63,2,2,4,1382,545,2000,1,0,4,70,72,48510,15112,312,917,312,161,1489,0,2,6,0,2,0,0,10,0,0,0,0,0,1680,1760,1680,1760,4128,2208,11528,836,0,0,0,0,100,31,52,50,53,30,27,31,0,0,84,0,0,0,0,0,0,13642,1140,958,0,889,68,254,254,100,5,1,0,0,0,0,0,0,0,0,0,0,0,0,0,0,0,0,0,0,0,100,0,0,0,0,0,0,0,0,0,0,0,0,0,0,0,0,0,0,0,0,100
254021,2868,977,88,43,9999,0,0,658,0,0,0,4200,2763,0,0,63,2,2,4,1382,545,2000,1,0,4,70,72,47614,15258,344,1164,422,67,1554,0,18,8,0,2,0,0,10,0,0,0,0,0,1680,1760,1680,1760,4128,2208,11572,830,0,0,0,0,100,31,50,50,48,31,29,28,0,0,84,0,0,0,0,0,0,13642,1140,958,0,889,68,254,254,100,5,1,0,0,0,0,0,0,0,0,0,0,0,0,0,0,0,0,0,0,0,100,0,0,0,0,0,0,0,0,0,0,0,0,0,0,0,0,0,0,0,0,100
255021,2868,977,88,43,9999,0,0,610,0,0,0,4200,2562,0,0,63,2,2,4,1382,545,2000,1,0,4,71,72,51634,15383,362,1179,277,81,1198,0,2,7,0,2,0,0,10,0,0,0,0,0,1680,1760,1680,1760,4128,2208,9897,832,0,0,0,0,100,26,48,50,47,25,26,26,0,0,83,0,0,0,0,0,0,13642,1140,958,0,889,68,254,254,100,4,1,0,0,0,0,0,0,0,0,0,0,0,0,0,0,0,0,0,0,0,100,0,0,0,0,0,0,0,0,0,0,0,0,0,0,0,0,0,0,0,0,100
256021,2868,977,88,43,9999,0,0,797,0,0,0,4200,3347,0,0,63,2,2,4,1382,545,2000,1,0,4,71,72,48170,15220,337,1136,331,69,1183,0,4,9,0,2,0,0,10,0,0,0,0,0,1680,1760,1680,1760,4128,2208,9516,848,0,0,0,0,100,28,50,48,49,28,26,25,0,0,81,0,0,0,0,0,0,13642,1140,958,0,889,68,254,254,100,6,1,0,0,0,0,0,0,0,0,0,0,0,0,0,0,0,0,0,0,0,100,0,0,0,0,0,0,0,0,0,0,0,0,0,0,0,0,0,0,0,0,100
257021,2868,977,88,43,9999,0,0,670,0,0,0,4200,2814,0,0,63,2,2,4,1382,545,2000,1,0,4,72,72,45607,15251,336,1123,399,73,1374,0,21,7,0,2,0,0,10,0,0,0,0,0,1680,1760,1680,1760,4128,2208,9984,842,0,0,0,0,100,28,49,47,49,28,27,25,0,0,82,0,0,0,0,0,0,13642,1140,958,0,889,68,254,254,100,5,1,0,0,0,0,0,0,0,0,0,0,0,0,0,0,0,0,0,0,0,100,0,0,0,0,0,0,0,0,0,0,0,0,0,0,0,0,0,0,0,0,100
258023,2868,977,88,43,9999,0,0,364,0,0,0,4200,1528,0,0,63,2,2,3,1382,545,2000,1,0,4,69,72,55500,15303,335,1379,373,69,1123,0,19,0,0,2,0,0,10,0,0,0,0,0,1680,1760,1680,1760,4128,2208,8477,876,0,0,0,0,100,30,49,49,48,30,30,29,0,0,71,0,0,0,0,0,0,13642,1140,958,0,889,68,254,254,100,0,0,0,0,0,0,0,0,0,0,0,0,0,0,0,0,0,0,0,0,0,100,0,0,0,0,0,0,0,0,0,0,0,0,0,0,0,0,0,0,0,0,100
259049,2865,975,88,43,9999,0,0,354,0,0,0,4198,1486,0,0,63,2,2,4,1382,545,2000,1,0,4,72,72,43219,15199,341,1268,344,70,1168,0,2,5,0,2,0,0,10,0,0,0,0,0,1680,1760,1680,1760,4128,2208,8428,854,0,0,0,0,100,32,52,46,50,30,32,29,0,0,71,0,0,0,0,0,0,13642,1138,955,0,889,66,254,254,100,5,1,0,0,0,0,0,0,0,0,0,0,0,0,0,0,0,0,0,0,0,100,0,0,0,0,0,0,0,0,0,0,0,0,0,0,0,0,0,0,0,0,100
260023,2865,975,88,43,9999,0,0,432,0,0,0,4198,1813,0,0,63,2,2,4,1382,545,2000,1,0,4,72,72,44295,15069,336,1254,345,71,967,0,0,3,0,2,0,0,10,0,0,0,0,0,1680,1760,1680,1760,4128,2208,9887,909,0,0,0,0,100,31,50,48,50,31,29,29,0,0,70,0,0,0,0,0,0,13642,1138,955,0,889,66,254,254,100,2,1,0,0,0,0,0,0,0,0,0,0,0,0,0,0,0,0,0,0,0,100,0,0,0,0,0,0,0,0,0,0,0,0,0,0,0,0,0,0,0,0,100
261023,2865,975,88,43,9999,0,0,706,0,0,0,4198,2963,0,0,63,2,2,3,1382,545,2000,1,0,4,72,72,47530,15146,340,1354,370,67,1343,0,20,8,0,2,0,0,10,0,0,0,0,0,1680,1760,1680,1760,4128,2208,7983,852,0,0,0,0,100,33,53,50,50,30,33,29,0,0,67,0,0,0,0,0,0,13642,1138,955,0,889,66,254,254,100,5,1,0,0,0,0,0,0,0,0,0,0,0,0,0,0,0,0,0,0,0,100,0,0,0,0,0,0,0,0,0,0,0,0,0,0,0,0,0,0,0,0,100
262023,2865,975,88,43,9999,0,0,905,0,0,0,4198,3799,0,0,63,2,2,4,1382,545,2000,1,0,4,72,72,41771,14998,308,1179,350,154,1555,0,2,6,0,2,0,0,10,0,0,0,0,0,1680,1760,1680,1760,4128,2208,8243,860,0,0,0,0,100,31,53,50,51,29,31,27,0,0,69,0,0,0,0,0,0,13642,1138,955,0,889,66,254,254,100,5,1,0,0,0,0,0,0,0,0,0,0,0,0,0,0,0,0,0,0,0,100,0,0,0,0,0,0,0,0,0,0,0,0,0,0,0,0,0,0,0,0,100
263023,2865,975,88,43,9999,0,0,548,0,0,0,4198,2300,0,0,63,2,2,3,1382,545,2000,1,0,4,71,72,45483,15080,284,1435,334,68,1202,0,0,3,0,2,0,0,10,0,0,0,0,0,1680,1760,1680,1760,4128,2208,9035,909,0,0,0,0,100,31,55,50,50,31,29,28,0,0,69,0,0,0,0,0,0,13642,1138,955,0,889,66,254,254,100,2,1,0,0,0,0,0,0,0,0,0,0,0,0,0,0,0,0,0,0,0,100,0,0,0,0,0,0,0,0,0,0,0,0,0,0,0,0,0,0,0,0,100
264023,2865,975,88,43,9999,0,0,647,0,0,0,4198,2716,0,0,63,2,2,4,1382,545,2000,1,0,4,71,72,43339,15048,270,1268,354,67,1479,0,21,6,0,2,0,0,10,0,0,0,0,0,1680,1760,1680,1760,4128,2208,9413,845,0,0,0,0,100,32,52,50,50,31,32,30,0,0,71,0,0,0,0,0,0,13642,1138,955,0,889,66,254,254,100,5,1,0,0,0,0,0,0,0,0,0,0,0,0,0,0,0,0,0,0,0,100,0,0,0,0,0,0,0,0,0,0,0,0,0,0,0,0,0,0,0,0,100
265024,2865,975,88,43,9999,0,0,559,0,0,0,4198,2346,0,0,63,2,2,4,1382,545,2000,1,0,4,72,72,47624,15061,331,1221,293,76,1011,0,0,3,0,2,0,0,10,0,0,0,0,0,1680,1760,1680,1760,4128,2208,8920,897,0,0,0,0,100,31,51,50,50,31,31,30,0,0,71,0,0,0,0,0,0,13642,1138,955,0,889,66,254,254,100,2,1,0,0,0,0,0,0,0,0,0,0,0,0,0,0,0,0,0,0,0,100,0,0,0,0,0,0,0,0,0,0,0,0,0,0,0,0,0,0,0,0,100
266023,2865,975,88,43,9999,0,0,524,0,0,0,4198,2199,0,0,63,2,2,4,1382,545,2000,1,0,4,71,72,44748,14868,284,1139,301,68,1078,0,3,8,0,2,0,0,10,0,0,0,0,0,1680,1760,1680,1760,4128,2208,9357,834,0,0,0,0,100,31,47,47,49,30,31,29,0,0,69,0,0,0,0,0,0,13642,1138,955,0,889,66,254,254,100,5,1,0,0,0,0,0,0,0,0,0,0,0,0,0,0,0,0,0,0,0,100,0,0,0,0,0,0,0,0,0,0,0,0,0,0,0,0,0,0,0,0,100
267023,2865,975,88,43,9999,0,0,476,0,0,0,4198,1998,0,0,63,2,2,3,1382,545,2000,1,0,4,72,72,42144,14827,409,1039,289,67,1123,0,19,6,0,2,0,0,10,0,0,0,0,0,1680,1760,1680,1760,4128,2208,6255,908,0,0,0,0,100,35,49,42,47,32,35,28,0,0,66,0,0,0,0,0,0,13642,1138,955,0,889,66,254,254,100,5,1,0,0,0,0,0,0,0,0,0,0,0,0,0,0,0,0,0,0,0,100,0,0,0,0,0,0,0,0,0,0,0,0,0,0,0,0,0,0,0,0,100
268023,2865,975,88,43,9999,0,0,556,0,0,0,4198,2334,0,0,63,2,2,2,1382,545,2000,1,0,4,71,72,50442,14835,316,1228,243,66,874,0,29,3,0,2,0,0,10,0,0,0,0,0,1680,1760,1680,1760,4128,2208,6096,946,0,0,0,0,100,31,50,43,44,31,27,27,0,0,57,0,0,0,0,0,0,13642,1138,955,0,889,66,254,254,100,2,1,0,0,0,0,0,0,0,0,0,0,0,0,0,0,0,0,0,0,0,100,0,0,0,0,0,0,0,0,0,0,0,0,0,0,0,0,0,0,0,0,100
269023,2865,975,88,43,9999,0,0,391,0,0,0,4208,1645,0,0,63,2,2,2,1382,545,2000,1,0,4,72,72,40088,15023,414,1355,502,67,1976,1,23,5,0,2,0,0,10,0,0,0,0,0,1680,1760,1680,1760,4128,2208,6749,927,0,0,0,0,100,31,51,46,50,31,31,30,0,0,58,0,0,0,0,0,0,13642,1138,955,0,889,66,254,254,100,5,1,0,0,0,0,0,0,0,0,0,0,0,0,0,0,0,0,0,0,0,100,0,0,0,0,0,0,0,0,0,0,0,0,0,0,0,0,0,0,0,0,100
270023,2865,975,88,43,9999,0,0,519,0,0,0,4208,2183,0,0,63,2,2,2,1382,545,2000,1,0,4,72,72,46143,15363,301,1855,359,67,979,0,0,2,0,2,0,0,10,0,0,0,0,0,1680,1760,1680,1760,4128,2208,9473,982,0,0,0,0,100,35,48,46,47,29,35,29,0,0,61,0,0,0,0,0,0,13642,1138,955,0,889,66,254,254,100,1,1,0,0,0,0,0,0,0,0,0,0,0,0,0,0,0,0,0,0,0,100,0,0,0,0,0,0,0,0,0,0,0,0,0,0,0,0,0,0,0,0,100
271023,2865,975,88,43,9999,0,0,462,0,0,0,4208,1944,0,0,63,2,2,4,1382,456,2000,1,0,4,73,72,46079,15134,334,1081,351,68,1217,0,18,10,0,2,0,0,10,0,0,0,0,0,1680,1760,1680,1760,4128,2208,9422,954,0,0,0,0,100,31,49,45,48,31,31,28,0,0,72,0,0,0,0,0,0,13642,1138,955,0,889,66,254,254,100,5,1,0,0,0,0,0,0,0,0,0,0,0,0,0,0,0,0,0,0,0,100,0,0,0,0,0,0,0,0,0,0,0,0,0,0,0,0,0,0,0,0,100
272023,2865,975,88,43,9999,0,0,730,0,0,0,4208,3071,0,0,63,2,2,4,1382,456,2000,1,0,4,72,72,45003,15136,330,1083,344,145,1177,0,0,5,0,2,0,0,10,0,0,0,0,0,1680,1760,1680,1760,4128,2208,9385,903,0,0,0,0,100,33,46,41,41,33,27,29,0,0,74,0,0,0,0,0,0,13642,1138,955,0,889,66,254,254,100,5,1,0,0,0,0,0,0,0,0,0,0,0,0,0,0,0,0,0,0,0,100,0,0,0,0,0,0,0,0,0,0,0,0,0,0,0,0,0,0,0,0,100
273023,2865,975,88,43,9999,0,0,684,0,0,0,4208,2878,0,0,63,2,2,4,1382,456,2000,1,0,4,72,72,45518,15038,339,907,260,164,1235,0,0,4,0,2,0,0,10,0,0,0,0,0,1680,1760,1680,1760,4128,2208,10021,871,0,0,0,0,100,29,45,47,45,26,29,26,0,0,78,0,0,0,0,0,0,13642,1138,955,0,889,66,254,254,100,3,1,0,0,0,0,0,0,0,0,0,0,0,0,0,0,0,0,0,0,0,100,0,0,0,0,0,0,0,0,0,0,0,0,0,0,0,0,0,0,0,0,100
274023,2865,975,88,43,9999,0,0,860,0,0,0,4208,3618,0,0,63,2,2,4,1382,456,2000,1,0,4,71,72,45799,15138,315,1053,416,67,1491,0,32,6,0,2,0,0,10,0,0,0,0,0,1680,1760,1680,1760,4128,2208,9228,885,0,0,0,0,100,28,46,39,43,28,27,26,0,0,79,0,0,0,0,0,0,13642,1138,955,0,889,66,254,254,100,5,1,0,0,0,0,0,0,0,0,0,0,0,0,0,0,0,0,0,0,0,100,0,0,0,0,0,0,0,0,0,0,0,0,0,0,0,0,0,0,0,0,100
275023,2865,975,88,43,9999,0,0,802,0,0,0,4208,3374,0,0,63,2,2,4,1382,456,2000,1,0,4,71,72,54867,15201,325,897,297,68,1441,0,3,6,0,2,0,0,10,0,0,0,0,0,1680,1760,1680,1760,4128,2208,13910,864,0,0,0,0,100,31,42,41,42,29,31,28,0,0,88,0,0,0,0,0,0,13642,1138,955,0,889,66,254,254,100,5,1,0,0,0,0,0,0,0,0,0,0,0,0,0,0,0,0,0,0,0,100,0,0,0,0,0,0,0,0,0,0,0,0,0,0,0,0,0,0,0,0,100
276023,2865,975,88,43,9999,0,0,488,0,0,0,4208,2053,0,0,63,2,2,4,1382,456,2000,1,0,4,70,72,53938,15283,358,1192,390,68,1411,0,39,9,0,2,0,0,10,0,0,0,0,0,1680,1760,1680,1760,4128,2208,8239,872,0,0,0,0,100,29,44,41,43,29,26,29,0,0,80,0,0,0,0,0,0,13642,1138,955,0,889,66,254,254,100,8,1,0,0,0,0,0,0,0,0,0,0,0,0,0,0,0,0,0,0,0,100,0,0,0,0,0,0,0,0,0,0,0,0,0,0,0,0,0,0,0,0,100
277024,2865,975,88,43,9999,0,0,681,0,0,0,4208,2865,0,0,63,2,2,4,1382,456,2000,1,0,4,71,72,47808,15133,349,1220,320,74,1427,0,3,6,0,2,0,0,10,0,0,0,0,0,1680,1760,1680,1760,4128,2208,11057,923,0,0,0,0,100,32,45,41,46,32,29,31,0,0,75,0,0,0,0,0,0,13642,1138,955,0,889,66,254,254,100,5,1,0,0,0,0,0,0,0,0,0,0,0,0,0,0,0,0,0,0,0,100,0,0,0,0,0,0,0,0,0,0,0,0,0,0,0,0,0,0,0,0,100
278024,2865,975,88,43,9999,0,0,517,0,0,0,4208,2175,0,0,63,2,2,4,1382,456,2000,1,0,4,70,72,49289,15247,335,1462,271,67,891,0,25,2,0,2,0,0,10,0,0,0,0,0,1680,1760,1680,1760,4128,2208,7476,932,0,0,0,0,100,31,44,43,44,28,31,26,0,0,69,0,0,0,0,0,0,13642,1138,955,0,889,66,254,254,100,1,1,0,0,0,0,0,0,0,0,0,0,0,0,0,0,0,0,0,0,0,100,0,0,0,0,0,0,0,0,0,0,0,0,0,0,0,0,0,0,0,0,100
279046,2870,968,88,43,9999,0,0,735,0,0,0,4203,3089,0,0,63,2,2,4,1382,456,2000,1,0,4,73,72,42248,15151,325,1387,359,68,1413,0,23,6,0,2,0,0,10,0,0,0,0,0,1680,1760,1680,1760,4128,2208,9614,901,0,0,0,0,100,33,45,40,43,32,33,33,0,0,72,0,0,0,0,0,0,13642,1131,948,0,889,59,254,254,100,5,1,0,0,0,0,0,0,0,0,0,0,0,0,0,0,0,0,0,0,0,100,0,0,0,0,0,0,0,0,0,0,0,0,0,0,0,0,0,0,0,0,100
280024,2870,968,88,43,9999,0,0,705,0,0,0,4203,2963,0,0,63,2,2,3,1382,456,2000,1,0,4,71,72,49723,15259,334,1311,364,76,1215,0,2,3,0,2,0,0,10,0,0,0,0,0,1680,1760,1680,1760,4128,2208,10684,923,0,0,0,0,100,30,49,45,44,30,30,28,0,0,76,0,0,0,0,0,0,13642,1131,948,0,889,59,254,254,100,2,1,0,0,0,0,0,0,0,0,0,0,0,0,0,0,0,0,0,0,0,100,0,0,0,0,0,0,0,0,0,0,0,0,0,0,0,0,0,0,0,0,100
281024,2870,968,88,43,9999,0,0,566,0,0,0,4203,2378,0,0,63,2,2,4,1382,545,2000,1,0,4,72,72,50292,15431,385,1410,511,67,1607,1,39,9,0,2,0,0,10,0,0,0,0,0,1680,1760,1680,1760,4128,2208,12430,868,0,0,0,0,100,30,48,43,43,27,27,30,0,0,80,0,0,0,0,0,0,13642,1131,948,0,889,59,254,254,100,5,1,0,0,0,0,0,0,0,0,0,0,0,0,0,0,0,0,0,0,0,100,0,0,0,0,0,0,0,0,0,0,0,0,0,0,0,0,0,0,0,0,100
282024,2870,968,88,43,9999,0,0,646,0,0,0,4203,2715,0,0,63,2,2,4,1382,545,2000,1,0,4,70,72,51128,15411,351,1224,303,163,1405,0,1,8,0,2,0,0,10,0,0,0,0,0,1680,1760,1680,1760,4128,2208,9854,876,0,0,0,0,100,28,43,43,45,27,28,25,0,0,81,0,0,0,0,0,0,13642,1131,948,0,889,59,254,254,100,6,1,0,0,0,0,0,0,0,0,0,0,0,0,0,0,0,0,0,0,0,100,0,0,0,0,0,0,0,0,0,0,0,0,0,0,0,0,0,0,0,0,100
283024,2870,968,88,43,9999,0,0,589,0,0,0,4203,2475,0,0,63,2,2,4,1382,545,2000,1,0,4,70,72,50561,15314,340,1278,365,67,1384,0,18,4,0,2,0,0,10,0,0,0,0,0,1680,1760,1680,1760,4128,2208,9823,884,0,0,0,0,100,30,52,46,46,30,30,30,0,0,80,0,0,0,0,0,0,13642,1131,948,0,889,59,254,254,100,5,1,0,0,0,0,0,0,0,0,0,0,0,0,0,0,0,0,0,0,0,100,0,0,0,0,0,0,0,0,0,0,0,0,0,0,0,0,0,0,0,0,100
284025,2870,968,88,43,9999,0,0,875,0,0,0,4203,3677,0,0,63,2,2,4,1382,545,2000,1,0,4,73,72,44686,15182,343,1020,344,69,1216,0,7,6,0,2,0,0,10,0,0,0,0,0,1680,1760,1680,1760,4128,2208,10618,873,0,0,0,0,100,32,50,46,47,32,32,32,0,0,83,0,0,0,0,0,0,13642,1131,948,0,889,59,254,254,100,5,1,0,0,0,0,0,0,0,0,0,0,0,0,0,0,0,0,0,0,0,100,0,0,0,0,0,0,0,0,0,0,0,0,0,0,0,0,0,0,0,0,100
285024,2870,968,88,43,9999,0,0,845,0,0,0,4203,3551,0,0,63,2,2,4,1382,545,2000,1,0,4,70,72,53502,15339,313,1070,340,69,1488,0,13,4,0,2,0,0,10,0,0,0,0,0,1680,1760,1680,1760,4128,2208,9986,889,0,0,0,0,100,31,48,43,47,31,30,29,0,0,83,0,0,0,0,0,0,13642,1131,948,0,889,59,254,254,100,2,1,0,0,0,0,0,0,0,0,0,0,0,0,0,0,0,0,0,0,0,100,0,0,0,0,0,0,0,0,0,0,0,0,0,0,0,0,0,0,0,0,100
286024,2870,968,88,43,9999,0,0,575,0,0,0,4203,2416,0,0,63,2,2,4,1382,545,2000,1,0,4,71,72,47114,15297,346,1149,316,72,1374,0,3,6,0,2,0,0,10,0,0,0,0,0,1680,1760,1680,1760,4128,2208,9387,904,0,0,0,0,100,30,48,46,46,28,30,30,0,0,79,0,0,0,0,0,0,13642,1131,948,0,889,59,254,254,100,5,1,0,0,0,0,0,0,0,0,0,0,0,0,0,0,0,0,0,0,0,100,0,0,0,0,0,0,0,0,0,0,0,0,0,0,0,0,0,0,0,0,100
287024,2870,968,88,43,9999,0,0,643,0,0,0,4203,2702,0,0,63,2,2,4,1382,545,2000,1,0,4,72,72,45104,15192,498,1222,301,165,1509,1,0,3,0,2,0,0,10,0,0,0,0,0,1680,1760,1680,1760,4128,2208,11528,927,0,0,0,0,100,29,48,41,46,29,29,27,0,0,79,0,0,0,0,0,0,13642,1131,948,0,889,59,254,254,100,2,1,0,0,0,0,0,0,0,0,0,0,0,0,0,0,0,0,0,0,0,100,0,0,0,0,0,0,0,0,0,0,0,0,0,0,0,0,0,0,0,0,100
288024,2870,968,88,43,9999,0,0,521,0,0,0,4203,2189,0,0,63,2,2,4,1382,545,2000,1,0,4,70,72,50358,15411,287,1631,421,67,1775,1,26,9,0,2,0,0,10,0,0,0,0,0,1680,1760,1680,1760,4128,2208,8510,870,0,0,0,0,100,31,46,43,47,29,30,31,0,0,75,0,0,0,0,0,0,13642,1131,948,0,889,59,254,254,100,5,1,0,0,0,0,0,0,0,0,0,0,0,0,0,0,0,0,0,0,0,100,0,0,0,0,0,0,0,0,0,0,0,0,0,0,0,0,0,0,0,0,100
289024,2870,968,88,43,9999,0,0,570,0,0,0,4190,2388,0,0,63,2,2,4,1382,545,2000,1,0,4,73,72,43196,15326,335,1462,451,67,2024,1,23,8,0,2,0,0,10,0,0,0,0,0,1680,1760,1680,1760,4128,2208,10064,848,0,0,0,0,100,34,46,46,47,34,33,30,0,0,78,0,0,0,0,0,0,13642,1131,948,0,889,59,254,254,100,5,2,0,0,0,0,0,0,0,0,0,0,0,0,0,0,0,0,0,0,0,100,0,0,0,0,0,0,0,0,0,0,0,0,0,0,0,0,0,0,0,0,100
290024,2870,968,88,43,9999,0,0,586,0,0,0,4190,2455,0,0,63,2,2,4,1382,545,2000,1,0,4,69,72,54664,15500,479,1590,454,67,1376,0,25,4,0,2,0,0,10,0,0,0,0,0,1680,1760,1680,1760,4128,2208,8660,914,0,0,0,0,100,30,50,47,48,28,30,29,0,0,74,0,0,0,0,0,0,13642,1131,948,0,889,59,254,254,100,4,1,0,0,0,0,0,0,0,0,0,0,0,0,0,0,0,0,0,0,0,100,0,0,0,0,0,0,0,0,0,0,0,0,0,0,0,0,0,0,0,0,100
291025,2870,968,88,43,9999,0,0,716,0,0,0,4190,3000,0,0,63,2,2,4,1382,545,2000,1,0,4,72,72,44843,15324,333,1464,334,67,1353,0,21,5,0,2,0,0,10,0,0,0,0,0,1680,1760,1680,1760,4128,2208,8341,885,0,0,0,0,100,33,47,47,44,33,31,26,0,0,73,0,0,0,0,0,0,13642,1131,948,0,889,59,254,254,100,5,1,0,0,0,0,0,0,0,0,0,0,0,0,0,0,0,0,0,0,0,100,0,0,0,0,0,0,0,0,0,0,0,0,0,0,0,0,0,0,0,0,100
292025,2870,968,88,43,9999,0,0,536,0,0,0,4190,2245,0,0,63,2,2,4,1382,545,2000,1,0,4,72,72,48124,15280,342,1185,354,163,1166,0,0,3,0,2,0,0,10,0,0,0,0,0,1680,1760,1680,1760,4128,2208,10949,882,0,0,0,0,100,31,50,44,46,31,31,28,0,0,76,0,0,0,0,0,0,13642,1131,948,0,889,59,254,254,100,2,1,0,0,0,0,0,0,0,0,0,0,0,0,0,0,0,0,0,0,0,100,0,0,0,0,0,0,0,0,0,0,0,0,0,0,0,0,0,0,0,0,100
293025,2870,968,88,43,9999,0,0,1090,0,0,0,4190,4567,0,0,63,2,2,4,1382,545,2000,1,0,4,71,72,47255,15167,308,1035,301,73,1323,0,2,11,0,2,0,0,10,0,0,0,0,0,1680,1760,1680,1760,4128,2208,10557,875,0,0,0,0,100,29,47,45,46,29,29,28,0,0,80,0,0,0,0,0,0,13642,1131,948,0,889,59,254,254,100,5,1,0,0,0,0,0,0,0,0,0,0,0,0,0,0,0,0,0,0,0,100,0,0,0,0,0,0,0,0,0,0,0,0,0,0,0,0,0,0,0,0,100
294025,2870,968,88,43,9999,0,0,708,0,0,0,4190,2966,0,0,63,2,2,4,1382,545,2000,1,0,4,73,72,45274,15267,345,957,325,75,1419,0,9,7,0,2,0,0,10,0,0,0,0,0,1680,1760,1680,1760,4128,2208,11350,862,0,0,0,0,100,34,46,44,44,28,34,26,0,0,83,0,0,0,0,0,0,13642,1131,948,0,889,59,254,254,100,5,1,0,0,0,0,0,0,0,0,0,0,0,0,0,0,0,0,0,0,0,100,0,0,0,0,0,0,0,0,0,0,0,0,0,0,0,0,0,0,0,0,100
295025,2870,968,88,43,9999,0,0,719,0,0,0,4190,3012,0,0,63,2,2,4,1382,545,2000,1,0,4,69,72,54574,15266,341,1222,340,67,1344,0,26,1,0,2,0,0,10,0,0,0,0,0,1680,1760,1680,1760,4128,2208,9934,876,0,0,0,0,100,31,46,44,44,31,28,30,0,0,80,0,0,0,0,0,0,13642,1131,948,0,889,59,254,254,100,1,1,0,0,0,0,0,0,0,0,0,0,0,0,0,0,0,0,0,0,0,100,0,0,0,0,0,0,0,0,0,0,0,0,0,0,0,0,0,0,0,0,100
296025,2870,968,88,43,9999,0,0,490,0,0,0,4190,2053,0,0,63,2,2,3,1382,545,2000,1,0,4,72,72,45119,15182,339,1202,311,68,1179,0,5,5,0,2,0,0,10,0,0,0,0,0,1680,1760,1680,1760,4128,2208,9079,946,0,0,0,0,100,29,44,41,41,27,29,28,0,0,75,0,0,0,0,0,0,13642,1131,948,0,889,59,254,254,100,5,1,0,0,0,0,0,0,0,0,0,0,0,0,0,0,0,0,0,0,0,100,0,0,0,0,0,0,0,0,0,0,0,0,0,0,0,0,0,0,0,0,100
297025,2870,968,88,43,9999,0,0,545,0,0,0,4190,2283,0,0,63,2,2,2,1382,545,2000,1,0,4,72,72,45532,15132,270,1223,324,154,1543,0,0,3,0,2,0,0,10,0,0,0,0,0,1680,1760,1680,1760,4128,2208,9795,972,0,0,0,0,100,31,43,42,46,27,29,31,0,0,75,0,0,0,0,0,0,13642,1131,948,0,889,59,254,254,100,2,1,0,0,0,0,0,0,0,0,0,0,0,0,0,0,0,0,0,0,0,100,0,0,0,0,0,0,0,0,0,0,0,0,0,0,0,0,0,0,0,0,100
298025,2870,968,88,43,9999,0,0,607,0,0,0,4190,2543,0,0,63,2,2,4,1382,545,2000,1,0,4,71,72,52230,15648,375,1969,621,66,2208,1,44,9,0,2,0,0,10,0,0,0,0,0,1680,1760,1680,1760,4128,2208,8755,900,0,0,0,0,100,30,46,44,45,30,29,28,0,0,70,0,0,0,0,0,0,13642,1131,948,0,889,59,254,254,100,5,1,0,0,0,0,0,0,0,0,0,0,0,0,0,0,0,0,0,0,0,100,0,0,0,0,0,0,0,0,0,0,0,0,0,0,0,0,0,0,0,0,100
299053,2867,965,88,43,9999,0,0,605,0,0,0,4193,2536,0,0,63,2,3,4,1382,545,2000,1,0,4,72,72,42650,15460,311,1592,392,73,1814,0,9,6,0,2,0,0,10,0,0,0,0,0,1680,1760,1680,1760,4128,2208,11455,895,0,0,0,0,100,30,43,42,41,30,29,30,0,0,76,0,0,0,0,0,0,13642,1128,946,0,889,56,254,254,100,5,1,0,0,0,0,0,0,0,0,0,0,0,0,0,0,0,0,0,0,0,100,0,0,0,0,0,0,0,0,0,0,0,0,0,0,0,0,0,0,0,0,100
300025,2867,965,88,43,9999,0,0,856,0,0,0,4193,3589,0,0,63,2,2,4,1382,545,2000,1,0,4,70,72,53576,15457,325,1701,394,67,1475,0,36,1,0,2,0,0,10,0,0,0,0,0,1680,1760,1680,1760,4128,2208,9448,880,0,0,0,0,100,58,61,56,61,58,51,47,0,0,75,0,0,0,0,0,0,13642,1128,946,0,889,56,254,254,100,1,1,0,0,0,0,0,0,0,0,0,0,0,0,0,0,0,0,0,0,0,100,0,0,0,0,0,0,0,0,0,0,0,0,0,0,0,0,0,0,0,0,100
301026,2867,965,88,43,9999,0,0,565,0,0,0,4193,2369,0,0,63,2,2,4,1382,545,2000,1,0,4,71,72,45444,15317,349,1319,396,67,1550,0,40,7,0,2,0,0,10,0,0,0,0,0,1680,1760,1680,1760,4128,2208,9921,890,0,0,0,0,100,33,48,47,45,31,32,33,0,0,80,0,0,0,0,0,0,13642,1128,946,0,889,56,254,254,100,5,1,0,0,0,0,0,0,0,0,0,0,0,0,0,0,0,0,0,0,0,100,0,0,0,0,0,0,0,0,0,0,0,0,0,0,0,0,0,0,0,0,100
302026,2867,965,88,43,9999,0,0,787,0,0,0,4193,3299,0,0,63,2,2,4,1382,545,2000,1,0,4,71,72,54554,15333,370,1272,349,67,1101,0,4,1,0,2,0,0,10,0,0,0,0,0,1680,1760,1680,1760,4128,2208,9286,911,0,0,0,0,100,30,43,41,45,30,30,29,0,0,76,0,0,0,0,0,0,13642,1128,946,0,889,56,254,254,100,1,1,0,0,0,0,0,0,0,0,0,0,0,0,0,0,0,0,0,0,0,100,0,0,0,0,0,0,0,0,0,0,0,0,0,0,0,0,0,0,0,0,100
303026,2867,965,88,43,9999,0,0,596,0,0,0,4193,2499,0,0,63,2,2,4,1382,545,2000,1,0,4,72,72,49440,15163,339,1178,359,67,1329,0,22,9,0,2,0,0,10,0,0,0,0,0,1680,1760,1680,1760,4128,2208,9431,923,0,0,0,0,100,33,51,47,50,33,33,30,0,0,76,0,0,0,0,0,0,13642,1128,946,0,889,56,254,254,100,5,1,0,0,0,0,0,0,0,0,0,0,0,0,0,0,0,0,0,0,0,100,0,0,0,0,0,0,0,0,0,0,0,0,0,0,0,0,0,0,0,0,100
304026,2867,965,88,43,9999,0,0,522,0,0,0,4193,2188,0,0,63,2,2,4,1382,545,2000,1,0,4,71,72,43798,15002,326,1067,310,69,1358,0,3,7,0,2,0,0,10,0,0,0,0,0,1680,1760,1680,1760,4128,2208,10223,908,0,0,0,0,100,33,48,45,50,32,33,29,0,0,76,0,0,0,0,0,0,13642,1128,946,0,889,56,254,254,100,5,1,0,0,0,0,0,0,0,0,0,0,0,0,0,0,0,0,0,0,0,100,0,0,0,0,0,0,0,0,0,0,0,0,0,0,0,0,0,0,0,0,100
305027,2867,965,88,43,9999,0,0,390,0,0,0,4193,1635,0,0,63,2,2,4,1382,545,2000,1,0,4,69,72,52603,15229,318,1435,383,67,1427,0,44,3,0,2,0,0,10,0,0,0,0,0,1680,1760,1680,1760,4128,2208,7847,879,0,0,0,0,100,35,51,43,48,35,33,30,0,0,69,0,0,0,0,0,0,13642,1128,946,0,889,56,254,254,100,2,1,0,0,0,0,0,0,0,0,0,0,0,0,0,0,0,0,0,0,0,100,0,0,0,0,0,0,0,0,0,0,0,0,0,0,0,0,0,0,0,0,100
306026,2867,965,88,43,9999,0,0,906,0,0,0,4193,3798,0,0,63,2,2,4,1382,545,2000,1,0,4,72,72,43279,15344,456,1393,653,67,1760,2,41,6,0,2,0,0,10,0,0,0,0,0,1680,1760,1680,1760,4128,2208,7911,883,0,0,0,0,100,35,51,46,48,35,35,34,0,0,72,0,0,0,0,0,0,13642,1128,946,0,889,56,254,254,100,5,1,0,0,0,0,0,0,0,0,0,0,0,0,0,0,0,0,0,0,0,100,0,0,0,0,0,0,0,0,0,0,0,0,0,0,0,0,0,0,0,0,100
307026,2867,965,88,43,9999,0,0,528,0,0,0,4193,2213,0,0,63,2,2,4,1382,545,2000,1,0,4,71,72,53121,15684,486,1528,385,67,1281,0,4,4,0,2,0,0,10,0,0,0,0,0,1680,1760,1680,1760,4128,2208,9724,899,0,0,0,0,100,36,53,50,50,36,35,33,0,0,74,0,0,0,0,0,0,13642,1128,946,0,889,56,254,254,100,3,1,0,0,0,0,0,0,0,0,0,0,0,0,0,0,0,0,0,0,0,100,0,0,0,0,0,0,0,0,0,0,0,0,0,0,0,0,0,0,0,0,100
308026,2867,965,88,43,9999,0,0,681,0,0,0,4193,2855,0,0,63,2,2,4,1382,545,2000,1,0,4,71,72,51693,15368,337,1077,321,72,1406,0,47,8,0,2,0,0,10,0,0,0,0,0,1680,1760,1680,1760,4128,2208,10621,864,0,0,0,0,100,32,48,45,46,32,31,28,0,0,86,0,0,0,0,0,0,13642,1128,946,0,889,56,254,254,100,7,1,0,0,0,0,0,0,0,0,0,0,0,0,0,0,0,0,0,0,0,100,0,0,0,0,0,0,0,0,0,0,0,0,0,0,0,0,0,0,0,0,100
309027,2867,965,88,43,9999,0,0,868,0,0,0,4179,3627,0,0,63,2,2,4,1382,545,2000,1,0,4,70,72,65046,15250,369,920,316,152,1400,0,40,2,0,2,0,0,10,0,0,0,0,0,1680,1760,1680,1760,4128,2208,13411,868,0,0,0,0,100,32,43,38,42,27,32,30,0,0,90,0,0,0,0,0,0,13642,1128,946,0,889,56,254,254,100,1,1,0,0,0,0,0,0,0,0,0,0,0,0,0,0,0,0,0,0,0,100,0,0,0,0,0,0,0,0,0,0,0,0,0,0,0,0,0,0,0,0,100
310027,2867,965,88,43,9999,0,0,505,0,0,0,4179,2110,0,0,63,2,2,4,1382,545,2000,1,0,4,69,72,56807,15301,345,1242,318,152,1398,0,33,7,0,2,0,0,10,0,0,0,0,0,1680,1760,1680,1760,4128,2208,9402,879,0,0,0,0,100,32,49,45,45,32,31,31,0,0,82,0,0,0,0,0,0,13642,1128,946,0,889,56,254,254,100,5,1,0,0,0,0,0,0,0,0,0,0,0,0,0,0,0,0,0,0,0,100,0,0,0,0,0,0,0,0,0,0,0,0,0,0,0,0,0,0,0,0,100
311027,2867,965,88,43,9999,0,0,630,0,0,0,4179,2632,0,0,63,2,2,4,1382,545,2000,1,0,4,72,72,43806,15205,353,1307,349,67,1192,0,4,6,0,2,0,0,10,0,0,0,0,0,1680,1760,1680,1760,4128,2208,10801,930,0,0,0,0,100,36,47,44,41,34,35,36,0,0,75,0,0,0,0,0,0,13642,1128,946,0,889,56,254,254,100,5,1,0,0,0,0,0,0,0,0,0,0,0,0,0,0,0,0,0,0,0,100,0,0,0,0,0,0,0,0,0,0,0,0,0,0,0,0,0,0,0,0,100
312027,2867,965,88,43,9999,0,0,753,0,0,0,4179,3146,0,0,63,2,2,4,1382,545,2000,1,0,4,71,72,47258,15021,275,1191,317,73,1462,0,3,3,0,2,0,0,10,0,0,0,0,0,1680,1760,1680,1760,4128,2208,8092,904,0,0,0,0,100,35,50,43,50,35,35,33,0,0,72,0,0,0,0,0,0,13642,1128,946,0,889,56,254,254,100,2,1,0,0,0,0,0,0,0,0,0,0,0,0,0,0,0,0,0,0,0,100,0,0,0,0,0,0,0,0,0,0,0,0,0,0,0,0,0,0,0,0,100
313028,2867,965,88,43,9999,0,0,531,0,0,0,4179,2219,0,0,63,2,2,4,1382,545,2000,1,0,4,71,72,48100,15375,353,1468,580,67,1888,1,45,8,0,2,0,0,10,0,0,0,0,0,1680,1760,1680,1760,4128,2208,10154,862,0,0,0,0,100,34,51,48,47,33,34,34,0,0,79,0,0,0,0,0,0,13642,1128,946,0,889,56,254,254,100,7,1,0,0,0,0,0,0,0,0,0,0,0,0,0,0,0,0,0,0,0,100,0,0,0,0,0,0,0,0,0,0,0,0,0,0,0,0,0,0,0,0,100
314027,2867,965,88,43,9999,0,0,585,0,0,0,4179,2444,0,0,63,2,2,4,1382,545,2000,1,0,4,71,72,50280,15456,316,1397,299,166,1234,0,0,2,0,2,0,0,10,0,0,0,0,0,1680,1760,1680,1760,4128,2208,10047,878,0,0,0,0,100,38,48,43,43,36,38,32,0,0,78,0,0,0,0,0,0,13642,1128,946,0,889,56,254,254,100,1,1,0,0,0,0,0,0,0,0,0,0,0,0,0,0,0,0,0,0,0,100,0,0,0,0,0,0,0,0,0,0,0,0,0,0,0,0,0,0,0,0,100
315028,2867,965,88,43,9999,0,0,677,0,0,0,4179,2829,0,0,63,2,2,4,1382,545,2000,1,0,4,70,72,55047,15380,349,1266,350,69,1361,0,38,10,0,2,0,0,10,0,0,0,0,0,1680,1760,1680,1760,4128,2208,12732,868,0,0,0,0,100,36,50,45,44,35,36,31,0,0,83,0,0,0,0,0,0,13642,1128,946,0,889,56,254,254,100,5,1,0,0,0,0,0,0,0,0,0,0,0,0,0,0,0,0,0,0,0,100,0,0,0,0,0,0,0,0,0,0,0,0,0,0,0,0,0,0,0,0,100
316027,2867,965,88,43,9999,0,0,696,0,0,0,4179,2908,0,0,63,2,2,4,1382,545,2000,1,0,4,71,72,47493,15283,328,1140,281,83,1529,0,2,6,0,2,0,0,10,0,0,0,0,0,1680,1760,1680,1760,4128,2208,11418,870,0,0,0,0,100,33,50,44,45,31,33,30,0,0,82,0,0,0,0,0,0,13642,1128,946,0,889,56,254,254,100,5,1,0,0,0,0,0,0,0,0,0,0,0,0,0,0,0,0,0,0,0,100,0,0,0,0,0,0,0,0,0,0,0,0,0,0,0,0,0,0,0,0,100
317027,2867,965,88,43,9999,0,0,575,0,0,0,4179,2402,0,0,63,2,2,4,1382,545,2000,1,0,4,70,72,47955,15171,316,1081,285,66,1322,0,0,5,0,2,0,0,10,0,0,0,0,0,1680,1760,1680,1760,4128,2208,9644,875,0,0,0,0,100,34,46,39,44,32,34,32,0,0,80,0,0,0,0,0,0,13642,1128,946,0,889,56,254,254,100,4,1,0,0,0,0,0,0,0,0,0,0,0,0,0,0,0,0,0,0,0,100,0,0,0,0,0,0,0,0,0,0,0,0,0,0,0,0,0,0,0,0,100
318028,2867,965,88,43,9999,0,0,478,0,0,0,4179,1997,0,0,63,2,2,4,1382,545,2000,1,0,4,72,72,44109,15152,334,1208,296,68,1232,0,2,5,0,2,0,0,10,0,0,0,0,0,1680,1760,1680,1760,4128,2208,8292,897,0,0,0,0,100,38,51,44,47,38,35,32,0,0,73,0,0,0,0,0,0,13642,1128,946,0,889,56,254,254,100,5,1,0,0,0,0,0,0,0,0,0,0,0,0,0,0,0,0,0,0,0,100,0,0,0,0,0,0,0,0,0,0,0,0,0,0,0,0,0,0,0,0,100
319054,2868,962,88,43,9999,0,0,407,0,0,0,4188,1704,0,0,63,2,2,3,1382,545,2000,1,0,4,72,72,44836,15075,323,1076,318,166,1185,0,0,3,0,2,0,0,10,0,0,0,0,0,1680,1760,1680,1760,4128,2208,8538,968,0,0,0,0,100,35,44,41,44,35,35,35,0,0,73,0,0,0,0,0,0,13659,1125,943,0,890,53,254,254,100,2,1,0,0,0,0,0,0,0,0,0,0,0,0,0,0,0,0,0,0,0,100,0,0,0,0,0,0,0,0,0,0,0,0,0,0,0,0,0,0,0,0,100
320028,2868,962,88,43,9999,0,0,295,0,0,0,4188,1235,0,0,63,2,2,2,1382,545,2000,1,0,4,72,72,48336,15075,323,1076,318,166,1185,0,0,3,0,2,0,0,10,0,0,0,0,0,1680,1760,1680,1760,4128,2208,9465,982,0,0,0,0,100,35,44,45,49,35,34,34,0,0,74,0,0,0,0,0,0,13659,1125,943,0,890,53,254,254,100,2,1,0,0,0,0,0,0,0,0,0,0,0,0,0,0,0,0,0,0,0,100,0,0,0,0,0,0,0,0,0,0,0,0,0,0,0,0,0,0,0,0,100
321028,2868,962,88,43,9999,0,0,202,0,0,0,4188,845,0,0,63,2,2,2,1382,456,2000,1,0,4,72,72,43841,15136,352,1232,361,67,1396,0,22,9,0,2,0,0,10,0,0,0,0,0,1680,1760,1680,1760,4128,2208,8213,1002,0,0,0,0,100,36,52,46,50,35,36,30,0,0,70,0,0,0,0,0,0,13659,1125,943,0,890,53,254,254,100,5,1,0,0,0,0,0,0,0,0,0,0,0,0,0,0,0,0,0,0,0,100,0,0,0,0,0,0,0,0,0,0,0,0,0,0,0,0,0,0,0,0,100
322028,2868,962,88,43,9999,0,0,697,0,0,0,4188,2919,0,0,63,2,2,3,1382,456,2000,1,0,4,71,72,52053,15448,360,1442,387,67,1655,0,10,6,0,2,0,0,10,0,0,0,0,0,1680,1760,1680,1760,4128,2208,9328,960,0,0,0,0,100,34,46,48,48,34,32,32,0,0,71,0,0,0,0,0,0,13659,1125,943,0,890,53,254,254,100,5,1,0,0,0,0,0,0,0,0,0,0,0,0,0,0,0,0,0,0,0,100,0,0,0,0,0,0,0,0,0,0,0,0,0,0,0,0,0,0,0,0,100
323028,2868,962,88,43,9999,0,0,828,0,0,0,4188,3467,0,0,63,2,2,4,1382,456,2000,1,0,4,71,72,46239,15482,297,1487,369,68,1199,0,32,4,0,2,0,0,10,0,0,0,0,0,1680,1760,1680,1760,4128,2208,10072,890,0,0,0,0,100,34,53,52,52,33,34,34,0,0,79,0,0,0,0,0,0,13659,1125,943,0,890,53,254,254,100,4,1,0,0,0,0,0,0,0,0,0,0,0,0,0,0,0,0,0,0,0,100,0,0,0,0,0,0,0,0,0,0,0,0,0,0,0,0,0,0,0,0,100
324028,2868,962,88,43,9999,0,0,480,0,0,0,4188,2010,0,0,63,2,2,4,1382,456,2000,1,0,4,71,72,48873,15310,364,1150,342,68,1249,0,2,6,0,2,0,0,10,0,0,0,0,0,1680,1760,1680,1760,4128,2208,8549,936,0,0,0,0,100,37,50,46,48,37,35,33,0,0,77,0,0,0,0,0,0,13659,1125,943,0,890,53,254,254,100,5,1,0,0,0,0,0,0,0,0,0,0,0,0,0,0,0,0,0,0,0,100,0,0,0,0,0,0,0,0,0,0,0,0,0,0,0,0,0,0,0,0,100
325028,2868,962,88,43,9999,0,0,543,0,0,0,4188,2274,0,0,63,2,2,4,1382,456,2000,1,0,4,72,72,49424,15261,348,1095,314,154,1251,0,0,6,0,2,0,0,10,0,0,0,0,0,1680,1760,1680,1760,4128,2208,10013,885,0,0,0,0,100,36,47,47,48,36,34,33,0,0,81,0,0,0,0,0,0,13659,1125,943,0,890,53,254,254,100,6,1,0,0,0,0,0,0,0,0,0,0,0,0,0,0,0,0,0,0,0,100,0,0,0,0,0,0,0,0,0,0,0,0,0,0,0,0,0,0,0,0,100
326028,2868,962,88,43,9999,0,0,486,0,0,0,4188,2035,0,0,63,2,2,3,1382,456,2000,1,0,4,70,72,46484,15137,338,1040,364,70,1288,0,17,9,0,2,0,0,10,0,0,0,0,0,1680,1760,1680,1760,4128,2208,8049,922,0,0,0,0,100,35,49,48,48,33,35,31,0,0,74,0,0,0,0,0,0,13659,1125,943,0,890,53,254,254,100,5,1,0,0,0,0,0,0,0,0,0,0,0,0,0,0,0,0,0,0,0,100,0,0,0,0,0,0,0,0,0,0,0,0,0,0,0,0,0,0,0,0,100
327029,2868,962,88,43,9999,0,0,544,0,0,0,4188,2278,0,0,63,2,2,4,1382,456,2000,1,0,4,71,72,49502,15097,333,1193,318,68,1330,0,5,7,0,2,0,0,10,0,0,0,0,0,1680,1760,1680,1760,4128,2208,10187,871,0,0,0,0,100,34,50,44,51,33,34,34,0,0,77,0,0,0,0,0,0,13659,1125,943,0,890,53,254,254,100,5,1,0,0,0,0,0,0,0,0,0,0,0,0,0,0,0,0,0,0,0,100,0,0,0,0,0,0,0,0,0,0,0,0,0,0,0,0,0,0,0,0,100
328028,2868,962,88,43,9999,0,0,485,0,0,0,4188,2031,0,0,63,2,2,4,1382,456,2000,1,0,4,72,72,44595,15282,627,1323,420,66,1571,0,20,4,0,2,0,0,10,0,0,0,0,0,1680,1760,1680,1760,4128,2208,9941,884,0,0,0,0,100,36,50,44,47,35,36,32,0,0,76,0,0,0,0,0,0,13659,1125,943,0,890,53,254,254,100,4,1,0,0,0,0,0,0,0,0,0,0,0,0,0,0,0,0,0,0,0,100,0,0,0,0,0,0,0,0,0,0,0,0,0,0,0,0,0,0,0,0,100
329029,2868,962,88,43,9999,0,0,621,0,0,0,4164,2585,0,0,63,2,2,4,1382,456,2000,1,0,4,72,72,46321,15400,366,1445,330,80,1309,0,2,5,0,2,0,0,10,0,0,0,0,0,1680,1760,1680,1760,4128,2208,10068,867,0,0,0,0,100,35,49,46,47,35,31,29,0,0,79,0,0,0,0,0,0,13659,1125,943,0,890,53,254,254,100,5,1,0,0,0,0,0,0,0,0,0,0,0,0,0,0,0,0,0,0,0,100,0,0,0,0,0,0,0,0,0,0,0,0,0,0,0,0,0,0,0,0,100
330028,2868,962,88,43,9999,0,0,472,0,0,0,4164,1965,0,0,63,2,2,4,1382,456,2000,1,0,4,72,72,45912,15175,342,1051,288,166,1220,0,0,4,0,2,0,0,10,0,0,0,0,0,1680,1760,1680,1760,4128,2208,9265,881,0,0,0,0,100,37,49,44,49,36,36,37,0,0,76,0,0,0,0,0,0,13659,1125,943,0,890,53,254,254,100,4,1,0,0,0,0,0,0,0,0,0,0,0,0,0,0,0,0,0,0,0,100,0,0,0,0,0,0,0,0,0,0,0,0,0,0,0,0,0,0,0,0,100
331028,2868,962,88,43,9999,0,0,880,0,0,0,4164,3664,0,0,63,2,2,4,1382,545,2000,1,0,4,71,72,44706,15226,596,1112,312,73,1305,0,1,7,0,2,0,0,10,0,0,0,0,0,1680,1760,1680,1760,4128,2208,11065,876,0,0,0,0,100,36,52,44,50,34,36,32,0,0,79,0,0,0,0,0,0,13659,1125,943,0,890,53,254,254,100,5,1,0,0,0,0,0,0,0,0,0,0,0,0,0,0,0,0,0,0,0,100,0,0,0,0,0,0,0,0,0,0,0,0,0,0,0,0,0,0,0,0,100
332028,2868,962,88,43,9999,0,0,744,0,0,0,4164,3098,0,0,63,2,2,4,1382,545,2000,1,0,4,72,72,58301,15154,334,888,271,166,1315,0,0,7,0,2,0,0,10,0,0,0,0,0,1680,1760,1680,1760,4128,2208,11234,880,0,0,0,0,100,32,50,43,46,32,32,31,0,0,85,0,0,0,0,0,0,13659,1125,943,0,890,53,254,254,100,5,1,0,0,0,0,0,0,0,0,0,0,0,0,0,0,0,0,0,0,0,100,0,0,0,0,0,0,0,0,0,0,0,0,0,0,0,0,0,0,0,0,100
333029,2868,962,88,43,9999,0,0,298,0,0,0,4164,1240,0,0,63,2,2,4,1382,545,2000,1,0,4,70,72,54687,15223,331,1096,369,68,1530,0,63,2,0,2,0,0,10,0,0,0,0,0,1680,1760,1680,1760,4128,2208,10828,881,0,0,0,0,100,35,55,52,55,33,35,33,0,0,80,0,0,0,0,0,0,13659,1125,943,0,890,53,254,254,100,1,1,0,0,0,0,0,0,0,0,0,0,0,0,0,0,0,0,0,0,0,100,0,0,0,0,0,0,0,0,0,0,0,0,0,0,0,0,0,0,0,0,100
334029,2868,962,88,43,9999,0,0,537,0,0,0,4164,2236,0,0,63,2,2,4,1382,545,2000,1,0,4,71,72,46406,15307,314,1230,337,67,1265,0,18,5,0,2,0,0,10,0,0,0,0,0,1680,1760,1680,1760,4128,2208,7520,883,0,0,0,0,100,34,50,46,52,32,34,30,0,0,72,0,0,0,0,0,0,13659,1125,943,0,890,53,254,254,100,5,1,0,0,0,0,0,0,0,0,0,0,0,0,0,0,0,0,0,0,0,100,0,0,0,0,0,0,0,0,0,0,0,0,0,0,0,0,0,0,0,0,100
335029,2868,962,88,43,9999,0,0,519,0,0,0,4164,2161,0,0,63,2,2,3,1382,545,2000,1,0,4,73,72,45517,15213,296,1244,396,73,1037,0,0,4,0,2,0,0,10,0,0,0,0,0,1680,1760,1680,1760,4128,2208,8975,936,0,0,0,0,100,34,55,56,54,31,31,34,0,0,73,0,0,0,0,0,0,13659,1125,943,0,890,53,254,254,100,4,1,0,0,0,0,0,0,0,0,0,0,0,0,0,0,0,0,0,0,0,100,0,0,0,0,0,0,0,0,0,0,0,0,0,0,0,0,0,0,0,0,100
336029,2868,962,88,43,9999,0,0,564,0,0,0,4164,2348,0,0,63,2,2,3,1382,545,2000,1,0,4,70,72,47251,15108,363,1209,354,70,1313,0,21,5,0,2,0,0,10,0,0,0,0,0,1680,1760,1680,1760,4128,2208,8967,960,0,0,0,0,100,35,51,50,54,35,34,33,0,0,74,0,0,0,0,0,0,13659,1125,943,0,890,53,254,254,100,5,1,0,0,0,0,0,0,0,0,0,0,0,0,0,0,0,0,0,0,0,100,0,0,0,0,0,0,0,0,0,0,0,0,0,0,0,0,0,0,0,0,100
337030,2868,962,88,43,9999,0,0,773,0,0,0,4164,3218,0,0,63,2,2,4,1382,545,2000,1,0,4,70,72,49308,15143,316,1084,301,82,1239,0,1,7,0,2,0,0,10,0,0,0,0,0,1680,1760,1680,1760,4128,2208,8955,904,0,0,0,0,100,36,50,48,50,36,36,31,0,0,71,0,0,0,0,0,0,13659,1125,943,0,890,53,254,254,100,4,1,0,0,0,0,0,0,0,0,0,0,0,0,0,0,0,0,0,0,0,100,0,0,0,0,0,0,0,0,0,0,0,0,0,0,0,0,0,0,0,0,100
338029,2868,962,88,43,9999,0,0,802,0,0,0,4164,3339,0,0,63,2,2,4,1382,545,2000,1,0,4,73,72,42725,15283,344,1367,348,68,1380,0,24,6,0,2,0,0,10,0,0,0,0,0,1680,1760,1680,1760,4128,2208,8971,917,0,0,0,0,100,36,49,47,48,33,34,36,0,0,75,0,0,0,0,0,0,13659,1125,943,0,890,53,254,254,100,5,1,0,0,0,0,0,0,0,0,0,0,0,0,0,0,0,0,0,0,0,100,0,0,0,0,0,0,0,0,0,0,0,0,0,0,0,0,0,0,0,0,100
339054,2861,962,88,43,9999,0,0,676,0,0,0,4170,2818,0,0,63,2,2,4,1382,545,2000,1,0,4,71,72,50132,15119,315,1170,407,67,1247,0,10,6,0,2,0,0,10,0,0,0,0,0,1680,1760,1680,1760,4128,2208,9487,870,0,0,0,0,100,33,47,44,48,33,32,32,0,0,75,0,0,0,0,0,0,13659,1126,943,0,890,53,254,254,100,5,1,0,0,0,0,0,0,0,0,0,0,0,0,0,0,0,0,0,0,0,100,0,0,0,0,0,0,0,0,0,0,0,0,0,0,0,0,0,0,0,0,100
340029,2861,962,88,43,9999,0,0,694,0,0,0,4170,2893,0,0,63,2,2,4,1382,545,2000,1,0,4,71,72,46372,15098,317,1083,342,67,1105,0,16,3,0,2,0,0,10,0,0,0,0,0,1680,1760,1680,1760,4128,2208,10217,874,0,0,0,0,100,35,47,43,47,35,33,32,0,0,81,0,0,0,0,0,0,13659,1126,943,0,890,53,254,254,100,2,1,0,0,0,0,0,0,0,0,0,0,0,0,0,0,0,0,0,0,0,100,0,0,0,0,0,0,0,0,0,0,0,0,0,0,0,0,0,0,0,0,100
341029,2861,962,88,43,9999,0,0,945,0,0,0,4170,3940,0,0,63,2,2,4,1382,545,2000,1,0,4,71,72,50667,15131,327,982,347,67,1450,0,13,6,0,2,0,0,10,0,0,0,0,0,1680,1760,1680,1760,4128,2208,11014,873,0,0,0,0,100,34,49,42,49,33,34,30,0,0,83,0,0,0,0,0,0,13659,1126,943,0,890,53,254,254,100,5,1,0,0,0,0,0,0,0,0,0,0,0,0,0,0,0,0,0,0,0,100,0,0,0,0,0,0,0,0,0,0,0,0,0,0,0,0,0,0,0,0,100
342029,2861,962,88,43,9999,0,0,844,0,0,0,4170,3519,0,0,63,2,2,4,1382,545,2000,1,0,4,69,72,56055,15333,310,908,310,69,1372,0,3,6,0,2,0,0,10,0,0,0,0,0,1680,1760,1680,1760,4128,2208,12999,872,0,0,0,0,100,33,56,55,58,33,32,32,0,0,90,0,0,0,0,0,0,13659,1126,943,0,890,53,254,254,100,5,1,0,0,0,0,0,0,0,0,0,0,0,0,0,0,0,0,0,0,0,100,0,0,0,0,0,0,0,0,0,0,0,0,0,0,0,0,0,0,0,0,100
343030,2861,962,88,43,9999,0,0,668,0,0,0,4170,2785,0,0,63,2,2,4,1382,545,2000,1,0,4,69,72,52104,15381,372,919,333,69,1554,0,39,15,0,2,0,0,10,0,0,0,0,0,1680,1760,1680,1760,4128,2208,11950,881,0,0,0,0,100,28,48,46,51,25,28,26,0,0,92,0,0,0,0,0,0,13659,1126,943,0,890,53,254,254,100,8,1,0,0,0,0,0,0,0,0,0,0,0,0,0,0,0,0,0,0,0,100,0,0,0,0,0,0,0,0,0,0,0,0,0,0,0,0,0,0,0,0,100
344030,2861,962,88,43,9999,0,0,705,0,0,0,4170,2939,0,0,63,2,2,4,1382,545,2000,1,0,4,71,72,59919,15345,345,968,299,71,1528,0,12,8,0,2,0,0,10,0,0,0,0,0,1680,1760,1680,1760,4128,2208,12248,873,0,0,0,0,100,30,48,46,48,30,29,28,0,0,90,0,0,0,0,0,0,13659,1126,943,0,890,53,254,254,100,5,1,0,0,0,0,0,0,0,0,0,0,0,0,0,0,0,0,0,0,0,100,0,0,0,0,0,0,0,0,0,0,0,0,0,0,0,0,0,0,0,0,100
345029,2861,962,88,43,9999,0,0,896,0,0,0,4170,3736,0,0,63,2,2,4,1382,545,2000,1,0,4,69,72,58283,15456,349,1252,336,73,1333,0,70,0,0,2,0,0,10,0,0,0,0,0,1680,1760,1680,1760,4128,2208,13194,887,0,0,0,0,100,31,52,44,49,30,31,24,0,0,93,0,0,0,0,0,0,13659,1126,943,0,890,53,254,254,100,0,0,0,0,0,0,0,0,0,0,0,0,0,0,0,0,0,0,0,0,0,100,0,0,0,0,0,0,0,0,0,0,0,0,0,0,0,0,0,0,0,0,100
346030,2861,962,88,43,9999,0,0,986,0,0,0,4170,4111,0,0,63,2,2,4,1382,545,2000,1,0,4,73,72,64648,15352,360,1048,365,67,1498,0,31,8,0,2,0,0,10,0,0,0,0,0,1680,1760,1680,1760,4128,2208,10114,887,0,0,0,0,100,28,46,45,48,26,28,25,0,0,90,0,0,0,0,0,0,13659,1126,943,0,890,53,254,254,100,8,1,0,0,0,0,0,0,0,0,0,0,0,0,0,0,0,0,0,0,0,100,0,0,0,0,0,0,0,0,0,0,0,0,0,0,0,0,0,0,0,0,100
347029,2861,962,88,43,9999,0,0,1150,0,0,0,4170,4795,0,0,63,2,2,4,1382,545,2000,1,0,4,69,72,55974,15401,320,1386,386,68,1365,0,61,0,0,2,0,0,10,0,0,0,0,0,1680,1760,1680,1760,4128,2208,11238,882,0,0,0,0,100,31,49,43,48,31,26,26,0,0,89,0,0,0,0,0,0,13659,1126,943,0,890,53,254,254,100,0,0,0,0,0,0,0,0,0,0,0,0,0,0,0,0,0,0,0,0,0,100,0,0,0,0,0,0,0,0,0,0,0,0,0,0,0,0,0,0,0,0,100
348030,2861,962,88,43,9999,0,0,954,0,0,0,4170,3978,0,0,63,2,2,4,1382,545,2000,1,0,4,73,72,553,15322,511,1061,295,75,1385,0,50,7,0,2,0,0,10,0,0,0,0,0,1680,1760,1680,1760,4128,2208,11007,872,0,0,0,0,100,29,49,47,47,29,29,26,0,0,88,0,0,0,0,0,0,13659,1126,943,0,890,53,254,254,100,5,1,0,0,0,0,0,0,0,0,0,0,0,0,0,0,0,0,0,0,0,100,0,0,0,0,0,0,0,0,0,0,0,0,0,0,0,0,0,0,0,0,100
349030,2861,962,88,43,9999,0,0,748,0,0,0,4183,3128,0,0,63,2,2,4,1382,545,2000,1,0,4,69,72,58335,15319,302,1293,435,67,1548,0,55,6,0,2,0,0,10,0,0,0,0,0,1680,1760,1680,1760,4128,2208,10324,883,0,0,0,0,100,28,51,46,48,25,28,27,0,0,84,0,0,0,0,0,0,13659,1126,943,0,890,53,254,254,100,5,1,0,0,0,0,0,0,0,0,0,0,0,0,0,0,0,0,0,0,0,100,0,0,0,0,0,0,0,0,0,0,0,0,0,0,0,0,0,0,0,0,100
350030,2861,962,88,43,9999,0,0,525,0,0,0,4181,2195,0,0,63,2,2,4,1382,545,2000,1,0,4,71,72,46473,15256,350,1265,367,67,1177,0,41,5,0,2,0,0,10,0,0,0,0,0,1680,1760,1680,1760,4128,2208,8483,900,0,0,0,0,100,29,50,50,50,29,28,28,0,0,79,0,0,0,0,0,0,13659,1126,943,0,890,53,254,254,100,3,1,0,0,0,0,0,0,0,0,0,0,0,0,0,0,0,0,0,0,0,100,0,0,0,0,0,0,0,0,0,0,0,0,0,0,0,0,0,0,0,0,100
351030,2861,962,88,43,9999,0,0,493,0,0,0,4181,2061,0,0,63,2,2,4,1382,545,2000,1,0,4,71,72,45298,15199,336,1153,307,71,1516,0,1,5,0,2,0,0,10,0,0,0,0,0,1680,1760,1680,1760,4128,2208,8352,926,0,0,0,0,100,32,48,48,47,28,32,31,0,0,74,0,0,0,0,0,0,13659,1126,943,0,890,53,254,254,100,5,1,0,0,0,0,0,0,0,0,0,0,0,0,0,0,0,0,0,0,0,100,0,0,0,0,0,0,0,0,0,0,0,0,0,0,0,0,0,0,0,0,100
352030,2861,962,88,43,9999,0,0,538,0,0,0,4181,2249,0,0,63,2,2,3,1382,545,2000,1,0,4,73,72,42202,15333,323,1481,398,67,1518,0,0,3,0,2,0,0,10,0,0,0,0,0,1680,1760,1680,1760,4128,2208,7541,963,0,0,0,0,100,32,51,51,51,30,32,31,0,0,67,0,0,0,0,0,0,13659,1126,943,0,890,53,254,254,100,2,1,0,0,0,0,0,0,0,0,0,0,0,0,0,0,0,0,0,0,0,100,0,0,0,0,0,0,0,0,0,0,0,0,0,0,0,0,0,0,0,0,100
353030,2861,962,88,43,9999,0,0,544,0,0,0,4181,2274,0,0,63,2,2,2,1382,545,2000,1,0,4,72,72,42373,15383,360,1530,400,68,1547,0,0,4,0,2,0,0,10,0,0,0,0,0,1680,1760,1680,1760,4128,2208,6293,994,0,0,0,0,100,32,50,45,48,28,32,30,0,0,63,0,0,0,0,0,0,13659,1126,943,0,890,53,254,254,100,3,1,0,0,0,0,0,0,0,0,0,0,0,0,0,0,0,0,0,0,0,100,0,0,0,0,0,0,0,0,0,0,0,0,0,0,0,0,0,0,0,0,100
354030,2861,962,88,43,9999,0,0,421,0,0,0,4181,1760,0,0,63,2,2,2,1382,545,2000,1,0,4,73,72,42206,15325,336,1505,340,67,879,0,0,5,0,2,0,0,10,0,0,0,0,0,1680,1760,1680,1760,4128,2208,7318,995,0,0,0,0,100,33,52,50,49,33,32,33,0,0,62,0,0,0,0,0,0,13659,1126,943,0,890,53,254,254,100,3,1,0,0,0,0,0,0,0,0,0,0,0,0,0,0,0,0,0,0,0,100,0,0,0,0,0,0,0,0,0,0,0,0,0,0,0,0,0,0,0,0,100
355030,2861,962,88,43,9999,0,0,481,0,0,0,4181,2011,0,0,63,2,2,2,1382,545,2000,1,0,4,73,72,41532,15441,335,1446,477,72,1701,1,0,2,0,2,0,0,10,0,0,0,0,0,1680,1760,1680,1760,4128,2208,7614,1005,0,0,0,0,100,33,53,52,56,33,31,28,0,0,63,0,0,0,0,0,0,13659,1126,943,0,890,53,254,254,100,1,1,0,0,0,0,0,0,0,0,0,0,0,0,0,0,0,0,0,0,0,100,0,0,0,0,0,0,0,0,0,0,0,0,0,0,0,0,0,0,0,0,100
356030,2861,962,88,43,9999,0,0,522,0,0,0,4181,2182,0,0,63,2,2,2,1382,545,2000,1,0,4,72,72,48462,15533,391,1669,402,67,1881,0,16,5,0,2,0,0,10,0,0,0,0,0,1680,1760,1680,1760,4128,2208,8249,974,0,0,0,0,100,28,48,49,46,28,28,25,0,0,65,0,0,0,0,0,0,13659,1126,943,0,890,53,254,254,100,5,1,0,0,0,0,0,0,0,0,0,0,0,0,0,0,0,0,0,0,0,100,0,0,0,0,0,0,0,0,0,0,0,0,0,0,0,0,0,0,0,0,100
357031,2861,962,88,43,9999,0,0,776,0,0,0,4181,3244,0,0,63,2,2,4,1382,545,2000,1,0,4,72,72,50599,15856,314,1753,560,69,1189,0,5,3,0,2,0,0,10,0,0,0,0,0,1680,1760,1680,1760,4128,2208,7967,877,0,0,0,0,100,31,48,48,45,29,31,25,0,0,70,0,0,0,0,0,0,13659,1126,943,0,890,53,254,254,100,2,1,0,0,0,0,0,0,0,0,0,0,0,0,0,0,0,0,0,0,0,100,0,0,0,0,0,0,0,0,0,0,0,0,0,0,0,0,0,0,0,0,100
358030,2861,962,88,43,9999,0,0,713,0,0,0,4181,2981,0,0,63,2,2,3,1382,545,2000,1,0,4,71,72,45011,15806,387,2026,557,66,2184,1,47,7,0,2,0,0,10,0,0,0,0,0,1680,1760,1680,1760,4128,2208,8602,941,0,0,0,0,100,32,47,50,46,32,31,31,0,0,70,0,0,0,0,0,0,13659,1126,943,0,890,53,254,254,100,5,1,0,0,0,0,0,0,0,0,0,0,0,0,0,0,0,0,0,0,0,100,0,0,0,0,0,0,0,0,0,0,0,0,0,0,0,0,0,0,0,0,100
359057,2856,962,88,43,9999,0,0,571,0,0,0,4176,2384,0,0,63,2,2,4,1382,545,2000,1,0,4,69,72,53374,15484,292,1565,371,72,1821,0,0,6,0,2,0,0,10,0,0,0,0,0,1680,1760,1680,1760,4128,2208,8096,925,0,0,0,0,100,48,61,57,59,48,43,43,0,0,72,0,0,0,0,0,0,13659,1126,943,0,890,53,254,254,100,2,1,0,0,0,0,0,0,0,0,0,0,0,0,0,0,0,0,0,0,0,100,0,0,0,0,0,0,0,0,0,0,0,0,0,0,0,0,0,0,0,0,100
360031,2856,962,88,43,9999,0,0,490,0,0,0,4176,2046,0,0,63,2,3,3,1382,545,2000,1,0,4,73,72,42106,15638,324,1894,305,67,1200,0,45,6,0,2,0,0,10,0,0,0,0,0,1680,1760,1680,1760,4128,2208,8262,942,0,0,0,0,100,44,59,59,59,44,39,39,0,0,71,0,0,0,0,0,0,13659,1126,943,0,890,53,254,254,100,5,1,0,0,0,0,0,0,0,0,0,0,0,0,0,0,0,0,0,0,0,100,0,0,0,0,0,0,0,0,0,0,0,0,0,0,0,0,0,0,0,0,100
361031,2856,962,88,43,9999,0,0,752,0,0,0,4176,3140,0,0,63,2,2,4,1382,492,2000,1,0,4,70,72,49830,15273,299,1566,392,67,1516,0,6,6,0,2,0,0,10,0,0,0,0,0,1680,1760,1680,1760,4128,2208,10825,977,0,0,0,0,100,27,48,50,49,27,27,27,0,0,71,0,0,0,0,0,0,13659,1126,943,0,890,53,254,254,100,5,1,0,0,0,0,0,0,0,0,0,0,0,0,0,0,0,0,0,0,0,100,0,0,0,0,0,0,0,0,0,0,0,0,0,0,0,0,0,0,0,0,100
362031,2856,962,88,43,9999,0,0,653,0,0,0,4176,2726,0,0,63,2,2,4,1382,492,2000,1,0,4,71,72,43739,15093,270,1236,350,68,1003,0,17,6,0,2,0,0,10,0,0,0,0,0,1680,1760,1680,1760,4128,2208,7406,877,0,0,0,0,100,31,53,51,51,29,31,28,0,0,69,0,0,0,0,0,0,13659,1126,943,0,890,53,254,254,100,6,1,0,0,0,0,0,0,0,0,0,0,0,0,0,0,0,0,0,0,0,100,0,0,0,0,0,0,0,0,0,0,0,0,0,0,0,0,0,0,0,0,100
363031,2856,962,88,43,9999,0,0,661,0,0,0,4176,2760,0,0,63,2,2,4,1382,492,2000,1,0,4,72,72,43736,14997,294,1127,295,69,1284,0,3,4,0,2,0,0,10,0,0,0,0,0,1680,1760,1680,1760,4128,2208,9094,905,0,0,0,0,100,29,51,50,46,29,29,27,0,0,73,0,0,0,0,0,0,13659,1126,943,0,890,53,254,254,100,3,1,0,0,0,0,0,0,0,0,0,0,0,0,0,0,0,0,0,0,0,100,0,0,0,0,0,0,0,0,0,0,0,0,0,0,0,0,0,0,0,0,100
364031,2856,962,88,43,9999,0,0,661,0,0,0,4176,2760,0,0,63,2,2,4,1382,492,2000,1,0,4,71,72,50624,15043,294,1097,323,167,1573,1,0,4,0,2,0,0,10,0,0,0,0,0,1680,1760,1680,1760,4128,2208,11368,882,0,0,0,0,100,28,46,46,43,28,27,28,0,0,81,0,0,0,0,0,0,13659,1126,943,0,890,53,254,254,100,2,1,0,0,0,0,0,0,0,0,0,0,0,0,0,0,0,0,0,0,0,100,0,0,0,0,0,0,0,0,0,0,0,0,0,0,0,0,0,0,0,0,100
365031,2856,962,88,43,9999,0,0,647,0,0,0,4176,2701,0,0,63,2,2,4,1382,492,2000,1,0,4,72,72,45568,15366,334,1245,344,69,1562,0,15,9,0,2,0,0,10,0,0,0,0,0,1680,1760,1680,1760,4128,2208,10036,870,0,0,0,0,100,30,49,45,49,27,29,30,0,0,82,0,0,0,0,0,0,13659,1126,943,0,890,53,254,254,100,5,1,0,0,0,0,0,0,0,0,0,0,0,0,0,0,0,0,0,0,0,100,0,0,0,0,0,0,0,0,0,0,0,0,0,0,0,0,0,0,0,0,100
366031,2856,962,88,43,9999,0,0,676,0,0,0,4176,2822,0,0,63,2,2,4,1382,492,2000,1,0,4,70,72,55039,15142,345,1033,304,147,1331,0,16,6,0,2,0,0,10,0,0,0,0,0,1680,1760,1680,1760,4128,2208,10145,870,0,0,0,0,100,28,45,48,45,27,27,28,0,0,82,0,0,0,0,0,0,13659,1126,943,0,890,53,254,254,100,5,1,0,0,0,0,0,0,0,0,0,0,0,0,0,0,0,0,0,0,0,100,0,0,0,0,0,0,0,0,0,0,0,0,0,0,0,0,0,0,0,0,100
367031,2856,962,88,43,9999,0,0,874,0,0,0,4159,3634,0,0,63,2,2,4,1382,492,2000,1,0,4,70,72,55039,15266,358,1140,327,70,1399,0,25,6,0,2,0,0,10,0,0,0,0,0,1680,1760,1680,1760,4128,2208,14126,884,0,0,0,0,100,26,48,47,45,25,26,26,0,0,89,0,0,0,0,0,0,13659,1126,943,0,890,53,254,254,100,5,1,0,0,0,0,0,0,0,0,0,0,0,0,0,0,0,0,0,0,0,100,0,0,0,0,0,0,0,0,0,0,0,0,0,0,0,0,0,0,0,0,100
368031,2856,962,88,43,9999,0,0,639,0,0,0,4159,2657,0,0,63,2,2,4,1382,492,2000,1,0,4,70,72,51432,15447,638,1044,358,78,1638,0,38,9,0,2,0,0,10,0,0,0,0,0,1680,1760,1680,1760,4128,2208,11769,877,0,0,0,0,100,28,52,47,48,27,28,27,0,0,91,0,0,0,0,0,0,13659,1126,943,0,890,53,254,254,100,8,1,0,0,0,0,0,0,0,0,0,0,0,0,0,0,0,0,0,0,0,100,0,0,0,0,0,0,0,0,0,0,0,0,0,0,0,0,0,0,0,0,100
369031,2856,962,88,43,9999,0,0,308,0,0,0,4186,1289,0,0,63,2,2,4,1382,492,2000,1,0,4,70,72,57490,15345,324,1109,319,68,1408,0,4,5,0,2,0,0,10,0,0,0,0,0,1680,1760,1680,1760,4128,2208,11417,879,0,0,0,0,100,27,50,51,48,27,27,27,0,0,88,0,0,0,0,0,0,13659,1126,943,0,890,53,254,254,100,5,1,0,0,0,0,0,0,0,0,0,0,0,0,0,0,0,0,0,0,0,100,0,0,0,0,0,0,0,0,0,0,0,0,0,0,0,0,0,0,0,0,100
370032,2856,962,88,43,9999,0,0,576,0,0,0,4186,2411,0,0,63,2,2,4,1382,492,2000,1,0,4,70,72,55668,15299,605,1220,355,68,1254,0,39,11,0,2,0,0,10,0,0,0,0,0,1680,1760,1680,1760,4128,2208,10824,883,0,0,0,0,100,27,48,50,48,27,27,24,0,0,87,0,0,0,0,0,0,13659,1126,943,0,890,53,254,254,100,5,1,0,0,0,0,0,0,0,0,0,0,0,0,0,0,0,0,0,0,0,100,0,0,0,0,0,0,0,0,0,0,0,0,0,0,0,0,0,0,0,0,100
371031,2856,962,88,43,9999,0,0,537,0,0,0,4186,2247,0,0,63,2,2,4,1382,545,2000,1,0,4,70,72,51086,15338,345,1092,327,67,1506,0,13,7,0,2,0,0,10,0,0,0,0,0,1680,1760,1680,1760,4128,2208,11142,883,0,0,0,0,100,29,48,51,50,28,28,29,0,0,86,0,0,0,0,0,0,13659,1126,943,0,890,53,254,254,100,5,1,0,0,0,0,0,0,0,0,0,0,0,0,0,0,0,0,0,0,0,100,0,0,0,0,0,0,0,0,0,0,0,0,0,0,0,0,0,0,0,0,100
372032,2856,962,88,43,9999,0,0,566,0,0,0,4186,2369,0,0,63,2,2,4,1382,545,2000,1,0,4,69,72,56057,15270,363,1065,304,73,1247,0,31,4,0,2,0,0,10,0,0,0,0,0,1680,1760,1680,1760,4128,2208,10796,885,0,0,0,0,100,32,50,50,48,32,29,30,0,0,85,0,0,0,0,0,0,13659,1126,943,0,890,53,254,254,100,4,1,0,0,0,0,0,0,0,0,0,0,0,0,0,0,0,0,0,0,0,100,0,0,0,0,0,0,0,0,0,0,0,0,0,0,0,0,0,0,0,0,100
373032,2856,962,88,43,9999,0,0,478,0,0,0,4186,2000,0,0,63,2,2,4,1382,545,2000,1,0,4,70,72,47476,15156,343,1009,333,67,1219,0,24,6,0,2,0,0,10,0,0,0,0,0,1680,1760,1680,1760,4128,2208,11010,897,0,0,0,0,100,30,54,55,52,28,30,28,0,0,83,0,0,0,0,0,0,13659,1126,943,0,890,53,254,254,100,5,1,0,0,0,0,0,0,0,0,0,0,0,0,0,0,0,0,0,0,0,100,0,0,0,0,0,0,0,0,0,0,0,0,0,0,0,0,0,0,0,0,100
374032,2856,962,88,43,9999,0,0,646,0,0,0,4186,2704,0,0,63,2,2,4,1382,545,2000,1,0,4,72,72,54782,15153,312,938,284,72,1217,0,7,3,0,2,0,0,10,0,0,0,0,0,1680,1760,1680,1760,4128,2208,10663,899,0,0,0,0,100,29,47,47,45,26,25,29,0,0,86,0,0,0,0,0,0,13659,1126,943,0,890,53,254,254,100,2,1,0,0,0,0,0,0,0,0,0,0,0,0,0,0,0,0,0,0,0,100,0,0,0,0,0,0,0,0,0,0,0,0,0,0,0,0,0,0,0,0,100
375032,2856,962,88,43,9999,0,0,795,0,0,0,4186,3327,0,0,63,2,2,4,1382,545,2000,1,0,4,72,72,49545,15279,325,1058,375,70,1391,0,17,8,0,2,0,0,10,0,0,0,0,0,1680,1760,1680,1760,4128,2208,10061,879,0,0,0,0,100,28,46,53,48,28,28,25,0,0,84,0,0,0,0,0,0,13659,1126,943,0,890,53,254,254,100,5,1,0,0,0,0,0,0,0,0,0,0,0,0,0,0,0,0,0,0,0,100,0,0,0,0,0,0,0,0,0,0,0,0,0,0,0,0,0,0,0,0,100
376032,2856,962,88,43,9999,0,0,659,0,0,0,4186,2758,0,0,63,2,2,4,1382,545,2000,1,0,4,69,72,50020,15176,331,992,260,71,1238,0,2,7,0,2,0,0,10,0,0,0,0,0,1680,1760,1680,1760,4128,2208,10271,882,0,0,0,0,100,28,46,53,48,28,28,25,0,0,84,0,0,0,0,0,0,13659,1126,943,0,890,53,254,254,100,5,1,0,0,0,0,0,0,0,0,0,0,0,0,0,0,0,0,0,0,0,100,0,0,0,0,0,0,0,0,0,0,0,0,0,0,0,0,0,0,0,0,100
377032,2856,962,88,43,9999,0,0,640,0,0,0,4186,2679,0,0,63,2,2,4,1382,545,2000,1,0,4,71,72,54305,15392,370,1255,395,68,1470,0,34,7,0,2,0,0,10,0,0,0,0,0,1680,1760,1680,1760,4128,2208,10239,887,0,0,0,0,100,31,52,53,51,30,31,27,0,0,82,0,0,0,0,0,0,13659,1126,943,0,890,53,254,254,100,5,1,0,0,0,0,0,0,0,0,0,0,0,0,0,0,0,0,0,0,0,100,0,0,0,0,0,0,0,0,0,0,0,0,0,0,0,0,0,0,0,0,100
378032,2856,962,88,43,9999,0,0,654,0,0,0,4186,2737,0,0,63,2,2,4,1382,545,2000,1,0,4,71,72,47096,15292,306,1063,360,70,1208,0,11,6,0,2,0,0,10,0,0,0,0,0,1680,1760,1680,1760,4128,2208,10982,898,0,0,0,0,100,31,52,53,51,30,31,27,0,0,80,0,0,0,0,0,0,13659,1126,943,0,890,53,254,254,100,5,1,0,0,0,0,0,0,0,0,0,0,0,0,0,0,0,0,0,0,0,100,0,0,0,0,0,0,0,0,0,0,0,0,0,0,0,0,0,0,0,0,100
379056,2864,960,88,43,9999,0,0,1009,0,0,0,4175,4212,0,0,63,2,2,4,1382,545,2000,1,0,4,70,72,51572,15276,314,1062,392,68,1328,0,18,6,0,2,0,0,10,0,0,0,0,0,1680,1760,1680,1760,4128,2208,12043,889,0,0,0,0,100,31,49,50,49,31,28,28,0,0,85,0,0,0,0,0,0,13659,1124,940,0,887,53,254,254,100,6,1,0,0,0,0,0,0,0,0,0,0,0,0,0,0,0,0,0,0,0,100,0,0,0,0,0,0,0,0,0,0,0,0,0,0,0,0,0,0,0,0,100
380032,2864,960,88,43,9999,0,0,668,0,0,0,4175,2788,0,0,63,2,2,4,1382,545,2000,1,0,4,72,72,50684,15223,329,1159,384,67,1445,0,37,6,0,2,0,0,10,0,0,0,0,0,1680,1760,1680,1760,4128,2208,11107,878,0,0,0,0,100,28,49,50,48,28,28,28,0,0,83,0,0,0,0,0,0,13659,1124,940,0,887,53,254,254,100,5,1,0,0,0,0,0,0,0,0,0,0,0,0,0,0,0,0,0,0,0,100,0,0,0,0,0,0,0,0,0,0,0,0,0,0,0,0,0,0,0,0,100
381032,2864,960,88,43,9999,0,0,855,0,0,0,4175,3569,0,0,63,2,2,4,1382,545,2000,1,0,4,71,72,56895,15282,322,1175,317,66,1358,0,17,0,0,2,0,0,10,0,0,0,0,0,1680,1760,1680,1760,4128,2208,10769,881,0,0,0,0,100,30,53,49,47,29,30,28,0,0,86,0,0,0,0,0,0,13659,1124,940,0,887,53,254,254,100,0,0,0,0,0,0,0,0,0,0,0,0,0,0,0,0,0,0,0,0,0,100,0,0,0,0,0,0,0,0,0,0,0,0,0,0,0,0,0,0,0,0,100
382033,2864,960,88,43,9999,0,0,534,0,0,0,4175,2229,0,0,63,2,2,4,1382,545,2000,1,0,4,71,72,50983,15336,352,1061,341,80,1580,0,10,12,0,2,0,0,10,0,0,0,0,0,1680,1760,1680,1760,4128,2208,10014,885,0,0,0,0,100,28,46,48,45,28,26,28,0,0,85,0,0,0,0,0,0,13659,1124,940,0,887,53,254,254,100,6,1,0,0,0,0,0,0,0,0,0,0,0,0,0,0,0,0,0,0,0,100,0,0,0,0,0,0,0,0,0,0,0,0,0,0,0,0,0,0,0,0,100
383033,2864,960,88,43,9999,0,0,809,0,0,0,4175,3377,0,0,63,2,2,4,1382,545,2000,1,0,4,71,72,47490,15362,340,1062,339,68,1253,0,1,6,0,2,0,0,10,0,0,0,0,0,1680,1760,1680,1760,4128,2208,10993,884,0,0,0,0,100,28,46,46,47,27,28,27,0,0,87,0,0,0,0,0,0,13659,1124,940,0,887,53,254,254,100,5,1,0,0,0,0,0,0,0,0,0,0,0,0,0,0,0,0,0,0,0,100,0,0,0,0,0,0,0,0,0,0,0,0,0,0,0,0,0,0,0,0,100
384034,2864,960,88,43,9999,0,0,677,0,0,0,4175,2826,0,0,63,2,2,4,1382,545,2000,1,0,4,70,72,54484,15278,339,932,312,69,1414,0,23,6,0,2,0,0,10,0,0,0,0,0,1680,1760,1680,1760,4128,2208,12334,881,0,0,0,0,100,29,44,47,43,24,29,28,0,0,90,0,0,0,0,0,0,13659,1124,940,0,887,53,254,254,100,5,1,0,0,0,0,0,0,0,0,0,0,0,0,0,0,0,0,0,0,0,100,0,0,0,0,0,0,0,0,0,0,0,0,0,0,0,0,0,0,0,0,100
385033,2864,960,88,43,9999,0,0,567,0,0,0,4175,2367,0,0,63,2,2,4,1382,545,2000,1,0,4,70,72,49052,15249,329,1131,374,68,1407,0,18,6,0,2,0,0,10,0,0,0,0,0,1680,1760,1680,1760,4128,2208,10589,887,0,0,0,0,100,29,50,50,45,29,27,27,0,0,84,0,0,0,0,0,0,13659,1124,940,0,887,53,254,254,100,5,1,0,0,0,0,0,0,0,0,0,0,0,0,0,0,0,0,0,0,0,100,0,0,0,0,0,0,0,0,0,0,0,0,0,0,0,0,0,0,0,0,100
386033,2864,960,88,43,9999,0,0,641,0,0,0,4175,2676,0,0,63,2,2,4,1382,545,2000,1,0,4,72,72,49636,15239,343,1121,336,162,1146,0,0,3,0,2,0,0,10,0,0,0,0,0,1680,1760,1680,1760,4128,2208,8957,886,0,0,0,0,100,29,49,53,49,29,27,27,0,0,78,0,0,0,0,0,0,13659,1124,940,0,887,53,254,254,100,2,1,0,0,0,0,0,0,0,0,0,0,0,0,0,0,0,0,0,0,0,100,0,0,0,0,0,0,0,0,0,0,0,0,0,0,0,0,0,0,0,0,100
387033,2864,960,88,43,9999,0,0,655,0,0,0,4175,2734,0,0,63,2,2,4,1382,545,2000,1,0,4,72,72,45173,15200,329,1117,354,68,1524,0,1,9,0,2,0,0,10,0,0,0,0,0,1680,1760,1680,1760,4128,2208,9337,898,0,0,0,0,100,32,46,45,45,29,32,25,0,0,77,0,0,0,0,0,0,13659,1124,940,0,887,53,254,254,100,4,1,0,0,0,0,0,0,0,0,0,0,0,0,0,0,0,0,0,0,0,100,0,0,0,0,0,0,0,0,0,0,0,0,0,0,0,0,0,0,0,0,100
388033,2864,960,88,43,9999,0,0,761,0,0,0,4175,3177,0,0,63,2,2,4,1382,545,2000,1,0,4,73,72,44097,15271,545,1027,393,69,1386,0,12,6,0,2,0,0,10,0,0,0,0,0,1680,1760,1680,1760,4128,2208,10023,885,0,0,0,0,100,32,44,51,46,31,32,26,0,0,81,0,0,0,0,0,0,13659,1124,940,0,887,53,254,254,100,5,1,0,0,0,0,0,0,0,0,0,0,0,0,0,0,0,0,0,0,0,100,0,0,0,0,0,0,0,0,0,0,0,0,0,0,0,0,0,0,0,0,100
389034,2864,960,88,43,9999,0,0,828,0,0,0,4162,3446,0,0,63,2,2,4,1382,545,2000,1,0,4,70,72,55878,15259,312,1065,361,68,1284,0,23,5,0,2,0,0,10,0,0,0,0,0,1680,1760,1680,1760,4128,2208,11196,895,0,0,0,0,100,29,47,45,46,29,29,28,0,0,83,0,0,0,0,0,0,13659,1124,940,0,887,53,254,254,100,3,1,0,0,0,0,0,0,0,0,0,0,0,0,0,0,0,0,0,0,0,100,0,0,0,0,0,0,0,0,0,0,0,0,0,0,0,0,0,0,0,0,100
390033,2864,960,88,43,9999,0,0,748,0,0,0,4162,3113,0,0,63,2,2,4,1382,545,2000,1,0,4,71,72,48639,15269,339,1132,454,68,1576,0,33,7,0,2,0,0,10,0,0,0,0,0,1680,1760,1680,1760,4128,2208,10609,901,0,0,0,0,100,30,48,49,50,29,30,23,0,0,83,0,0,0,0,0,0,13659,1124,940,0,887,53,254,254,100,5,1,0,0,0,0,0,0,0,0,0,0,0,0,0,0,0,0,0,0,0,100,0,0,0,0,0,0,0,0,0,0,0,0,0,0,0,0,0,0,0,0,100
391033,2864,960,88,43,9999,0,0,750,0,0,0,4162,3121,0,0,63,2,2,4,1382,545,2000,1,0,4,71,72,53908,15601,353,1338,278,157,1632,0,0,3,0,2,0,0,10,0,0,0,0,0,1680,1760,1680,1760,4128,2208,12423,891,0,0,0,0,100,33,48,48,51,30,33,29,0,0,83,0,0,0,0,0,0,13659,1124,940,0,887,53,254,254,100,2,1,0,0,0,0,0,0,0,0,0,0,0,0,0,0,0,0,0,0,0,100,0,0,0,0,0,0,0,0,0,0,0,0,0,0,0,0,0,0,0,0,100
392033,2864,960,88,43,9999,0,0,551,0,0,0,4162,2293,0,0,63,2,2,4,1382,545,2000,1,0,4,71,72,54541,15382,338,1325,357,74,1323,0,37,11,0,2,0,0,10,0,0,0,0,0,1680,1760,1680,1760,4128,2208,10068,884,0,0,0,0,100,27,43,49,49,25,26,27,0,0,84,0,0,0,0,0,0,13659,1124,940,0,887,53,254,254,100,5,1,0,0,0,0,0,0,0,0,0,0,0,0,0,0,0,0,0,0,0,100,0,0,0,0,0,0,0,0,0,0,0,0,0,0,0,0,0,0,0,0,100
393033,2864,960,88,43,9999,0,0,658,0,0,0,4162,2738,0,0,63,2,2,4,1382,545,2000,1,0,4,71,72,48285,15269,367,1115,298,67,1353,0,5,6,0,2,0,0,10,0,0,0,0,0,1680,1760,1680,1760,4128,2208,9507,894,0,0,0,0,100,30,48,50,45,30,28,27,0,0,79,0,0,0,0,0,0,13659,1124,940,0,887,53,254,254,100,5,1,0,0,0,0,0,0,0,0,0,0,0,0,0,0,0,0,0,0,0,100,0,0,0,0,0,0,0,0,0,0,0,0,0,0,0,0,0,0,0,0,100
394034,2864,960,88,43,9999,0,0,529,0,0,0,4162,2201,0,0,63,2,2,4,1382,545,2000,1,0,4,71,72,49994,15300,336,1199,383,68,1396,0,23,3,0,2,0,0,10,0,0,0,0,0,1680,1760,1680,1760,4128,2208,10721,888,0,0,0,0,100,30,43,46,45,29,30,29,0,0,81,0,0,0,0,0,0,13659,1124,940,0,887,53,254,254,100,2,1,0,0,0,0,0,0,0,0,0,0,0,0,0,0,0,0,0,0,0,100,0,0,0,0,0,0,0,0,0,0,0,0,0,0,0,0,0,0,0,0,100
395035,2864,960,88,43,9999,0,0,758,0,0,0,4162,3154,0,0,63,2,2,4,1382,545,2000,1,0,4,71,72,45814,15222,342,1006,375,69,1275,0,13,6,0,2,0,0,10,0,0,0,0,0,1680,1760,1680,1760,4128,2208,10611,857,0,0,0,0,100,28,46,46,47,27,28,27,0,0,85,0,0,0,0,0,0,13659,1124,940,0,887,53,254,254,100,5,1,0,0,0,0,0,0,0,0,0,0,0,0,0,0,0,0,0,0,0,100,0,0,0,0,0,0,0,0,0,0,0,0,0,0,0,0,0,0,0,0,100
396035,2864,960,88,43,9999,0,0,712,0,0,0,4162,2963,0,0,63,2,2,4,1382,545,2000,1,0,4,70,72,55269,15413,342,1089,339,69,1629,0,15,8,0,2,0,0,10,0,0,0,0,0,1680,1760,1680,1760,4128,2208,11901,846,0,0,0,0,100,29,46,48,45,24,25,29,0,0,88,0,0,0,0,0,0,13659,1124,940,0,887,53,254,254,100,7,1,0,0,0,0,0,0,0,0,0,0,0,0,0,0,0,0,0,0,0,100,0,0,0,0,0,0,0,0,0,0,0,0,0,0,0,0,0,0,0,0,100
397034,2864,960,88,43,9999,0,0,594,0,0,0,4162,2472,0,0,63,2,2,4,1382,545,2000,1,0,4,70,72,54062,15321,326,1078,394,67,1514,0,48,9,0,2,0,0,10,0,0,0,0,0,1680,1760,1680,1760,4128,2208,9963,841,0,0,0,0,100,31,46,44,44,31,29,29,0,0,86,0,0,0,0,0,0,13659,1124,940,0,887,53,254,254,100,8,1,0,0,0,0,0,0,0,0,0,0,0,0,0,0,0,0,0,0,0,100,0,0,0,0,0,0,0,0,0,0,0,0,0,0,0,0,0,0,0,0,100
398034,2864,960,88,43,9999,0,0,700,0,0,0,4162,2913,0,0,63,2,2,4,1382,545,2000,1,0,4,71,72,52194,15236,306,1251,292,167,1268,0,0,5,0,2,0,0,10,0,0,0,0,0,1680,1760,1680,1760,4128,2208,10960,846,0,0,0,0,100,31,44,47,44,26,31,27,0,0,84,0,0,0,0,0,0,13659,1124,940,0,887,53,254,254,100,0,1,0,0,0,0,0,0,0,0,0,0,0,0,0,0,0,0,0,0,0,100,0,0,0,0,0,0,0,0,0,0,0,0,0,0,0,0,0,0,0,0,100
399055,2865,960,88,43,9999,0,0,547,0,0,0,4172,2282,0,0,63,2,2,4,1382,545,2000,1,0,4,71,72,48029,15169,296,1065,348,70,1422,0,2,7,0,2,0,0,10,0,0,0,0,0,1680,1760,1680,1760,4128,2208,10550,849,0,0,0,0,100,30,43,46,49,29,29,30,0,0,84,0,0,0,0,0,0,13659,1124,940,0,887,53,254,254,100,6,1,0,0,0,0,0,0,0,0,0,0,0,0,0,0,0,0,0,0,0,100,0,0,0,0,0,0,0,0,0,0,0,0,0,0,0,0,0,0,0,0,100
400034,2865,960,88,43,9999,0,0,1084,0,0,0,4172,4522,0,0,63,2,3,4,1382,545,2000,1,0,4,72,72,46569,15272,333,1126,288,69,1249,0,3,6,0,2,0,0,10,0,0,0,0,0,1680,1760,1680,1760,4128,2208,9901,859,0,0,0,0,100,28,44,44,43,23,28,27,0,0,80,0,0,0,0,0,0,13659,1124,940,0,887,53,254,254,100,5,1,0,0,0,0,0,0,0,0,0,0,0,0,0,0,0,0,0,0,0,100,0,0,0,0,0,0,0,0,0,0,0,0,0,0,0,0,0,0,0,0,100
401034,2865,960,88,43,9999,0,0,603,0,0,0,4172,2515,0,0,63,2,2,4,1651,545,2000,1,0,4,71,72,47760,15271,343,1087,321,156,1121,0,0,4,0,2,0,0,10,0,0,0,0,0,1680,1760,1680,1760,4128,2208,9698,854,0,0,0,0,100,60,68,68,71,60,56,56,0,0,80,0,0,0,0,0,0,13659,1124,940,0,887,53,254,254,100,4,1,0,0,0,0,0,0,0,0,0,0,0,0,0,0,0,0,0,0,0,100,0,0,0,0,0,0,0,0,0,0,0,0,0,0,0,0,0,0,0,0,100
402034,2865,960,88,43,9999,0,0,455,0,0,0,4172,1898,0,0,63,2,2,4,1651,545,2000,1,0,4,72,72,45981,15066,308,1014,292,68,1119,0,0,5,0,2,0,0,10,0,0,0,0,0,1680,1760,1680,1760,4128,2208,11288,860,0,0,0,0,100,42,51,51,53,42,37,37,0,0,80,0,0,0,0,0,0,13659,1124,940,0,887,53,254,254,100,5,1,0,0,0,0,0,0,0,0,0,0,0,0,0,0,0,0,0,0,0,100,0,0,0,0,0,0,0,0,0,0,0,0,0,0,0,0,0,0,0,0,100
403034,2865,960,88,43,9999,0,0,643,0,0,0,4172,2682,0,0,63,2,2,4,1651,545,2000,1,0,4,72,72,45049,15213,357,1162,356,165,1330,0,0,4,0,2,0,0,10,0,0,0,0,0,1680,1760,1680,1760,4128,2208,10663,870,0,0,0,0,100,29,51,52,52,26,29,27,0,0,80,0,0,0,0,0,0,13659,1124,940,0,887,53,254,254,100,4,1,0,0,0,0,0,0,0,0,0,0,0,0,0,0,0,0,0,0,0,100,0,0,0,0,0,0,0,0,0,0,0,0,0,0,0,0,0,0,0,0,100
404034,2865,960,88,43,9999,0,0,934,0,0,0,4172,3896,0,0,63,2,4,4,1651,545,2000,1,0,4,70,72,49779,15286,298,1351,445,69,1704,1,19,10,0,2,0,0,10,0,0,0,0,0,1680,1760,1680,1760,4128,2208,10009,860,0,0,0,0,100,56,63,63,64,56,46,44,0,0,80,0,0,0,0,0,0,13659,1124,940,0,887,53,254,254,100,5,1,0,0,0,0,0,0,0,0,0,0,0,0,0,0,0,0,0,0,0,100,0,0,0,0,0,0,0,0,0,0,0,0,0,0,0,0,0,0,0,0,100
405037,2865,960,88,43,9999,0,0,789,0,0,0,4172,3291,0,0,63,2,3,4,1651,545,2000,1,0,4,73,72,45126,15600,575,1525,653,69,1648,2,7,6,0,4,0,0,10,0,0,0,0,0,1680,1760,1680,1760,4128,2208,9824,1192,0,0,0,0,100,62,79,78,78,62,53,56,0,0,81,0,0,0,0,0,0,13659,1124,940,0,887,53,254,254,100,5,1,0,0,0,0,0,0,0,0,0,0,0,0,0,0,0,0,0,0,0,100,0,0,0,0,0,0,0,0,0,0,0,0,0,0,0,0,0,0,0,0,100